booking_id,flight_id,booking_date,status,seat_number,passenger_id_hash,passport_number_masked,emergency_contact_name_masked,emergency_contact_phone_masked
B1000,AI192,2025-06-14 11:37:36.951,CANCELLED,3D,977c3154ed97450c76e731cfa64c1b4071ddd7001d11e16f6425026abd815d64,P1******,I***********,+9************
B1001,6F026,2025-11-02 11:37:36.951,CANCELLED,18A,604c9afd067fac61e2daa8a506a2030f2d8c48a0c123a8b1750c198b0cf829c3,L3******,A*********,+9************
B1002,SJ010,2025-08-25 11:37:36.951,CANCELLED,30C,906ea2a505d51fd41a2b2f02d9dfc962d3831101cd8232792ccfed55ec6303da,G8******,U**********,+9************
B1003,AI069,2025-12-30 11:37:36.951,CONFIRMED,33A,253e3decf26bba87ebad66473c9ad56664e004ace4b3cf396b23d9b89fb2d722,M0******,H***********,+9************
B1004,UK003,2025-10-02 11:37:36.951,PENDING,25C,f4133d1257c4df22d1f3160f167fa0b82a2d16ffc2fa6076b0dd622aa9284cbf,N5******,P**********,+9************
B1005,AI048,2025-08-31 11:37:36.951,CONFIRMED,13D,ccaeb9c55d66d7925b9b4b257d89a2f3e2fcc223df68dd4a43a8b85509590cf3,B0******,A***************,+9************
B1006,AI140,2025-06-29 11:37:36.951,CANCELLED,17F,a4df934159e17c6f77ef8d393588441f9c9abcf50194d863ddfde514c1ba87be,W9******,T*********,+9************
B1007,UK167,2026-03-12 11:37:36.951,CONFIRMED,22E,2fbfa19e0834526a73f088118e54ac518f7fdbe8b02a8d6e2fbbac494cf0e908,C3******,Y************,+9************
B1008,AI245,2025-09-07 11:37:36.951,PENDING,34F,fe8378226aea284fc0bde70c404202521495e2831d1809e19eed560393f944f3,J9******,R***********,+9************
B1009,SJ158,2025-04-28 11:37:36.951,CANCELLED,33C,671275e88f80ab6612b251a834bc7c2c958d795dd8d53e18ca9e1e16136f7771,Y3******,T*********,+9************
B1010,AI155,2025-11-24 11:37:36.951,CONFIRMED,15B,4b6c0c8b02b248b3832fafda3719d14a7c12256e352e612069e6a9d139c72f0d,N0******,A************,+9************
B1011,AI179,2025-10-25 11:37:36.951,CONFIRMED,22C,6f2e7545bf6891bce54a08268e1cd0f112e247db566b7e31baf6851c5c4738c6,E1******,N*************,+9************
B1012,AI137,2025-08-15 11:37:36.951,PENDING,28B,c7d426d2210ced26b6729b9feacd755a815a5fdb9ef6ff68620fbe61f34c9dd9,F9******,H**********,+9************
B1013,SJ001,2025-07-20 11:37:36.951,CONFIRMED,26E,cef0e879f29d08edf4d347ea410c96d240548f74a599ba7f77bad47fb561d753,A5******,N************,+9************
B1014,SJ172,2025-09-15 11:37:36.951,PENDING,21E,493f03c091f1bb5b6181ee7ab114c66faeda7d62a9ca480f33d547d492e5b590,P3******,G***************,+9************
B1015,UK094,2025-10-21 11:37:36.951,Unknown,6F,4ff00403397e83e71b7bac58d46092c1f4c0558542749ae813ddab899eacdeb3,D1******,G*********,+9************
B1016,UK027,2026-01-13 11:37:36.951,CANCELLED,6A,fb80277747aac668145bc47a70b7ee1c7a652955c60fd434859603bc2bb0f212,A7******,G************,+9************
B1017,UK067,2026-04-04 11:37:36.951,CONFIRMED,13B,2a70a1e3d06827e26ea66f3dd26bdf35011631c2ff7ec0f502e86ac82152fcd0,L1******,H**************,+9************
B1018,6F196,2026-03-25 11:37:36.951,CANCELLED,19B,b096a49f0236663227b9349e270cc5f2ad32d485d93865e0d4cb2488c769f768,T1******,C***********,+9************
B1019,6F164,2025-07-31 11:37:36.951,CANCELLED,19A,051179b157321a62ad4c619eb42654918b3783c788cfba6aa7fd34b1c715c5f7,Y4******,J*****************,+9************
B1020,SJ112,2025-12-06 11:37:36.951,CONFIRMED,27B,bf52b129e3eaf405810ca84e9b5879fbe3dfd274912e85dd7d400b405aa7b6c2,F7******,F***********,+9************
B1021,6F190,2025-12-07 11:37:36.951,CANCELLED,4E,39d17754fbe940620f6b6afe39299cd09366b97c2b5a0806dcc0fc0318a63051,L3******,J***********,+9************
B1022,AI080,2026-03-25 11:37:36.951,CONFIRMED,16F,08cb2d3a1162156fae3f8de8547a4392bc4947f04eba00d88607c9bff433f76a,D7******,E**********,+9************
B1023,6F213,2026-02-03 11:37:36.951,PENDING,24B,7fb7ffdbd85a3ce3777e234c2a13df6ecd93b7417cd5370936f89514d8f28124,P1******,V**********,+9************
B1024,AI115,2025-06-21 11:37:36.951,PENDING,30F,4cdb726a24e120816f3083c011a185a0d34c978247e769e24001a6b122005f24,M1******,F*********,+9************
B1025,SJ049,2026-03-18 11:37:36.951,PENDING,1B,a500ae03c00baf216d49ec56cceecd33fca80f959f3217c46b44c80a7b84762c,L7******,H***********,+9************
B1026,AI058,2025-06-27 11:37:36.951,CONFIRMED,32C,e60442d25bc5f693c6cfc0937063c635de3a5baf3a0221977d97fdfdb824e54b,C7******,A************,+9************
B1027,UK036,2025-07-25 11:37:36.951,CONFIRMED,22A,a4f6ec112797c51296942e96182279f4a30a0c4c2fae4901468b25a8a8ccac41,F6******,J*********,+9************
B1028,SJ239,2025-05-25 11:37:36.951,CANCELLED,26E,f0316f28ef6214df53c678ecde337e63f431b074b6cbf48b8fc4df3a0b16bef7,V3******,K**********,+9************
B1029,6F025,2025-06-06 11:37:36.951,CANCELLED,19C,7f7a4a05ac7584dc445b403e3f3476be43426f7f0889117eb963af5f8bb1d4c5,B7******,S***********,+9************
B1030,6F236,2026-03-18 11:37:36.951,CANCELLED,21E,f6b417a876311203b71363b2de9b23777e0a1dae3d73d787849b48272abc719d,X1******,E*********,+9************
B1031,AI060,2025-11-16 11:37:36.951,CANCELLED,1E,7f8a4f8fcffd556d60cdd9cb6d9881c5f0952f211e879052948e285011a4da4c,J4******,Y********,+9************
B1032,UK021,2025-09-03 11:37:36.951,CANCELLED,18E,7eaf1e6c1630f0c8a2856d98642aa558e04431b37f75a59a998747e5f9e8496c,H7******,T*************,+9************
B1033,UK026,2025-05-06 11:37:36.951,Unknown,19A,afbd94f1848fd41087cc5acb8d09e72c4f5b0aad55a614d2754a32417907ca51,V4******,A************,+9************
B1034,SJ179,2025-12-31 11:37:36.951,CONFIRMED,22F,f578969533b3f6b3dab72ec2fdc7d0592f61427e461cec167f4c481805ab303e,W5******,E**********,+9************
B1035,6F251,2025-08-21 11:37:36.951,PENDING,11D,b53cd664d3caa7d3461db14d746ee0bac972b79bc4dafeabb23ab761cbc4dccb,A1******,V*********,+9************
B1036,SJ149,2025-11-24 11:37:36.951,PENDING,5B,b65304c929ac9ac90b919fca5846a082845092de07e4a41e87a5f1f26d69276c,F5******,D**********,+9************
B1037,AI188,2026-03-20 11:37:36.951,PENDING,33E,9eabf0d062f2e17b6c93dfb21197af90d5f6f152aa5aa7f9fb548382ef5da74f,H1******,A************,+9************
B1038,SJ093,2026-01-01 11:37:36.951,PENDING,12D,37b790ac45eacb4d66f50b7c5f6adfbbd850f1ef459633d46e1335583be1bff6,D7******,S**************,+9************
B1039,SJ205,2025-08-21 11:37:36.951,CONFIRMED,11E,d78d33086a6ac7092ce5210ee0bc93c09febeb9745177ccab0a40151aeb89c3b,J0******,S*********,+9************
B1040,6F099,2025-08-08 11:37:36.951,CONFIRMED,26B,9520ad3d7a70d319e14e25c5b52c6b6257fe2f5dd6bb98d388da154d09afb415,Z5******,M**************,+9************
B1041,UK176,2025-05-28 11:37:36.951,CONFIRMED,25C,ce0196be80de68aa6f4cff9ed81521ba378f6c2d294fc7981e9d8189d65e5b4c,Y7******,L*********,+9************
B1042,UK200,2025-12-02 11:37:36.951,CANCELLED,24F,841d6ff4bf515c14ff1194d854071d819eefe7528f5a4bee5df999ccd6cb44e6,B0******,L*********,+9************
B1043,6F195,2025-11-22 11:37:36.951,CANCELLED,8E,62b0b9ce01d516bf00b0225b65d7ddfab72fde5e2502e45ef408410c282ff651,A5******,A**********,+9************
B1044,6F174,2026-04-12 11:37:36.951,PENDING,16C,a5d7ccdbaa33ef6ad8ff6cdca600e6bb1ab3186089c6286d1695f87fd374721f,T8******,M************,+9************
B1045,SJ214,2026-03-19 11:37:36.951,Unknown,18C,c24146553498b11133c73b471f128c4034fbbc101da3d55d16b786b97abc6fc3,B1******,T************,+9************
B1046,UK059,2025-10-14 11:37:36.951,CONFIRMED,2C,a1807f6186c536cb15f0948b636e884457174bd4c2692684959ad17b212b2efd,V5******,Y*************,+9************
B1047,6F151,2025-12-29 11:37:36.951,PENDING,7C,1047b7c4faa338bb338b8d60b66d9ae0e7d14f1ec9f747437882f4f724a283ff,C2******,G**********,+9************
B1048,SJ236,2025-09-19 11:37:36.951,PENDING,18C,fef3551179d3071c36364f32685122bf5ea6d3a401fcc5707960d1986ef03b46,D2******,I*********,+9************
B1049,SJ153,2025-07-28 11:37:36.951,Unknown,3C,08cb2d3a1162156fae3f8de8547a4392bc4947f04eba00d88607c9bff433f76a,W9******,N*************,+9************
B1050,AI220,2026-01-15 11:37:36.951,PENDING,7D,256c5e44719e844bb763f553a8626e4a668b28e4f71e8f1944f4c2ff6d097c34,L4******,D************,+9************
B1051,6F028,2025-07-05 11:37:36.951,CANCELLED,16A,932990ec1a7797587578bdc8611fb94c98f194f57adeb99310c649a427a396c1,M6******,L************,+9************
B1052,UK209,2025-12-30 11:37:36.951,CANCELLED,33B,9c8b72e9309f1ca4a801e836ae3ee548e4fab5ba18437be41dbac15e14aa7c97,F9******,Z*********,+9************
B1053,UK216,2026-04-01 11:37:36.951,PENDING,28B,b6699f1f75b07aaa96b7f6f1ef1d6d58c2b00d2f311d23df9be2942ca0335ae7,V4******,I***********,+9************
B1054,AI132,2026-04-11 11:37:36.951,CANCELLED,19C,115f110efe2c65297179f84ceb6a5154ba53e08f2d9b5659b5417adaea4e61eb,V4******,A********,+9************
B1055,6F012,2025-10-14 11:37:36.951,CANCELLED,13F,ab9f8c049da1799973249de41a2e0981bce29c28386eb04f7746466cb4b8c085,D6******,I**********,+9************
B1056,UK173,2026-03-24 11:37:36.951,CANCELLED,15B,3fd6c6a6cc99badcd994e57f26eb48e6a13687640d02d155eaed0cece624ed0e,E9******,R************,+9************
B1057,SJ047,2025-08-20 11:37:36.951,CANCELLED,14F,0c2667ac3ad287d572e2898ace23dff926bf2ae1f6c450ede0c679b75f2572b9,C6******,S****************,+9************
B1058,SJ043,2025-12-07 11:37:36.951,PENDING,8C,2e77403b154c0332d8319f95bb2066431dbfe4a497fedd7c54a96c2a45720147,A6******,A*********,+9************
B1059,UK140,2026-01-03 11:37:36.951,CONFIRMED,23B,350e0f62c4ee94195e1183d75e282cfded48d109a4bbdd7d0142aa704d43a3c2,N8******,P**************,+9************
B1060,6F086,2025-12-30 11:37:36.951,CONFIRMED,11A,65a2662c1c42b2211936fff433a5270c57aa2d66ebcaa8a672b3d6f51cf31cfe,T4******,H***********,+9************
B1061,6F114,2026-04-05 11:37:36.951,CANCELLED,19C,eb2dfae377ce8e908f0e80b3afbdc98f2ed93b2f5a500c636a2d717fb642eb90,R8******,Y************,+9************
B1062,UK153,2025-06-12 11:37:36.951,CANCELLED,15D,b17edebc21cc08a65ee5e9d2351ba6516801c1d9148f4704db88bdc77da0c865,A7******,M**************,+9************
B1063,6F149,2025-05-19 11:37:36.951,CANCELLED,9A,2b4f9a36a08983a014ca1b0c4623c8bd01849514b4efa8ec0bfb8c38c7d44e76,J7******,N************,+9************
B1064,UK145,2025-09-14 11:37:36.951,CONFIRMED,24E,9fca29bf66969aa3fdb96b272c6b766185937f5a27ffffdc97de71a222add84d,T6******,A********,+9************
B1065,UK010,2026-03-06 11:37:36.951,CANCELLED,7B,8537c2efa30e935deb54fe09333c46fc8c4a8e94c6a0d5071c78a160d734748f,D4******,V**********,+9************
B1066,SJ003,2025-11-05 11:37:36.951,PENDING,1B,d97e64736317043581b903f37a496bddf921efd523efa3aa987e94c58f48e977,H8******,I**********,+9************
B1067,SJ160,2025-07-23 11:37:36.951,PENDING,7F,f1e921ffaf861ea372dd545d469e4e291357c01134a401015942fe6a92883e31,W6******,D**************,+9************
B1068,UK224,2025-11-22 11:37:36.951,PENDING,23A,b3b2bddc4a1da01906c583ec44330f267849113c6afe3d26e04eafb43be7bbba,P4******,D************,+9************
B1069,UK152,2025-08-02 11:37:36.951,CONFIRMED,16E,2fa8ad9bc1180c9e7016de60dbd6a76bd214ce8b72b8ae6637e164c4dfeba8e0,Y3******,F***********,+9************
B1070,SJ034,2025-09-22 11:37:36.951,CANCELLED,15D,b6699f1f75b07aaa96b7f6f1ef1d6d58c2b00d2f311d23df9be2942ca0335ae7,H6******,V************,+9************
B1071,UK215,2025-12-21 11:37:36.951,CANCELLED,15F,61d0f276b7160f04f92ce7d852f04296612a23d85e104124985a1e3f1afb6a25,R6******,J************,+9************
B1072,UK089,2025-08-10 11:37:36.951,CANCELLED,18F,383b01dfc4b4451a547935fff6c78f551e330aa833ad796209db30958a18a15d,M1******,V***************,+9************
B1073,6F180,2025-12-04 11:37:36.951,CONFIRMED,16A,9585827735f88792e9359787c8c5048f41e5c39fad2e3f57fc925ebfe01459fc,C5******,A*********,+9************
B1074,6F188,2025-09-25 11:37:36.951,CONFIRMED,7A,097d1730f877c5e910f5789d79ccbbb12c982460d0c24d0f57881d9f3578c3cd,J8******,P************,+9************
B1075,UK131,2026-01-03 11:37:36.951,CONFIRMED,2F,68817845c7bde67edec29d198d21c1460e32dcbede85fd085f7ba7a632b75af2,J0******,S*******,+9************
B1076,UK055,2025-05-04 11:37:36.951,CONFIRMED,12B,63ac4a24e48cfe89f1218e7981373d1f1de2eac52e71435d035341619ce8ab8d,X0******,M*************,+9************
B1077,UK181,2025-05-03 11:37:36.951,PENDING,3A,7ff5d504e0d5d5b53c0f96fe7923488af6e78f4e42b77a8240c3ceb9a75aad00,E4******,R***************,+9************
B1078,6F077,2025-09-21 11:37:36.951,CONFIRMED,1B,b48fae1fbcbcd5a9cf70bb89421239b93e240237c143c30daa9193cfa9486d26,Z4******,S********,+9************
B1079,SJ085,2025-06-03 11:37:36.951,CONFIRMED,10D,df5b29f2ff7bba8607f3a0e88336de8a46fdaface5e5b3177310f9a192d55512,W2******,Y******,+9************
B1080,SJ023,2025-06-05 11:37:36.951,CONFIRMED,22D,8debcd3aea9b924582f8e7731f6da70c6bc861464f1273b06eb3bf0c8e627e97,H2******,D************,+9************
B1081,SJ202,2025-11-13 11:37:36.951,CANCELLED,29C,d645a3f176a42988183d2200a102f0dd10c25011d7269c08a05d7313fb10003d,Y8******,A*********,+9************
B1082,SJ150,2025-09-09 11:37:36.951,CANCELLED,30A,d7828af53487e3e70a2326cfe122d3c6ccb1ec727038aeda38c7093ad8a9cb91,Y3******,T***********,+9************
B1083,SJ116,2025-05-12 11:37:36.951,CANCELLED,9A,2a07d49e429c2a72609ac309847b8ad89662fe1042b4aad685e80acd098888f2,E0******,E**************,+9************
B1084,6F270,2025-06-14 11:37:36.951,PENDING,16E,d27c1e98bd8f296f816b5428e2c9730dbf01a9c74b665c79ea5c8f9eb9b85e8d,H2******,V*******,+9************
B1085,UK150,2026-03-24 11:37:36.951,PENDING,12A,f82a60e2bbf27d94e8721e47f2b4b031cfbd46b5601b4b93cbc8e7ce409d28ec,V8******,A*************,+9************
B1086,SJ237,2026-02-16 11:37:36.951,CONFIRMED,5D,66ff10bdebab942a3691e4b67ccf38b283d06a7e95740612404d27f022adc272,G2******,E************,+9************
B1087,AI221,2025-05-08 11:37:36.951,CANCELLED,2F,88b590eeb171062401b7dc6f8c9cf7a208bfdfe4114377d292879157d2a2a690,L7******,W************,+9************
B1088,SJ081,2026-03-25 11:37:36.951,PENDING,31A,faaaa19b96962364ee624e5faf3049b82315b7e912f8b99b73232fe479505cd1,A1******,V**********,+9************
B1089,UK189,2025-09-03 11:37:36.951,CANCELLED,25F,3a1ef3bd6458cdd86d219afc3397bce9c7b12d5dcf92fdbba3fa61a29c57af42,W5******,K************,+9************
B1090,SJ068,2025-05-16 11:37:36.951,PENDING,31C,0f1a22c91d0f0def2cbb84dc522ed90ddfad6898003d78b0e5d4ee1c7c8ac1b6,V4******,X*************,+9************
B1091,6F043,2025-08-18 11:37:36.951,PENDING,25D,a58c687e9ba1fd6992e0c8487ce8a80ec79ef86339a3fbef968c0fc235aa9dd3,C2******,N*************,+9************
B1092,UK187,2026-03-18 11:37:36.951,CONFIRMED,16D,d0cc71254d0d0f29502c4dae62dacdd6712a8b1a3d7c76cd815c0b67e7cb65c3,P7******,G******************,+9************
B1093,UK074,2025-05-11 11:37:36.951,CONFIRMED,25E,a5a552c1a898df14931a32a03de945a5846a4ebb3638c149f05dbd20f97313f4,L1******,R*************,+9************
B1094,UK004,2026-01-07 11:37:36.951,PENDING,24C,2d8aa20384aacb9b04827e3c5ebead3d12aecba76827f609ebb69a373619ee49,P2******,P**********,+9************
B1095,6F194,2025-07-30 11:37:36.951,CONFIRMED,14B,e60442d25bc5f693c6cfc0937063c635de3a5baf3a0221977d97fdfdb824e54b,X6******,U**********,+9************
B1096,UK068,2026-01-03 11:37:36.951,PENDING,12B,0fc6a280223ac3cfbf175e020aaead49d72588677e24b45170c9a9048aa64035,Y8******,G**********,+9************
B1097,6F017,2025-08-26 11:37:36.951,Unknown,34F,ae0406e331f05b6c3cc1862b5e628541a2ba43f543dafe5dcc31a1ea710368e4,J0******,N********,+9************
B1098,6F245,2025-10-15 11:37:36.951,Unknown,13D,b0319151afd041aba0c645d06c0f8abea9d2711de08340c91f4602b325080fec,Z4******,I************,+9************
B1099,6F254,2025-12-07 11:37:36.951,CONFIRMED,26E,a2e1a6df1b20d75758869362fdcd51f72b40da14a5f7f80910562c4e736e9993,Z1******,R***********,+9************
B1100,UK077,2026-03-05 11:37:36.951,CONFIRMED,16D,ddabb59a9826ea31b1ce182b4b327e1e5be2fcb5627388dbe0084a381530843a,F8******,S*********,+9************
B1101,AI029,2025-07-19 11:37:36.951,CONFIRMED,3D,c754e805cc58c13693de3d6bbaf4ca473b79a20bc39a95d391a14ba226b28c30,V6******,P************,+9************
B1102,SJ196,2025-10-06 11:37:36.951,Unknown,15F,8dc928bdd6a7a7903365d77c2b04a4497020886d70a70ea3f8a4d2574e755aee,N2******,A*********,+9************
B1103,AI242,2025-08-08 11:37:36.951,CANCELLED,20D,7ff5d504e0d5d5b53c0f96fe7923488af6e78f4e42b77a8240c3ceb9a75aad00,W2******,Z*********,+9************
B1104,AI242,2025-09-12 11:37:36.951,CANCELLED,16E,4cdb726a24e120816f3083c011a185a0d34c978247e769e24001a6b122005f24,V9******,S***************,+9************
B1105,SJ044,2025-09-11 11:37:36.951,CONFIRMED,19F,4941ef25075264b2f3ebe92301dd939fdac2784b71e89a0e36e62efe253e8fae,J5******,C******************,+9************
B1106,UK063,2025-09-01 11:37:36.951,CONFIRMED,21F,593ce4cd123b30ba32fad0c71fb333efde01434bb05f23ed38d0fc53ecb5ddaf,H3******,A****************,+9************
B1107,AI056,2025-05-19 11:37:36.951,CONFIRMED,30F,7ff5d504e0d5d5b53c0f96fe7923488af6e78f4e42b77a8240c3ceb9a75aad00,H2******,W*************,+9************
B1108,UK207,2025-10-11 11:37:36.951,CANCELLED,14B,15258cca169e4b6fac5a723b1441d132e8627640980bf983d4302cc0334534b1,B9******,N**************,+9************
B1109,UK166,2025-12-03 11:37:36.951,CANCELLED,33D,5878c05908f7ccf9727182c3c14470e84de2a2d890aa6a301ecb7dbde8b34ef3,L3******,V**********,+9************
B1110,6F261,2025-12-17 11:37:36.951,PENDING,12B,661416e3639271e2df11ef3e62d640bc2f517a6a07132f85f15c230a7a3d9cff,D7******,N***************,+9************
B1111,UK134,2025-12-25 11:37:36.951,CANCELLED,34A,dc8011c04d95da8562c51fdfb92dc4d19e6f865742bc5f706bbb420e4da47fcc,A9******,N**************,+9************
B1112,6F152,2025-10-02 11:37:36.951,PENDING,27A,79bfd5dc59b585de98a96bc123673a45df114171ea2f649f20cdb96008c54d3e,N5******,A******************,+9************
B1113,SJ089,2025-11-23 11:37:36.951,CONFIRMED,5A,7f9551c5b1ad772e43188cea0c2a7b521c53437c938aa9d0dc97c84254f0fe20,M9******,A*******,+9************
B1114,6F123,2025-09-26 11:37:36.951,CANCELLED,2E,3becf5df47bdff1dce63de3a38197a771e8c19aa38bef135b1a459eec32e1105,W4******,B**************,+9************
B1115,AI025,2025-08-23 11:37:36.951,CONFIRMED,10A,29cf2d89c3589449b2bdfaefe119244ad02151ae58570028b87fba3e1219c6bb,P3******,V**********,+9************
B1116,6F030,2025-12-05 11:37:36.951,CONFIRMED,19B,2300988a2e179648451303b5288c8a4e2de25daf44d18e59b0f864cb00f24f4e,J5******,R*************,+9************
B1117,SJ222,2025-09-02 11:37:36.951,CONFIRMED,28F,f6d76e21aea6b49de13c55f6d86f3cd1e23d2c30760b76b2896ba7bc18ee7707,B5******,T**************,+9************
B1118,UK109,2026-04-03 11:37:36.951,CONFIRMED,34B,807002ae2042fbff29e4ab3d8409ae7dd581793a94d252a8fee785cd64d8e024,D1******,D***********,+9************
B1119,SJ117,2025-11-25 11:37:36.951,CANCELLED,21F,9a57d7ee1548ab67caf8771c78d3e18274a374f4171abf9c1204676920d8051c,N9******,D************,+9************
B1120,SJ142,2025-08-12 11:37:36.951,CONFIRMED,12D,3d686e842d77285c197c6e50a56b5426bbb37bfc344fe8b5849ff21cf82dc6c7,F3******,V*************,+9************
B1121,SJ142,2025-06-01 11:37:36.951,PENDING,17C,e7c39412523d8efa559edb6f28acdd154dbe16ba18f8dab0afeea3e4ab42e006,Z7******,N*************,+9************
B1122,AI030,2025-05-02 11:37:36.951,CANCELLED,20B,c6a585d0daae307ac216d4febb8665d87f55a5e48b317045c1722955ad85e9fd,H4******,Y***********,+9************
B1123,6F097,2025-09-23 11:37:36.951,CONFIRMED,8A,42a4adc12f6a6b629595cdbc85b85f75d0fefab7332ae95ad33ed9b6b9d44402,W8******,Q************,+9************
B1124,6F129,2025-05-23 11:37:36.951,CANCELLED,5C,307ef25359a956e71b2b17949d67638d87854f2a69604f7c7fb24c7c745e0337,M7******,E**********,+9************
B1125,6F181,2026-01-15 11:37:36.951,PENDING,27E,0d1b4b4a2c0c15d93af2d65914da489e3b953c3c4619cba1b2ea1109bb9aff73,F0******,N********,+9************
B1126,AI072,2025-10-20 11:37:36.951,CONFIRMED,10E,c7ccf6a417208a4d93399733f39ed59bee1b97558dd765c7045aa071123b4d68,K8******,Y**********,+9************
B1127,SJ154,2025-06-29 11:37:36.951,PENDING,2E,0569019098c7cf5a8cc47f9221abee18721c6e392b0b09c277db7e11ed6d7e4b,N9******,F*********,+9************
B1128,AI031,2026-04-08 11:37:36.951,CONFIRMED,10D,fb8fab599298ca767005a6c1027c660a1c2d3ffd621b3543c2e094475a60f63a,Y3******,D*******,+9************
B1129,AI031,2025-09-18 11:37:36.951,PENDING,26F,fc778a3b0a051b6a7dbac813a765eb1cbedf5c6b026fedc4f1624235fa41fa83,W0******,S*************,+9************
B1130,6F158,2025-12-26 11:37:36.951,CONFIRMED,34E,cd95778e61fcb9bcde5bdebaf1a7db91c7f48d554f2f23b84bcef9a11cd46497,P0******,W************,+9************
B1131,6F184,2025-06-16 11:37:36.951,CANCELLED,1C,0e699f0e06c390e586417eb020e3a0d80b33e618c62a55599068d510c850b9e3,Y5******,M***********,+9************
B1132,UK141,2025-06-20 11:37:36.951,CONFIRMED,10D,c4373c1b39af67a844b4f0fcb9af4efccc01f7d47ee13a02e81537fb003c3306,D2******,C**************,+9************
B1133,6F168,2025-12-29 11:37:36.951,CANCELLED,23D,066e3f7ad551ebc85b6358a7f4ce340b5ef470aec1821bdc38353d6f5fa81165,E6******,D********,+9************
B1134,6F051,2025-07-28 11:37:36.951,CONFIRMED,34C,9585a6fe9fdeb56c2583cf346135f842c524d064c6d136b701ea94cc32f44710,G0******,A*************,+9************
B1135,6F047,2025-12-02 11:37:36.951,CONFIRMED,20E,904f296ff2139cc87152e21d5022bd0862257705e9e7a7ef44057c6aad3e3953,D4******,H***********,+9************
B1136,UK156,2025-10-26 11:37:36.951,PENDING,28E,63ac4a24e48cfe89f1218e7981373d1f1de2eac52e71435d035341619ce8ab8d,B0******,T*********,+9************
B1137,AI094,2025-09-01 11:37:36.951,PENDING,13E,05eea77c075ff7329e9eb383df908cc03d91db1aad14d9e93f0e534a08c2d972,C0******,A*******,+9************
B1138,AI038,2025-07-14 11:37:36.951,PENDING,6C,f5e5a48665b27bc28a31b48c6ff38c2db7804a6ec70eb016e57beb4c196a6c1f,A0******,I*************,+9************
B1139,6F255,2026-01-19 11:37:36.951,CONFIRMED,29F,304f4d73814c7a525c525b9a96053ef9d930c17a0f3b9888f8d7c5242bf8daec,L0******,Y**********,+9************
B1140,SJ025,2026-01-23 11:37:36.951,CONFIRMED,29D,bec7829794a0ab001d975cec779937e8d9a7b70e6edf2d2b2cad5a20f10ed2bf,E0******,B************,+9************
B1141,SJ185,2025-10-28 11:37:36.951,CONFIRMED,9C,3f99f09b8067da26accb576db3f2755d59455a28748eeec02fdadd515a928c70,F0******,R************,+9************
B1142,6F259,2026-01-21 11:37:36.951,CANCELLED,5C,7eaf6cc62251837e276f3b2ba719536902af6aa6480014bb7a13b3f383e6f9d7,C7******,A*************,+9************
B1143,6F073,2026-04-07 11:37:36.951,CANCELLED,15A,5a9ab6e12ec4e942348d18b895371cf4040979263f639ba05335af4e3c09d3fd,V8******,H***********,+9************
B1144,AI091,2025-09-26 11:37:36.951,CONFIRMED,6D,6c78ca347eb017af2b5b06207cb1dbb8974d9429ed43b397a5e91b4af78ada20,M2******,A*************,+9************
B1145,6F191,2025-08-23 11:37:36.951,PENDING,15D,6db11620a17d5f39a6f4f347ad59e54eab82425e10237ae79bae9fc7f0c73224,F1******,H*************,+9************
B1146,UK228,2025-08-30 11:37:36.951,PENDING,25A,02ea7959f1cef0cf60aa1b07edf10b7c4499f2c2b318683470b865f437352fc0,V5******,A**********,+9************
B1147,6F146,2026-03-25 11:37:36.951,PENDING,11E,d53bf95834e2706661adf58091b3c62dd790be99457254b9d928c721b1549304,R1******,S***********,+9************
B1148,6F068,2025-10-13 11:37:36.951,CONFIRMED,19A,da273dc1a032c58510a0f5c40b7fb445a2c5d7764c0948ba9af184c805cbed4f,E6******,S**********,+9************
B1149,SJ218,2026-01-08 11:37:36.951,PENDING,30F,5c36f970d3364a3817dc5302d76c0b162dc93001f9c4ad8994b7995b4db046aa,G4******,Y**************,+9************
B1150,UK083,2025-09-25 11:37:36.951,CONFIRMED,12A,664e6259d692132aaef87baf236f845816865482d3f2a11793222f291385e249,V2******,Z*********,+9************
B1151,SJ007,2026-01-18 11:37:36.951,CANCELLED,29B,66f71a9732d47fbfc6639c3ffda1c4660aca8ce048f535c2c8b1cade97bbfcb5,V6******,G*************,+9************
B1152,AI077,2025-08-14 11:37:36.951,PENDING,27A,61d0f276b7160f04f92ce7d852f04296612a23d85e104124985a1e3f1afb6a25,H8******,A************,+9************
B1153,UK017,2025-12-20 11:37:36.951,CANCELLED,8D,b4af8df90f7c139522006c2df3055f56b5449990959736ecce2b7f2f0b9f52cb,X7******,A**********,+9************
B1154,6F229,2026-02-17 11:37:36.951,PENDING,24A,0a7fd94c6462ec540a915ec379638303b93d6dfc232cab50baaa2fd78eab14ee,B6******,K**********,+9************
B1155,6F074,2025-10-08 11:37:36.951,CONFIRMED,6D,88f7f4237aee189269417ac81c4f97a2e3ac25262ca5a762f39b765660e4cc46,E1******,N*********,+9************
B1156,SJ088,2026-03-25 11:37:36.951,CONFIRMED,5E,79ad6f8cc65209e03d6bd64d676dd8c72064c7617d7c902e0df69b282fd0e97b,L8******,P***********,+9************
B1157,SJ167,2025-06-28 11:37:36.951,CONFIRMED,18B,299bf2b46c2d2014c31c4e663242cf1252c7b080d88cce3b4a92f83b74d0b156,X2******,I**********,+9************
B1158,6F234,2025-07-20 11:37:36.951,CONFIRMED,22A,070c4bb71150965a2eb0e9679d4faa62494d101fb20b461e34dcec7b51ea5414,Y8******,M************,+9************
B1159,UK071,2025-12-10 11:37:36.951,PENDING,22F,8d7eeb17523b13f7485456164878aa94f6890cdd512f8fbac513f41b96df7037,W6******,K*********,+9************
B1160,AI178,2025-11-21 11:37:36.951,CANCELLED,29A,841d6ff4bf515c14ff1194d854071d819eefe7528f5a4bee5df999ccd6cb44e6,C4******,Q**********,+9************
B1161,UK104,2025-11-14 11:37:36.951,CONFIRMED,12A,0bca6c5dd27f6abc1b172f53c4a98961b47e5e3518cffe6d4b9c53693deb5008,H8******,B*************,+9************
B1162,AI146,2025-04-22 11:37:36.951,Unknown,32D,8fe4a9cee575ed16d908c362cb41ce216bda4d23211d948dbf7c837197a1dc9d,N1******,J**********,+9************
B1163,SJ235,2025-11-10 11:37:36.951,CANCELLED,13D,901331ea90015d4bc0291766f4f107a0d34cb5ed3825fec0e3dbd03717fde73a,X6******,I**********,+9************
B1164,6F209,2025-04-24 11:37:36.951,CONFIRMED,24A,031a60e86398d41d18e79ffcedc168a3e137eec8e808ff3a26712c897d0c854a,Z8******,Z***********,+9************
B1165,AI129,2025-08-20 11:37:36.951,CANCELLED,2F,d4b256a73ebbf0e5b9719293cd5872b7a42284f944c914c2bd3b5a53a3ea41fd,M6******,I*******,+9************
B1166,SJ141,2026-01-23 11:37:36.951,CONFIRMED,34D,579c05dbb5c7c7fac1b3b612ec1481807fecb721127aaf95214a8afa6555856b,J8******,M**************,+9************
B1167,SJ018,2026-02-02 11:37:36.951,CANCELLED,9F,593ce4cd123b30ba32fad0c71fb333efde01434bb05f23ed38d0fc53ecb5ddaf,N3******,N************,+9************
B1168,UK120,2025-10-14 11:37:36.951,CANCELLED,11C,ee3da88980fa26dbadf8dc499b411a800bfc6c8773ee8629c6e2cf19ae2a84bc,N3******,N************,+9************
B1169,AI078,2025-11-15 11:37:36.951,CONFIRMED,11E,95edae0cf7e42aad8885909c537182f636aeabc79386efbbfd48ab71b16f1d99,L2******,P****************,+9************
B1170,AI079,2025-09-14 11:37:36.951,PENDING,15E,e28d79bc75f4ce24f9fb6af4dace2150680aaaaebf60bd778f49c587840f3e9a,X3******,N************,+9************
B1171,UK087,2025-09-19 11:37:36.951,CANCELLED,21A,5e19490d12047195ffdd39cb92fc81aba599130df8ef5debe7f3e5c2245c27c7,N5******,A**********,+9************
B1172,UK133,2026-01-17 11:37:36.951,CONFIRMED,8F,d4ccbfadbe630f46c135d0d8702ba98455bd03cd6293144ab3c60b8ada5cc378,T4******,H**********,+9************
B1173,AI222,2025-06-01 11:37:36.951,CANCELLED,22E,3f6a683ad204b51fc2e60f68bb5a7c0b55a743193570ca253ca7ddb9756d5c25,D7******,B*************,+9************
B1174,6F049,2026-04-12 11:37:36.951,CANCELLED,19D,977c3154ed97450c76e731cfa64c1b4071ddd7001d11e16f6425026abd815d64,B1******,T**************,+9************
B1175,6F105,2026-01-29 11:37:36.951,PENDING,27D,f1e921ffaf861ea372dd545d469e4e291357c01134a401015942fe6a92883e31,L3******,T************,+9************
B1176,SJ226,2025-04-17 11:37:36.951,CANCELLED,7C,09f49ca188dacbc0b7b44c0ec60a2c27b3010f6f769e36ca268f15943025cbad,P7******,D**********,+9************
B1177,SJ227,2025-07-29 11:37:36.951,CANCELLED,34D,8debcd3aea9b924582f8e7731f6da70c6bc861464f1273b06eb3bf0c8e627e97,M2******,U**********,+9************
B1178,6F034,2026-02-05 11:37:36.951,CONFIRMED,34E,ea2b1af5291e12c0c2611bb064e78be7b194642f34f2e9ff47c1ae8e4c81c7bc,E7******,R**************,+9************
B1179,SJ078,2025-10-03 11:37:36.951,CONFIRMED,33D,0edb4edcab53e7bd142d39aa994876b6bcbf46d9c86bce8f32c853a845f14602,F2******,F**************,+9************
B1180,AI240,2026-04-10 11:37:36.951,PENDING,22F,745580e3e72a6d677b2701237c5fa67d1f5021ffee40ff003262efd750cb6349,R4******,E*************,+9************
B1181,SJ002,2026-03-29 11:37:36.951,CANCELLED,12E,9c98c8b1d89a4e55dce19251248a5b5625dd74a91c54075de00a12a03d978233,Z5******,I**************,+9************
B1182,AI044,2025-08-11 11:37:36.951,CANCELLED,3A,8327c2ee1689aa6dc970de7411a1fbd55b93f654d304f70be74eabe49621e002,Y1******,M***********,+9************
B1183,UK076,2025-06-22 11:37:36.951,CANCELLED,8C,d871d6c1b0f4950d7432ed3b0be98732dd480e982ae01be6db6934de4e5f7012,K5******,G**********,+9************
B1184,6F232,2025-08-01 11:37:36.951,PENDING,28E,696200fd839848b14ea262f6d11b23f059a1f0a6d4d9a7e2ff44462bd08d35b5,G0******,J*******,+9************
B1185,SJ228,2025-08-16 11:37:36.951,CANCELLED,25E,7e8681b0b5dcad0de38066ad7b0a7c2be54c6d39727b1b40a94c03a56faa1c3e,D4******,P***********,+9************
B1186,SJ074,2026-04-04 11:37:36.951,CONFIRMED,1B,8d8f20ae93511da1fc31c3431fca0b705933fa3f85fc69c991b41ea56371139b,T3******,B************,+9************
B1187,UK229,2025-08-04 11:37:36.951,PENDING,7F,54a5a8bf692038b5094da0eaf787b6f064af2ca56dd6c67c7bece857b05866c4,F5******,R********,+9************
B1188,AI208,2026-04-04 11:37:36.951,CONFIRMED,6A,e34896f79a0e0759380ec16c206f581d69ced88424a2c7256da86cdf0e0a46dc,C2******,D**********,+9************
B1189,AI019,2025-11-23 11:37:36.951,CONFIRMED,14F,841d6ff4bf515c14ff1194d854071d819eefe7528f5a4bee5df999ccd6cb44e6,A1******,Y***********,+9************
B1190,6F029,2025-05-23 11:37:36.951,PENDING,12B,ea46dd84b5852d6a0786d10cb63d4356a3d58f11549b85d6843e902052304a85,A8******,L**********,+9************
B1191,6F018,2025-04-27 11:37:36.951,CONFIRMED,25B,24cc460298985b5aee0c677b130089b61b88652596bf3938bcd37a68cedc582f,R5******,A**********,+9************
B1192,AI059,2025-06-23 11:37:36.951,CANCELLED,7D,63fe68f9c14d380c2f19c9c816ddda65f85fade6e22e9cea4ceddc45edabf834,E9******,R*************,+9************
B1193,AI159,2025-05-22 11:37:36.951,PENDING,13D,54a5a8bf692038b5094da0eaf787b6f064af2ca56dd6c67c7bece857b05866c4,F7******,Z*************,+9************
B1194,6F091,2025-07-11 11:37:36.951,CONFIRMED,14F,71fc9efcf34b34c06caf917fe6fa53b81133b60a7a7c7779e94702f1341eae8b,Z9******,R***********,+9************
B1195,6F084,2025-07-20 11:37:36.951,CANCELLED,10B,7cc494ed01333ca3c7ab0eff63086589b5a996ac86ecc321bc389393be71b5da,D6******,R************,+9************
B1196,UK170,2026-01-15 11:37:36.951,CANCELLED,20C,409613d90acdde04e00e7085d199b79fc56a98709ed151209739343a85df32a2,Z5******,G***********,+9************
B1197,UK212,2025-05-19 11:37:36.951,CONFIRMED,2E,30e4512135119c357868dcfa2a810326ae9f8f4c74a43016116bf2ba33458b3a,T7******,J*********,+9************
B1198,SJ022,2025-06-16 11:37:36.951,Unknown,29A,86d87cbac905451cd1cf943b93648d0f6b147644f646a978feb82bf0245d63b5,J9******,Y***********,+9************
B1199,SJ075,2025-12-13 11:37:36.951,PENDING,30E,9c98c8b1d89a4e55dce19251248a5b5625dd74a91c54075de00a12a03d978233,F7******,N************,+9************
B1200,UK177,2025-09-17 11:37:36.951,CONFIRMED,16B,44f4c40b2d4180be174e74764b2fa93a31e9acf2f95cffd3d99e341557a6e008,D3******,N************,+9************
B1201,UK206,2026-02-01 11:37:36.951,CANCELLED,3A,4106a53da67785e5d50e3c3b7495c032f8b5ea65429f48c6ac715ffb1db71025,D2******,J***********,+9************
B1202,UK079,2025-04-29 11:37:36.951,CANCELLED,29C,0569abad026a1d117a57bdb86a2d539284d7be656b90a55283f053dc06bf3ea6,W7******,O************,+9************
B1203,UK040,2025-06-21 11:37:36.951,CONFIRMED,3B,b56dbde0e0be2b561f40b96027c685159781a84b10adca21d650d985af9ada1e,M8******,O*********,+9************
B1204,AI034,2025-07-25 11:37:36.951,CONFIRMED,30A,1881045f69a737bc4f4dd7840b4f9f5b006fbbf3f4b5a605a3c66ddfbdff5ff0,K3******,N************,+9************
B1205,UK034,2025-10-18 11:37:36.951,CONFIRMED,23F,43162d4ec9ebb8ca231a1237815ccd5f56ac1f07f4f470abc2f47b5de6c05c29,F3******,D************,+9************
B1206,AI088,2025-07-02 11:37:36.951,CONFIRMED,13A,bba5061a33d739cfdd3a5b55460a8173c8fd1952f3d64c8d0fa79c15cea4a34a,K3******,S************,+9************
B1207,AI128,2025-06-11 11:37:36.951,PENDING,26A,7eaf6cc62251837e276f3b2ba719536902af6aa6480014bb7a13b3f383e6f9d7,C3******,E************,+9************
B1208,SJ052,2025-07-22 11:37:36.951,Unknown,9A,92eb1a7f77b6b0b1587404e822cb87abcada05c31c4923f5f5cb4cc9bdeeff95,E1******,R*********,+9************
B1209,AI233,2025-12-15 11:37:36.951,PENDING,3A,fe806d818988e5ee16e1ac60627b5143451ad44b0c85d58468127ae1e68255ea,C1******,T***********,+9************
B1210,AI012,2026-01-20 11:37:36.951,PENDING,3C,f0316f28ef6214df53c678ecde337e63f431b074b6cbf48b8fc4df3a0b16bef7,E5******,U***********,+9************
B1211,AI084,2025-07-07 11:37:36.951,CONFIRMED,34A,9c90f9d7d09cf46dbd5bc724a796b3ce1fd1c65d9a531c50bfe36465f539c681,N5******,F***********,+9************
B1212,6F126,2025-07-08 11:37:36.951,PENDING,34B,611287edff2d9e602fc6312c5850f6c8c7f4718408f7c4e4adbda51ff8cefd15,K2******,Y***********,+9************
B1213,SJ061,2025-06-16 11:37:36.951,CONFIRMED,2E,d1406331ab9ef39ab2b3392b85933c1dab382970373f5b7ce9dbef3bf9b912b5,X5******,G*********,+9************
B1214,UK194,2025-08-14 11:37:36.951,Unknown,23B,d4b256a73ebbf0e5b9719293cd5872b7a42284f944c914c2bd3b5a53a3ea41fd,M5******,D*********,+9************
B1215,AI135,2025-08-08 11:37:36.951,CANCELLED,28C,7ae8dcbe94a54464daf80d37c16be7d84c37baabdd578d32e2202f1827705d86,A1******,R*********,+9************
B1216,6F238,2025-12-09 11:37:36.951,CONFIRMED,10A,29cf2d89c3589449b2bdfaefe119244ad02151ae58570028b87fba3e1219c6bb,M6******,A**********,+9************
B1217,6F092,2026-03-19 11:37:36.951,CANCELLED,32C,08cb2d3a1162156fae3f8de8547a4392bc4947f04eba00d88607c9bff433f76a,B6******,Y*********,+9************
B1218,AI213,2025-11-13 11:37:36.951,PENDING,2D,2a54a8854f5f160840e5f70ad0ffcc10b125a105d49e24f2672c01b0d9d5762d,Y9******,E**********,+9************
B1219,UK193,2026-02-15 11:37:36.951,CANCELLED,1B,148b9ad00dca1b3d2358919e159c35911bb7a83968adaf8e861d72e83045df0a,E4******,O**********,+9************
B1220,6F178,2026-04-04 11:37:36.951,PENDING,29C,46c37b0969c071f44e483ad1af7011824bd31169e039a3e20ccbe748eabec60e,H0******,L***********,+9************
B1221,AI158,2026-03-06 11:37:36.951,CONFIRMED,19D,89fef259b03bd24a0b841cd92ec8accc906ac07ab48804c073e5facfc880bcc5,K9******,M***********,+9************
B1222,UK208,2026-03-30 11:37:36.951,PENDING,8A,1fa22c4b51a16d10c3645a0087accdad2fed9ce11f93fed4665b2a953dcaa50c,J7******,M***************,+9************
B1223,6F056,2026-04-09 11:37:36.951,Unknown,15A,b63f0c822b6e830ae9c355c7894d5c011f41efd0b6667b3a0d2cf9230d8bea10,D8******,H**************,+9************
B1224,UK185,2025-10-26 11:37:36.951,CONFIRMED,1E,664e6259d692132aaef87baf236f845816865482d3f2a11793222f291385e249,J1******,T************,+9************
B1225,AI163,2026-01-13 11:37:36.951,PENDING,4D,f783d91c35c828950d9d1abbde14b046134cb69597db8e0d62057cc1deb4984d,M7******,Z***********,+9************
B1226,AI112,2025-08-23 11:37:36.951,CONFIRMED,15C,2bb472f799372f4d0f11780096f1b1c58d98d65d1f611d7d7e881bd650f76a1e,V0******,C**************,+9************
B1227,AI227,2025-10-23 11:37:36.951,CANCELLED,12A,c1a316f03b3ae5a203bbe1db1b8f5b4dbac55098aca918d8902272408387712a,K5******,J**********,+9************
B1228,SJ083,2026-04-17 11:37:36.951,CONFIRMED,29D,cbce6411448934040ed7d1dde13cdc5b1476b8c4547803701bcc1ff5d7a66ced,A9******,K***********,+9************
B1229,UK073,2026-02-07 11:37:36.951,CONFIRMED,13F,a283a09aa25e74844adbaa72805adfee5de273ca179f93f31826cf2ad4dc9551,J7******,E*************,+9************
B1230,6F169,2025-04-29 11:37:36.951,PENDING,6C,bb36064338c667e548c378da8265e5e11394f6809ff1b670006daa8d168ad9c1,N2******,Y************,+9************
B1231,UK154,2026-04-06 11:37:36.951,CANCELLED,27D,9e9cdc2bf4b91e70025e63cc7ea079b158f64e6d9631a7cc43556b9c29593df6,H2******,S**********,+9************
B1232,SJ169,2025-10-06 11:37:36.951,CONFIRMED,32F,bb36064338c667e548c378da8265e5e11394f6809ff1b670006daa8d168ad9c1,L9******,V*****************,+9************
B1233,6F187,2025-05-13 11:37:36.951,CANCELLED,5F,0f1a22c91d0f0def2cbb84dc522ed90ddfad6898003d78b0e5d4ee1c7c8ac1b6,J0******,A*********,+9************
B1234,UK210,2025-11-21 11:37:36.951,CANCELLED,33A,f6b417a876311203b71363b2de9b23777e0a1dae3d73d787849b48272abc719d,A5******,A*************,+9************
B1235,6F250,2025-12-23 11:37:36.951,PENDING,13D,7da056615e9de44036a97bc53ef4dae7905297542ca3ba538d600ce7e4d2ac6b,Y7******,V************,+9************
B1236,AI062,2025-07-05 11:37:36.951,CONFIRMED,25A,1fa22c4b51a16d10c3645a0087accdad2fed9ce11f93fed4665b2a953dcaa50c,D6******,A**********,+9************
B1237,AI047,2025-11-16 11:37:36.951,Unknown,15B,c8825a62bdff38dd0a66384c87a053d4c10cda8640c32505017564104dd13cbd,T4******,F***********,+9************
B1238,SJ186,2025-10-20 11:37:36.951,Unknown,8E,05eea77c075ff7329e9eb383df908cc03d91db1aad14d9e93f0e534a08c2d972,F3******,W**********,+9************
B1239,AI217,2025-11-17 11:37:36.951,CANCELLED,30A,022b671b6c1a787f8e18f8f36dbe7fcbf50142158932d527006569dbebe96b3d,A1******,G****************,+9************
B1240,UK100,2025-12-31 11:37:36.951,CONFIRMED,17A,5c67efc01eb595f27aba409d16d77d677572da560aa9687a3dd588f0763782dd,W2******,F*********,+9************
B1241,UK116,2025-12-16 11:37:36.951,CONFIRMED,10A,af73e26b43f653fd66c79ebf74dc6440a04dc060b0b4fadc2ff2726a16a2c325,M9******,M**************,+9************
B1242,6F036,2025-12-01 11:37:36.951,CANCELLED,26C,266db57c2806a8daee3f67f58f72ab92b2bb26f1e5e7a9fa54cf59737e06378c,A8******,L********,+9************
B1243,AI175,2026-01-22 11:37:36.951,CANCELLED,29E,ae639e6b01fba028430948040d9b7b6aeef60a3c8e6d60187ee09508d3f8410f,E2******,T***********,+9************
B1244,UK051,2025-08-18 11:37:36.951,CONFIRMED,27D,7ae0a3e744a2bd37750d3b84ed95f70b570eb5c4367f6454611d81e778484d33,A8******,O**********,+9************
B1245,6F201,2026-04-17 11:37:36.951,Unknown,26A,ddb723773923fb83eddc5684a1b82d5841819a41e1397eb83c585f4829b3e5f6,C2******,G***********,+9************
B1246,6F230,2026-04-09 11:37:36.951,CONFIRMED,33B,7f7a4a05ac7584dc445b403e3f3476be43426f7f0889117eb963af5f8bb1d4c5,V7******,O************,+9************
B1247,SJ138,2025-08-13 11:37:36.951,CANCELLED,15F,081a2b17323ae201cb16fa33d3c2494e3cc3d447b9114a9680b391d9d76c6b25,N9******,S***********,+9************
B1248,AI246,2026-03-04 11:37:36.951,PENDING,16B,bfbd09d804a4325c66b9ca8d063a804f83a8267bfe9f0ec618ca9ab999247225,C9******,L*********,+9************
B1249,6F179,2025-06-06 11:37:36.951,CANCELLED,26B,255778825079acb5b763b6559c5fc45e24e91da572163fe53460a36801cb563a,W8******,L**********,+9************
B1250,6F031,2026-01-28 11:37:36.951,CANCELLED,16F,c778c14fe604ebd8110269e845512adeb743b9756d3c57402cb17a108a3de500,B9******,A***********,+9************
B1251,UK015,2025-08-30 11:37:36.951,PENDING,29A,075f6dd5d6befe2ed58ab07f2ce22efa55b8c935c798f1589f004e1576553551,P0******,C********************,+9************
B1252,UK001,2025-04-21 11:37:36.951,CANCELLED,27C,37b790ac45eacb4d66f50b7c5f6adfbbd850f1ef459633d46e1335583be1bff6,L1******,O***********,+9************
B1253,6F133,2026-02-27 11:37:36.951,CANCELLED,15E,925ec241dafb2b93be2f3e97032bfe0e5cb88bd62b489c564a2851b26066b331,V9******,T**********,+9************
B1254,6F143,2025-07-22 11:37:36.951,CANCELLED,5D,b3b2bddc4a1da01906c583ec44330f267849113c6afe3d26e04eafb43be7bbba,E4******,T***************,+9************
B1255,UK165,2025-09-22 11:37:36.951,CANCELLED,23F,10d6d6ecb2a19a228670bab3cf934566fd9976ff05b8628d509958a3af826188,C1******,R************,+9************
B1256,6F083,2025-08-10 11:37:36.951,CANCELLED,22B,93847cd98056474b065afd1edea5da9e9bba3a8cf5497abeb29724dee06524e0,G6******,A*****************,+9************
B1257,AI082,2025-08-19 11:37:36.951,CANCELLED,11C,af515aa38deed73c0e79390494936b3c5062c3d6fb1d4125a6878ac6ff9c7c14,J5******,G*************,+9************
B1258,AI164,2025-10-28 11:37:36.951,CANCELLED,21F,10001017dbdb645c950f1db621963558fa08bb4cf1469e76b4524f9d0b3bb48c,K7******,N*********,+9************
B1259,SJ155,2026-01-19 11:37:36.951,CANCELLED,31F,b884baa483ed63465490a927aac29ed841e361a66c5a8011fbe8724504c76d4c,K4******,J***********,+9************
B1260,AI189,2026-01-04 11:37:36.951,CANCELLED,1D,2160872f2e614a13bff2e81412b0948c5fdc0e77ddbb5981e2fc4ff99c926561,V2******,A*********,+9************
B1261,SJ057,2025-12-21 11:37:36.951,CONFIRMED,34A,a2e1a6df1b20d75758869362fdcd51f72b40da14a5f7f80910562c4e736e9993,W2******,A*********,+9************
B1262,SJ198,2025-05-07 11:37:36.951,CONFIRMED,16F,2b4d0c8fdf599c052b4fd074e6545ad56cfab92217400417ac526e1780373df0,Y2******,P*************,+9************
B1263,6F122,2026-01-03 11:37:36.951,CANCELLED,6C,29b50a0cf1005354bee43ac4169f609fce2718c926a49545f42418af74a1306a,Y8******,T**********,+9************
B1264,SJ097,2026-04-15 11:37:36.951,CONFIRMED,12A,20e09fcd1bcdf6adcace35266b8c3d44d1b16ac792d199846a07ecfb1f4d5dd1,J5******,C************,+9************
B1265,UK203,2025-08-06 11:37:36.951,PENDING,28F,b24576ecd2ed6403ddcd31b778d1bbb7344f6a124efad807c9397688faa70322,H6******,L***********,+9************
B1266,UK093,2026-01-16 11:37:36.951,CONFIRMED,27F,ae811a447c699265d2570253c132d8615b7113c7660a8c6187d1dbb621a8f169,Y8******,S************,+9************
B1267,AI205,2025-05-21 11:37:36.951,CANCELLED,32A,8249f45e7acc37f4632d0a259fbec44a4ed875f9ba9f655e0c57b224d001a1f9,V9******,E***********,+9************
B1268,AI102,2026-01-16 11:37:36.951,Unknown,12A,ae37fa4a6e4efefde12bd52af53066456a5c1b5a8b5ad036317a0dc0218e0db1,Y9******,L*********,+9************
B1269,6F046,2025-09-06 11:37:36.951,CONFIRMED,4C,79d3e921288b3e1edc7d0293236688e782d509d35365d799481a628bbf783ecb,N4******,O*************,+9************
B1270,SJ017,2025-06-02 11:37:36.951,Unknown,22E,dc3fb38aab9df1c81e21b57b1e36fec002153e68c6f7feff5b8aab07689146ee,F0******,F***********,+9************
B1271,6F156,2025-10-20 11:37:36.951,PENDING,28B,afd81ec419f86cb4489130cd42d84f23b6fba17ab902661d11149968be4e16da,R4******,A***************,+9************
B1272,AI068,2025-07-18 11:37:36.951,PENDING,19A,323969a7963eafc6513bc14886c789e73bb1919adde854ed931330089747a1aa,M4******,C************,+9************
B1273,AI150,2025-06-05 11:37:36.951,Unknown,28B,cd605f21ec12328c2775cc58f3d9ef27effc5e4776b6019e85bf0321e43c9109,Z5******,U************,+9************
B1274,UK008,2025-10-15 11:37:36.951,PENDING,20D,c30107be7574bf2559c6d6fd9791e99507b3c0ae8cae21d031b4e65c787a4c13,F2******,B**********************,+9************
B1275,6F166,2025-07-11 11:37:36.951,PENDING,18F,533f7e3d8910c50b0ec45a1afeb1f7bcf0e73ca069bc544d57a8078864b2d685,L9******,Y**********,+9************
B1276,6F177,2025-07-15 11:37:36.951,CONFIRMED,1A,b80f0792f54b48b735169ad48fab43e1494809354d2a41baabde61a641586c52,M8******,A********,+9************
B1277,AI196,2026-01-19 11:37:36.951,PENDING,12E,51a7fa0dd59bfd6da269989ac286fec3b22d87ca00fea3eddf735ee72d2aa6ea,V6******,W***********,+9************
B1278,SJ191,2025-08-09 11:37:36.951,CONFIRMED,5B,6ca38ffc450ae62263f740a07c50384cf41b8e1fbbdbb5702cfbe6ba296c293e,A4******,U*****************,+9************
B1279,6F019,2025-05-10 11:37:36.951,Unknown,28C,d5169308ce3fd20e529e3b94cc846e5723dbadb54b0c69af7ceb2713f60c1692,B3******,T***********,+9************
B1280,AI226,2026-04-12 11:37:36.951,CONFIRMED,33B,ab64cb415612e62b2e83997f579ce67fe17cc0a0720320eefb864759ac62606c,W0******,A************,+9************
B1281,SJ207,2026-01-21 11:37:36.951,CANCELLED,4A,ed8e122bd68a569887c16b079ba6288e80df60b41575461820db1a931bbd1a3f,D8******,O****************,+9************
B1282,AI009,2025-12-30 11:37:36.951,CANCELLED,8B,c9ed8557564494bbe7442b4bc16c6e43b59a5a4be7ceae2c1c2e95f875aa2c21,K5******,N*****************,+9************
B1283,AI103,2025-05-08 11:37:36.951,Unknown,29D,19298fd58334c2576e49a117e7714d5a8dc0fc9a1b9e879f7f8eb13fcb898319,R4******,H*********,+9************
B1284,SJ127,2026-02-22 11:37:36.951,CANCELLED,25F,b11b2b07b8e9e629cac2cb3d8bddbfd980fb7ce7e8423952eca200faf0729060,K2******,D*************,+9************
B1285,UK188,2026-03-26 11:37:36.951,CANCELLED,25B,2fa8ad9bc1180c9e7016de60dbd6a76bd214ce8b72b8ae6637e164c4dfeba8e0,C7******,M************,+9************
B1286,6F010,2025-09-25 11:37:36.951,Unknown,33B,3637cf9c2a0f3c442d1fc9871e196e275b5092307c15aaa343430617f1846df4,L3******,F*********,+9************
B1287,SJ098,2025-12-13 11:37:36.951,CANCELLED,5F,c2f61e9be3d5b855846c5c362bdd35e8d1441dfab903d122b461088e3a36830d,H5******,H**********,+9************
B1288,6F058,2025-12-11 11:37:36.951,PENDING,18C,9891e403b0f09d3ef6bb6a150444d7aed41685e904c6f0657120ac5fec5ca431,T8******,J*********,+9************
B1289,SJ030,2026-03-23 11:37:36.951,PENDING,24F,11e7405e976ffe2fd78666cff7c08b5698c1ab4dc4b8917abe86e0e24ee45002,M4******,I**********,+9************
B1290,UK175,2025-07-26 11:37:36.951,CANCELLED,16F,afbe1d334c79478b8e5626b3ba334e5e23163f59e7cf271ac0ca60d0fef851fb,Y9******,P**************,+9************
B1291,SJ108,2026-04-01 11:37:36.951,PENDING,28E,4f298002003d87c1d612ccc5bd08710bf4a0e8820b936ee256fe2747d11f2c86,W7******,E**********,+9************
B1292,6F075,2025-08-03 11:37:36.951,CONFIRMED,7C,066e3f7ad551ebc85b6358a7f4ce340b5ef470aec1821bdc38353d6f5fa81165,Y0******,H***********,+9************
B1293,UK222,2025-08-31 11:37:36.951,CONFIRMED,25F,bfbd09d804a4325c66b9ca8d063a804f83a8267bfe9f0ec618ca9ab999247225,E4******,O********,+9************
B1294,6F250,2025-07-13 11:37:36.951,CANCELLED,34B,459b89f1c1c07e4eeab0dd6c7d5c40bea90d231854870ac2ef30273e6339ae40,J2******,H**********,+9************
B1295,AI096,2025-12-29 11:37:36.951,CANCELLED,14B,90b4e732ed7b857b631db1628f6d3aacca64e3954d38a803da76f97f588eaec2,D2******,J************,+9************
B1296,AI216,2025-12-23 11:37:36.951,CANCELLED,1B,b47b4015cd417df26ad71a3fe85ac082a29f9740562eee3d135e79e814ec0d7f,X8******,M************,+9************
B1297,6F193,2026-01-23 11:37:36.951,PENDING,8A,f0dc16ef2ccee2c0811edee2f0c602b0376a7e022cd5e8e7e422a6f3a12862ce,A0******,P**********,+9************
B1298,SJ194,2026-01-02 11:37:36.951,PENDING,6C,f15c5a7ae439f4d0d814a0da0ed58a95284bc4359467ecfbb10bcd62e48d1e17,Z9******,A***************,+9************
B1299,SJ020,2025-09-11 11:37:36.951,CONFIRMED,16F,bfaab51e35ad7b3d1666f7469bc4c42bc87bfa7807198d84cc0d59c656fc92f3,N1******,V**********,+9************
B1300,6F070,2025-06-14 11:37:36.951,PENDING,21C,9a5d603fd6eacc409027cb091b3ea3b03a3857bd38efe4a1b2ad7e450b585085,V0******,R***********,+9************
B1301,AI051,2025-09-03 11:37:36.951,CONFIRMED,12A,f0dc16ef2ccee2c0811edee2f0c602b0376a7e022cd5e8e7e422a6f3a12862ce,L1******,E**************,+9************
B1302,UK219,2025-12-27 11:37:36.951,PENDING,3D,92929313a75069630a3f41a498062f3b99dc58e1bb7aaab8b084ebdfa4e98f0c,J5******,G**************,+9************
B1303,AI235,2025-12-13 11:37:36.951,CONFIRMED,20A,bb36064338c667e548c378da8265e5e11394f6809ff1b670006daa8d168ad9c1,N6******,S************,+9************
B1304,6F022,2025-12-13 11:37:36.951,Unknown,18E,54880709cf829c2d0d703d6ee6f77deed4c47aeb026f35def2f7a6b2e789432d,H4******,U**************,+9************
B1305,SJ114,2025-09-28 11:37:36.951,PENDING,13C,061cbc880123b92060ec8d82728701002b20e22fb5941108a2d038cf0e0e618a,V9******,G********************,+9************
B1306,SJ076,2025-12-01 11:37:36.951,CONFIRMED,30A,584be399b93f9a946285e1bc0a358895e9dc8f301b445d214321f144c3dc0006,W9******,W*********,+9************
B1307,UK227,2026-01-26 11:37:36.951,PENDING,32E,ee3da88980fa26dbadf8dc499b411a800bfc6c8773ee8629c6e2cf19ae2a84bc,P8******,Q*********,+9************
B1308,UK135,2025-07-22 11:37:36.951,CANCELLED,30D,15fd27eb5581a4470d632fb8f63f155f85e2ae84e05544a2f9e169da810e6711,A5******,S*********,+9************
B1309,AI234,2025-05-06 11:37:36.951,CONFIRMED,30F,37f70e517d13b58c91152dc3c591320d5d08e0be15019d148e5655232948953a,Y3******,A********,+9************
B1310,6F113,2025-08-20 11:37:36.951,PENDING,5D,b97880ebfd72f0c28039111791d925472732f2506d801af8097c8a1081a4d51f,A4******,A***********,+9************
B1311,SJ206,2025-11-16 11:37:36.951,PENDING,9D,ebd2de92b9184342a7bcb91048da605ae27d244d1c500059bc22659462083b0f,V5******,A****************,+9************
B1312,AI015,2026-03-29 11:37:36.951,Unknown,6E,fdff1477af852fb0e86fc129c5b2510e9c5f6a722608ded739cdc6277962b28e,Y2******,R***********,+9************
B1313,6F260,2025-05-16 11:37:36.951,CANCELLED,33E,27473346c866b66de92864725e25b82376fe9bf6c8bd24e4ebbef139b30151c6,P4******,W********,+9************
B1314,AI061,2025-04-28 11:37:36.951,CONFIRMED,19C,533f7e3d8910c50b0ec45a1afeb1f7bcf0e73ca069bc544d57a8078864b2d685,B4******,V************,+9************
B1315,6F237,2026-03-26 11:37:36.951,PENDING,9C,cbce6411448934040ed7d1dde13cdc5b1476b8c4547803701bcc1ff5d7a66ced,B5******,V*******************,+9************
B1316,SJ099,2026-01-06 11:37:36.951,PENDING,27C,a5f805bedc69ac04a4429722e8f4996b31bc58cec4192c50a80db8b00e0e010d,A9******,S*********,+9************
B1317,SJ146,2026-02-24 11:37:36.951,CANCELLED,21F,c3b65a7f63cdf9077407c656298c53cf2f5eb3571bcc4fa8c5d8b5aa74f4d8bc,F3******,G**********,+9************
B1318,SJ146,2025-05-23 11:37:36.951,CANCELLED,29B,097d1730f877c5e910f5789d79ccbbb12c982460d0c24d0f57881d9f3578c3cd,B1******,T************,+9************
B1319,6F071,2025-05-04 11:37:36.951,CONFIRMED,4C,bf219043426100ec85812e8a37d44447967fc2afe70788790177dd4e49f4d094,P1******,Y************,+9************
B1320,6F272,2025-08-13 11:37:36.951,PENDING,6C,1881045f69a737bc4f4dd7840b4f9f5b006fbbf3f4b5a605a3c66ddfbdff5ff0,D9******,J************,+9************
B1321,SJ029,2026-02-12 11:37:36.951,PENDING,13A,804ac90b07e39e12ca6788b04f5b81c01cf56ce3ae3bf451323a4576367f7dbb,C0******,H***************,+9************
B1322,UK084,2025-07-27 11:37:36.951,CONFIRMED,6E,5f7e0863cdbd3370639e380a6ebd3f2003c8fb7411fd3cdbc9babbee32357e8f,C6******,G***********,+9************
B1323,SJ048,2026-02-06 11:37:36.951,CONFIRMED,14D,8889ac1b6cee312d8700accbb812d5b60e9510e9a0aab6d7a683c57667fb35ae,L4******,S*************,+9************
B1324,AI108,2026-02-04 11:37:36.951,CANCELLED,33B,460b5a5ad37a13083a7b252b274cf64127648c898c6e4c0aa2e4dc3f038674b8,Y4******,D*******************,+9************
B1325,SJ134,2025-08-11 11:37:36.951,CANCELLED,3B,63e1c2ff2767ca8ceed81263ce666870649190fbb395864203e8c6a17db4f468,K8******,V**********,+9************
B1326,UK146,2025-10-31 11:37:36.951,CONFIRMED,14F,5462e26b2c4f69495b9a7e04fdb2576e4484537640762a2bd5ef3724ad75b5d3,W9******,R************,+9************
B1327,SJ036,2025-09-24 11:37:36.951,CONFIRMED,26C,d38568db2aa153115ee25ff07b753791c01fb713305c8c915655b1a4d99f024c,J8******,J************,+9************
B1328,6F202,2025-11-01 11:37:36.951,PENDING,33B,29b50a0cf1005354bee43ac4169f609fce2718c926a49545f42418af74a1306a,P7******,Q**********,+9************
B1329,UK041,2026-02-13 11:37:36.951,CONFIRMED,22C,36de8c394ea20850f7f2d64db77546deb8febea37f85ff31161770db64ff0db7,L3******,T*********,+9************
B1330,6F078,2025-12-06 11:37:36.951,CONFIRMED,23A,93847cd98056474b065afd1edea5da9e9bba3a8cf5497abeb29724dee06524e0,R4******,A*************,+9************
B1331,AI097,2025-07-03 11:37:36.951,PENDING,22C,ef8c824a356b9f1c99470aab441219594cad3791ef47a5d4746382ddf37d2180,F3******,B**************,+9************
B1332,UK159,2026-01-15 11:37:36.951,CONFIRMED,7D,901b4abcd16372fdad9b63045a7a38072dd6b35a12c3b1e5d20a92e268b94a39,T4******,R***********,+9************
B1333,UK044,2025-09-06 11:37:36.951,CANCELLED,12B,4c76b2e19e760c735e901272308cde7ff1275a49afd4e3debb2e5b17e0566d59,Y0******,U************,+9************
B1334,6F176,2025-09-27 11:37:36.951,CANCELLED,6F,228617b3e082657a58da30650b2fb1949a3b5e0caac340093eef48a1c41397dc,Y5******,P*************,+9************
B1335,SJ221,2026-02-11 11:37:36.951,PENDING,4A,c30107be7574bf2559c6d6fd9791e99507b3c0ae8cae21d031b4e65c787a4c13,R5******,A***********,+9************
B1336,6F112,2025-07-03 11:37:36.951,CONFIRMED,22A,383b01dfc4b4451a547935fff6c78f551e330aa833ad796209db30958a18a15d,L3******,J*************,+9************
B1337,6F246,2025-10-20 11:37:36.951,Unknown,4C,323969a7963eafc6513bc14886c789e73bb1919adde854ed931330089747a1aa,B7******,C***************,+9************
B1338,6F014,2026-02-21 11:37:36.951,CANCELLED,14C,bc5fe68e5cdf84ae711dfa039703f9dfacab766b8680db31efd1b4b74e8768fb,A3******,B**********,+9************
B1339,AI237,2025-09-17 11:37:36.951,CANCELLED,28A,677104faba0eb37cf9fc7912e402bb55962271b7b600ba163c03b6446ac91de4,X1******,V*************,+9************
B1340,6F003,2025-12-14 11:37:36.951,CANCELLED,12E,afd81ec419f86cb4489130cd42d84f23b6fba17ab902661d11149968be4e16da,C8******,A*********,+9************
B1341,6F249,2025-07-04 11:37:36.951,CONFIRMED,5A,88659952d7f5e68c9a08f77a0ec08ebc2d007999fc6bb89770907d04ec125d69,H5******,U**************,+9************
B1342,UK149,2025-04-29 11:37:36.951,CONFIRMED,4A,95edae0cf7e42aad8885909c537182f636aeabc79386efbbfd48ab71b16f1d99,T9******,R********,+9************
B1343,SJ163,2026-03-08 11:37:36.951,CONFIRMED,9F,ff59c2683e6104bfda79f88a7dd17f55ea278b316808d55ec0d311b985a600d0,R7******,Q*********,+9************
B1344,SJ243,2026-03-28 11:37:36.951,CONFIRMED,1D,ddabb59a9826ea31b1ce182b4b327e1e5be2fcb5627388dbe0084a381530843a,G9******,Z*************,+9************
B1345,UK113,2025-06-06 11:37:36.951,CANCELLED,1A,b10cca87bf39c2434d094f305e8c8bbe33583cbb8f70956cc9b07aa8d93058c9,N2******,I*******************,+9************
B1346,AI071,2025-06-07 11:37:36.951,PENDING,30E,b47b4015cd417df26ad71a3fe85ac082a29f9740562eee3d135e79e814ec0d7f,N5******,N************,+9************
B1347,6F271,2026-02-07 11:37:36.951,PENDING,22A,dd0d4f009ccd8b20446938da00fde4d16ce9a707f7318dd1f54c3dafd7e07f28,X0******,E*********,+9************
B1348,SJ015,2025-06-05 11:37:36.951,CANCELLED,27E,c572be8c765284c030826ccc2a248fd4d939365db7b6eeb4afde34c934deb9b0,B9******,M********,+9************
B1349,UK047,2025-11-19 11:37:36.951,CANCELLED,9E,0569019098c7cf5a8cc47f9221abee18721c6e392b0b09c277db7e11ed6d7e4b,A2******,D***********,+9************
B1350,UK020,2026-02-04 11:37:36.951,PENDING,12A,fef3551179d3071c36364f32685122bf5ea6d3a401fcc5707960d1986ef03b46,L7******,Y**********,+9************
B1351,AI122,2025-09-03 11:37:36.951,PENDING,27F,9c2a76d8a61fe2469124635622acd7267218ef36954ebaa68819b07cd5ea2c59,X6******,O*********,+9************
B1352,UK223,2025-10-20 11:37:36.951,CANCELLED,17D,9b57b5fc7625f88f57e8fe4555294eaeef9b619337085e95fb71928be130113b,A2******,L**************,+9************
B1353,6F148,2025-09-19 11:37:36.951,CANCELLED,15F,61864ff2276be466a69ab1a9b45c546576ecb6da65cdcc0c9639a94034459d6e,Y2******,S************,+9************
B1354,SJ162,2025-12-14 11:37:36.951,CONFIRMED,34A,ed0d591e1541e972df852ab1f85f0151ede892b9b811f3e4020bc5d4f00046e5,G6******,P**********,+9************
B1355,6F127,2026-03-30 11:37:36.951,CONFIRMED,28B,569541aef05a35fd51845055d14159e660e2e5e024dfbe429a608c06a6d6fc15,A5******,D***************,+9************
B1356,AI173,2025-11-10 11:37:36.951,PENDING,11F,f0260781fb2aba4e4277a4959cefacd2211aef405843b1b72f148059b1d4d91e,W8******,S************,+9************
B1357,6F065,2026-02-05 11:37:36.951,Unknown,14A,9985af7cd23dbc3b0b3d6d654015391b8f54314efe44e9f3501c1b8821178042,W8******,A***********,+9************
B1358,AI053,2025-06-22 11:37:36.951,PENDING,20A,e453e79b699aadfa85bc39c7dd2730f841d1f87123c949fdea49d3dc23717e6b,E8******,N***********,+9************
B1359,AI241,2025-10-22 11:37:36.951,CONFIRMED,14E,7d9b9205eaa991d8de68f47eaf6e4897bc0e9bafbd038c8c0a2c69e4f77b4a6e,E2******,O**********,+9************
B1360,AI105,2025-06-15 11:37:36.951,Unknown,18D,547d9344fb2018b3014f8911219667d36401d2e162a40cb2f7f9302c1a662630,E3******,N**********,+9************
B1361,AI110,2025-08-24 11:37:36.951,PENDING,13F,7367c04f5225397375bd5fdbf583232e6c813b63fac8efd4b7f203061fd3d10f,G2******,N**************,+9************
B1362,AI252,2025-10-22 11:37:36.951,CONFIRMED,15B,8a476547d4cf963e230232a65adb7a9aa6ed589ac5f4438a7f13da335fe22741,E0******,U*********,+9************
B1363,AI149,2025-12-14 11:37:36.951,CANCELLED,3B,11e7405e976ffe2fd78666cff7c08b5698c1ab4dc4b8917abe86e0e24ee45002,R7******,B*************,+9************
B1364,AI224,2025-09-09 11:37:36.951,PENDING,23F,35430287391de581e621b9614f829be68e799590a1abee63f4e54e7644d50cd3,L0******,B************,+9************
B1365,UK158,2025-07-03 11:37:36.951,CANCELLED,15B,48d0441e3c09dcd5670121d6361a6d933c03274afe1b985e939e761d08ce4230,R7******,S*************,+9************
B1366,6F125,2025-05-05 11:37:36.951,CANCELLED,25E,22835d7fd4e730004943432a725d5399017d2cc18d365af87afbd06573c156c6,A2******,V***********,+9************
B1367,UK164,2025-12-14 11:37:36.951,CONFIRMED,18A,0211dba0308362d09d12cce5048bc85a2ef253da3e6168f427992abe6729bcef,X8******,R***********,+9************
B1368,UK007,2025-12-26 11:37:36.951,CANCELLED,1E,ff421e0eb5002c2a9944fa12b0d74fc8ef50622bbeebbfa26b19f0e802effd18,F2******,I*********,+9************
B1369,6F118,2026-03-18 11:37:36.951,PENDING,15F,9585a6fe9fdeb56c2583cf346135f842c524d064c6d136b701ea94cc32f44710,N8******,M***********,+9************
B1370,SJ004,2026-01-01 11:37:36.951,CANCELLED,19C,c754e805cc58c13693de3d6bbaf4ca473b79a20bc39a95d391a14ba226b28c30,C9******,L*********,+9************
B1371,6F206,2025-09-25 11:37:36.951,CANCELLED,15E,21e853f3600aad697c0928b58f515b7db0f6d7820db35fe3ca776dc81c2a0308,B7******,D************,+9************
B1372,SJ130,2025-05-11 11:37:36.951,CANCELLED,11D,63e1c2ff2767ca8ceed81263ce666870649190fbb395864203e8c6a17db4f468,A4******,D************,+9************
B1373,SJ070,2026-02-14 11:37:36.951,CANCELLED,22F,c24146553498b11133c73b471f128c4034fbbc101da3d55d16b786b97abc6fc3,D1******,R********,+9************
B1374,AI085,2025-04-24 11:37:36.951,CANCELLED,7F,10d6d6ecb2a19a228670bab3cf934566fd9976ff05b8628d509958a3af826188,E1******,U*************,+9************
B1375,SJ109,2025-09-02 11:37:36.951,CONFIRMED,15B,1881045f69a737bc4f4dd7840b4f9f5b006fbbf3f4b5a605a3c66ddfbdff5ff0,Z3******,N*********,+9************
B1376,AI168,2025-08-24 11:37:36.951,PENDING,16B,b4fdf273d54b2ade5506a89ba09603e0594ca44b488621e16852cbc787ac395d,H2******,X************,+9************
B1377,UK123,2025-10-24 11:37:36.951,CONFIRMED,26A,9dbf68e071e2c1bc37c5acc4c1e6272d719672928db5a6393249fee4ee9951b0,G0******,W************,+9************
B1378,UK110,2026-01-16 11:37:36.951,PENDING,30D,5ad895f805352bd089d1618e6d92731687f52b9ec12045b5cfe70faa0821e0fd,J5******,F**********,+9************
B1379,AI206,2025-11-02 11:37:36.951,PENDING,31C,735846a90b8720be80c983aef65b04a379a43e86c0f4a8ccc5310b77f7271dff,Z5******,R************,+9************
B1380,6F007,2026-04-16 11:37:36.951,PENDING,6B,013d99516c3b5284e05ed24e98fead9f9c3fc2ccc5886314c7ff6b72aa3a2482,Y8******,Z*********,+9************
B1381,SJ013,2025-11-11 11:37:36.951,PENDING,33A,15fd27eb5581a4470d632fb8f63f155f85e2ae84e05544a2f9e169da810e6711,M0******,G***********,+9************
B1382,UK061,2025-09-19 11:37:36.951,PENDING,20D,cdc2e6ec383396f644a32ca366118b4a309e0ffe202578b23ed4ccdd0d0099d4,N9******,A**********,+9************
B1383,AI010,2025-09-24 11:37:36.951,CANCELLED,8C,2271c9268b10ca16a8458505c1f7f05fe98580f7411f2245579a82ba80687066,H0******,B***********,+9************
B1384,AI024,2025-05-16 11:37:36.951,CONFIRMED,11D,ab354da3fa71b24d589ecd87a5023da29288a6d317b2edd06829a827f500fbb6,D4******,U****************,+9************
B1385,UK130,2025-06-08 11:37:36.951,CONFIRMED,30B,10ec5467b62dbd27378d1fff18fea368e3c6a52b3c796c8ea97fe8fbf30db16f,L4******,R********,+9************
B1386,AI161,2026-03-12 11:37:36.951,CANCELLED,10A,79033b56d853693270e1b765fcd2c2250f8517228f25b69ce7432d748caae205,A0******,P*************,+9************
B1387,SJ208,2025-07-23 11:37:36.951,PENDING,24F,fbfdae7167ca504fb6574b58058717aec2eb950ea169dfd4a4e81f4a4d437af7,W7******,V*************,+9************
B1388,6F038,2025-09-23 11:37:36.951,Unknown,8D,f4133d1257c4df22d1f3160f167fa0b82a2d16ffc2fa6076b0dd622aa9284cbf,F6******,U********,+9************
B1389,6F085,2026-02-22 11:37:36.951,Unknown,30D,8e26350544cae3f0f70ce8db62951546a2e8e09af01719b2917ac5c05e1798cc,F0******,N**********,+9************
B1390,SJ028,2026-03-09 11:37:36.951,CANCELLED,8C,7aa176d0a5f6a996e7fe57dec83784416fe6d898c98ce4815d2a6492d57a6472,P6******,E***********,+9************
B1391,SJ084,2025-11-26 11:37:36.951,CONFIRMED,21F,0e699f0e06c390e586417eb020e3a0d80b33e618c62a55599068d510c850b9e3,B5******,N*************,+9************
B1392,AI139,2026-03-27 11:37:36.951,CONFIRMED,21D,dd0d4f009ccd8b20446938da00fde4d16ce9a707f7318dd1f54c3dafd7e07f28,A2******,N***********,+9************
B1393,UK179,2026-04-06 11:37:36.951,PENDING,26E,06cf5fba4db048c6700c1058a21ce384bf0093a18e77441744df25a610cba230,P0******,B************,+9************
B1394,6F256,2025-07-23 11:37:36.951,PENDING,23F,37f70e517d13b58c91152dc3c591320d5d08e0be15019d148e5655232948953a,F0******,B**********,+9************
B1395,UK023,2026-02-10 11:37:36.951,Unknown,23B,3c5a756d3cd50af2c1cceb589f32a40d1a67aed43e64136cfbab05982a63230e,N2******,G************,+9************
B1396,AI039,2025-08-03 11:37:36.951,Unknown,13E,cb8500518a266d0a024d0a16e212d8f568a9d5a6ff092b0c3a15c9f2851823d4,M3******,Z**********,+9************
B1397,UK190,2026-02-05 11:37:36.951,CANCELLED,28D,8537c2efa30e935deb54fe09333c46fc8c4a8e94c6a0d5071c78a160d734748f,K5******,J*********,+9************
B1398,6F224,2026-02-04 11:37:36.951,PENDING,3E,4501ed1c58dd1fd2e579358f8d11c8862f6f538680eb712ec38db5827d52e883,M0******,Y**************,+9************
B1399,UK221,2025-05-31 11:37:36.951,PENDING,7A,fcba60f55cac724244b245a65498aa46e73d352ad9540883c0139d3ddab15a1f,Y7******,T************,+9************
B1400,SJ107,2026-04-02 11:37:36.951,CANCELLED,12F,d4b256a73ebbf0e5b9719293cd5872b7a42284f944c914c2bd3b5a53a3ea41fd,E6******,C***********,+9************
B1401,UK155,2025-04-20 11:37:36.951,Unknown,21D,3d817a3baaeab5918782cebbce2614e3be8b2aa2e4a7d6573775ad000da95c0a,Z6******,Z***********,+9************
B1402,UK183,2026-03-21 11:37:36.951,CANCELLED,7E,7f8a4f8fcffd556d60cdd9cb6d9881c5f0952f211e879052948e285011a4da4c,E3******,W**********,+9************
B1403,SJ203,2025-05-08 11:37:36.951,PENDING,26A,6515520768c95a5f9eb8e00e887f960da5f9152736525f43c985a851f5bbec35,E5******,C**********,+9************
B1404,6F253,2026-03-07 11:37:36.951,Unknown,16A,6c78ca347eb017af2b5b06207cb1dbb8974d9429ed43b397a5e91b4af78ada20,Y5******,A*********,+9************
B1405,AI100,2025-08-26 11:37:36.951,PENDING,32F,5878c05908f7ccf9727182c3c14470e84de2a2d890aa6a301ecb7dbde8b34ef3,B4******,B***********,+9************
B1406,6F140,2025-06-24 11:37:36.951,CONFIRMED,15D,1f48e7b58235f1c6c2b7353190b545fb09ec1a460a4d9b3700a2542cb336f9ad,W4******,V***********,+9************
B1407,UK048,2025-08-26 11:37:36.951,CONFIRMED,25A,bb9132d26cbca0e016df03b78092d28936b000d4e484bc0e3b0a154484a240ed,B8******,A***********,+9************
B1408,SJ204,2025-07-29 11:37:36.951,CONFIRMED,12F,9e9cdc2bf4b91e70025e63cc7ea079b158f64e6d9631a7cc43556b9c29593df6,J7******,N******************,+9************
B1409,UK105,2026-03-24 11:37:36.951,CONFIRMED,28C,5d042d25d06d51fbd78a2786c9f26c209908332be3a106bd04d4ca9068850202,C6******,A***********,+9************
B1410,AI098,2026-04-13 11:37:36.951,CONFIRMED,32C,881c00d2b84a6a006122b3980c9909139c98b62633c8c1648e5b2e9f4045482f,C9******,G********,+9************
B1411,6F013,2025-10-12 11:37:36.951,CANCELLED,1A,ae37fa4a6e4efefde12bd52af53066456a5c1b5a8b5ad036317a0dc0218e0db1,T0******,I************,+9************
B1412,6F128,2025-11-18 11:37:36.951,CANCELLED,28E,9c90f9d7d09cf46dbd5bc724a796b3ce1fd1c65d9a531c50bfe36465f539c681,E1******,J*********,+9************
B1413,SJ038,2025-10-05 11:37:36.951,Unknown,14A,8249f45e7acc37f4632d0a259fbec44a4ed875f9ba9f655e0c57b224d001a1f9,W9******,W**********,+9************
B1414,SJ182,2026-01-07 11:37:36.951,CONFIRMED,25F,2d65aaff1dc20486978ace9c77e94bad4e166cd3201e51cc01a636e375a3a606,T7******,Y*****************,+9************
B1415,6F199,2026-03-22 11:37:36.951,PENDING,23B,3fd6c6a6cc99badcd994e57f26eb48e6a13687640d02d155eaed0cece624ed0e,L9******,O*****************,+9************
B1416,SJ187,2025-08-17 11:37:36.951,CANCELLED,20B,c8666e35e4376147daa64fbecafd2397fec3516cc643574c7d70e26fb1040f2a,X4******,U*********,+9************
B1417,AI182,2025-08-18 11:37:36.951,PENDING,8E,1e373aeda1556f7d6017e2900a519b40e81a9d833fb84176f353c5077e2b2936,X5******,T**************,+9************
B1418,SJ027,2025-05-04 11:37:36.951,PENDING,19D,d9b6a9917a89ffe75a69702b745bac5690f52c4610df6ffa7c927dbe92f70f16,A5******,L***********,+9************
B1419,SJ062,2026-01-20 11:37:36.951,CONFIRMED,20E,39d03c4167d7676d221533e473f0d21870452dfa5c4ba1cac63e2c5696ebf8b0,B0******,Y****************,+9************
B1420,SJ161,2026-02-24 11:37:36.951,CONFIRMED,27B,69fd58484aa6c379bc58b3399dcf2fa5c864da1db856d20cf157bb901840fd88,N4******,E**************,+9************
B1421,UK058,2025-10-03 11:37:36.951,Unknown,23C,028cb64631392a377977c87bedcb83b08efa3795ef7252615e60dd9e8b72102e,P0******,O********,+9************
B1422,AI181,2026-01-04 11:37:36.951,CANCELLED,12D,90b4e732ed7b857b631db1628f6d3aacca64e3954d38a803da76f97f588eaec2,G0******,Y***********,+9************
B1423,AI003,2025-06-12 11:37:36.951,CONFIRMED,14A,24408563e5a55389f4d0c14b5c0ea4c58f2f5884eb1733220397e93a75c7007c,D9******,A************,+9************
B1424,6F150,2025-11-05 11:37:36.951,CANCELLED,11D,54880709cf829c2d0d703d6ee6f77deed4c47aeb026f35def2f7a6b2e789432d,R0******,C************,+9************
B1425,SJ175,2025-06-28 11:37:36.951,CANCELLED,34E,0c217e152ccd55f1a535c71a74417b87d18517d362761af9e40aec699d050137,G6******,M*************,+9************
B1426,6F041,2025-12-15 11:37:36.951,CANCELLED,17C,370a5d9b1e3c152abd94138f869cda838b8cbfee5c965e3d0343efe0bebe74d5,N5******,V*******,+9************
B1427,SJ040,2026-04-15 11:37:36.951,CANCELLED,16E,228617b3e082657a58da30650b2fb1949a3b5e0caac340093eef48a1c41397dc,J1******,G***************,+9************
B1428,6F020,2025-06-17 11:37:36.951,CONFIRMED,27C,0271a1d8f8a99a208013ae3a75d36081e26d30472bc25ced8ac6dd1fcde8a2a0,J4******,T***********,+9************
B1429,AI248,2025-05-08 11:37:36.951,CANCELLED,27B,26376445980d26bc12941def79163d953b953328c691492cb9be226039995e6e,W2******,R***********,+9************
B1430,SJ016,2026-02-08 11:37:36.951,CONFIRMED,11A,9d2990bf14adf28987ad0230c0d32cf41e5dd7c9fe67790ce87de1a0d14dfc34,G9******,L*********,+9************
B1431,UK204,2025-11-21 11:37:36.951,CONFIRMED,31C,6cb07625c8ce61e7fb453d4f324e936581ec3f8f5a9910869e86bf2226480e9b,X7******,N**********,+9************
B1432,6F211,2025-09-02 11:37:36.951,CANCELLED,9B,bb7774ccaf953afb4ae638b67587b7b5f0570cabfbbdf5e8da80edee03a0829e,M3******,E************,+9************
B1433,SJ166,2025-05-07 11:37:36.951,CONFIRMED,5B,c7ccf6a417208a4d93399733f39ed59bee1b97558dd765c7045aa071123b4d68,A0******,L***********,+9************
B1434,AI036,2025-10-19 11:37:36.951,PENDING,30C,299bf2b46c2d2014c31c4e663242cf1252c7b080d88cce3b4a92f83b74d0b156,B0******,M*********,+9************
B1435,SJ215,2025-09-18 11:37:36.951,CONFIRMED,1E,080a17634682e71ccff40216f33d1db23888846acac37c1bcd92906b217651d1,V9******,B***********,+9************
B1436,AI076,2026-01-05 11:37:36.951,CONFIRMED,20B,142269fb0b4837a6e59968db67dd27409803d9d8ee3cfcd2f7b6e12f15b26ada,C9******,Y************,+9************
B1437,SJ012,2025-11-28 11:37:36.951,CANCELLED,24A,025863560afc7b8c9b2bb07f8c9b0b0e121df2fbbbe2f5a805e4307afc34d9a0,L6******,H************,+9************
B1438,AI073,2026-04-01 11:37:36.951,Unknown,20D,c69e01f1f8c5b49bd6cf223cf519595b36def4bdcaa285f1453b19422941dcc4,F3******,H**********,+9************
B1439,SJ173,2025-11-09 11:37:36.951,CONFIRMED,27E,a04db1b85ec66df8d551e8c37b9b69bc4e1ff6bc91c7992d9d371ebf4f5d58c4,J6******,T*************,+9************
B1440,AI193,2026-03-09 11:37:36.951,CANCELLED,25E,cb63a34e951c83ee61425ccfca410cae16bee83cbaec915c07c10ce5ef44a375,W0******,M**********,+9************
B1441,SJ131,2025-09-22 11:37:36.951,Unknown,13A,7a73ce2a7fc78ef30e7d3767823226ec53bad36409ec5e2d54d4373e77bfd26e,Z1******,M*************,+9************
B1442,AI225,2025-06-02 11:37:36.951,PENDING,11E,0a093d698b33ad8f3a16b652d006c66718f552e2709910d5db13ce04faab6a6a,L0******,U***********,+9************
B1443,AI190,2025-10-09 11:37:36.951,CANCELLED,9E,022b671b6c1a787f8e18f8f36dbe7fcbf50142158932d527006569dbebe96b3d,N5******,H**********,+9************
B1444,SJ238,2025-12-25 11:37:36.951,CONFIRMED,7B,b65304c929ac9ac90b919fca5846a082845092de07e4a41e87a5f1f26d69276c,H0******,F***************,+9************
B1445,6F005,2025-12-21 11:37:36.951,PENDING,5F,932990ec1a7797587578bdc8611fb94c98f194f57adeb99310c649a427a396c1,H0******,L***********,+9************
B1446,UK136,2025-09-25 11:37:36.951,PENDING,23C,ff028e62663a2d3fc2b4ac99baea8e4e38a5abad0e16a0661e0a49f39b6c64ea,P7******,V***********,+9************
B1447,SJ063,2025-05-21 11:37:36.951,CONFIRMED,15F,09d9f20b170cb65e13df0168ee65b5e40907a45c66b98230f59d7dd60c63a13a,B2******,E**********,+9************
B1448,6F175,2025-11-21 11:37:36.951,CANCELLED,9E,06cf5fba4db048c6700c1058a21ce384bf0093a18e77441744df25a610cba230,T2******,B***********,+9************
B1449,AI037,2025-05-23 11:37:36.951,PENDING,19A,a3a748f0e1d1d03123dca2f1ec659ecfa1e3393ea2b8f22a46ae8c38d64eea8a,C9******,G***********,+9************
B1450,UK225,2025-11-11 11:37:36.951,CONFIRMED,21C,c70935e216f396d69290bd6a36aa1f5ea38bdf31d34c313050e37f1f42d428af,R6******,G**************,+9************
B1451,AI141,2025-05-20 11:37:36.951,CONFIRMED,15E,fff5e2b2b327cbbbd75cfa1cec294713fdec51c162b57a10856ce07ffc06c27d,Y9******,S************,+9************
B1452,6F172,2026-01-26 11:37:36.951,PENDING,3E,7a73ce2a7fc78ef30e7d3767823226ec53bad36409ec5e2d54d4373e77bfd26e,T2******,C********************,+9************
B1453,6F219,2026-02-07 11:37:36.951,CANCELLED,16F,214570e8e57cbbedb0b4b324f9d19943a962fe8291da22434f634a5989e07f18,N8******,C**************,+9************
B1454,AI045,2025-08-16 11:37:36.951,PENDING,8E,ab64cb415612e62b2e83997f579ce67fe17cc0a0720320eefb864759ac62606c,X1******,D**********,+9************
B1455,AI198,2026-04-12 11:37:36.951,CONFIRMED,30A,109ca04420be7bd482269ed2ae4255dcd71241c4ba0ccae0fec8c698ff0eb2ae,B3******,J*************,+9************
B1456,AI120,2025-04-24 11:37:36.951,PENDING,17F,fb96f6804a99a12f7236eb188f60df8faf71dff19b717a27691417808a27d6f4,B3******,R**************,+9************
B1457,6F134,2025-06-11 11:37:36.951,CANCELLED,32D,4247c8365843695e9cf30d3275a93985871cdb957c8a5ea6dd92e44287754911,Y5******,Y********,+9************
B1458,UK102,2025-11-19 11:37:36.951,CONFIRMED,10B,593fee80959859d7d383c3e69ce7c146283f30f8e4abba15916346fcac056ee8,H8******,N*********,+9************
B1459,SJ199,2025-06-10 11:37:36.951,CANCELLED,1F,ffd7386b5130f996a8724381641ace5b1cff4a853c1553378584a30f244d5d3d,F6******,O*********,+9************
B1460,6F235,2025-10-01 11:37:36.951,PENDING,32E,cd9411366cb12a607d6557d82dd84d79ce3f1a60fd3c3b1587ea7debd76f97f0,K4******,F**********,+9************
B1461,UK065,2025-10-14 11:37:36.951,PENDING,33F,af73e26b43f653fd66c79ebf74dc6440a04dc060b0b4fadc2ff2726a16a2c325,J7******,W***********,+9************
B1462,6F135,2025-12-03 11:37:36.951,CANCELLED,26D,cd9411366cb12a607d6557d82dd84d79ce3f1a60fd3c3b1587ea7debd76f97f0,Y5******,L********,+9************
B1463,SJ148,2026-02-10 11:37:36.951,PENDING,31C,e5b07d8face3853f5042e4ebd798387247f04be2c406bacaf679ec9de5db41a3,Y5******,T**********,+9************
B1464,AI083,2026-03-07 11:37:36.951,CANCELLED,6B,e4a82b2a713097e6262aef24c33fd7d503c875339f1864d37634936f3a800a47,M9******,T***********,+9************
B1465,UK024,2025-07-02 11:37:36.951,PENDING,5C,9238aed697b53737552fb13265a728aa7c4afa319dee6756640baac14e5946db,Z5******,A************,+9************
B1466,UK220,2025-04-27 11:37:36.951,CANCELLED,28B,c78855de749f50c7f98e978b2cfdd41aa62ab578f4c1a64e282225ec59b10bc2,B2******,B***********,+9************
B1467,UK115,2025-04-30 11:37:36.951,CANCELLED,25A,9520ad3d7a70d319e14e25c5b52c6b6257fe2f5dd6bb98d388da154d09afb415,E6******,E**********,+9************
B1468,AI255,2025-07-16 11:37:36.951,CONFIRMED,14F,d53bf95834e2706661adf58091b3c62dd790be99457254b9d928c721b1549304,J9******,H************,+9************
B1469,6F001,2025-12-25 11:37:36.951,CONFIRMED,11A,c34c08c1d9a4c7f2bfb10683732101b1221af7112c810547556524f8b020442c,Z8******,P*************,+9************
B1470,6F132,2025-05-27 11:37:36.951,CANCELLED,24E,ad3bdf275e916fdac402d01898ca3a3c574ac15d01c763ad5c76f9a772a79c2f,E1******,T*************,+9************
B1471,UK184,2026-03-28 11:37:36.951,PENDING,8E,8e3db6260921f94bb9ae157f337c44374facb3a9d586ffbf3e2154d807ab9e9f,W6******,R*****************,+9************
B1472,6F098,2025-06-06 11:37:36.951,PENDING,3D,4c3a8fc84168a8bc126a5ca3af6e3f11b385eecb56dde50d00292dcc1c94ddff,W8******,V**************,+9************
B1473,SJ168,2025-07-19 11:37:36.951,PENDING,21F,10d6d6ecb2a19a228670bab3cf934566fd9976ff05b8628d509958a3af826188,V7******,W*********,+9************
B1474,SJ178,2025-07-28 11:37:36.951,CANCELLED,14C,db08aaf372fd832f574ba708a918e51fa6ba08576a45004fd5fe14fc02ff2777,N4******,J***************,+9************
B1475,UK111,2026-03-07 11:37:36.951,CANCELLED,2C,256c5e44719e844bb763f553a8626e4a668b28e4f71e8f1944f4c2ff6d097c34,Y2******,C*************,+9************
B1476,SJ051,2026-02-27 11:37:36.951,CANCELLED,32E,a759aaee0229400211580e1ddf0be6282fdb5e809de0389fc1b5944444cd749f,K2******,M**************,+9************
B1477,SJ193,2025-07-06 11:37:36.951,CANCELLED,18E,0dc9794bea46327cf2144b2ef6a23e05eb4caf4e2e093699f75cef32e0dcaa78,T9******,A***********,+9************
B1478,SJ039,2026-02-24 11:37:36.951,CONFIRMED,28D,8902a17473b6c437ff8c43e32cd934e7c42b00cb9b0bcc915a31c2c87b31af06,F8******,W************,+9************
B1479,UK066,2025-12-17 11:37:36.951,CANCELLED,22B,9c2461755b69c4ab97fdebbf778d8d1282e65164f889ae51c6c255fe6d33f20e,F0******,V************,+9************
B1480,SJ050,2026-03-14 11:37:36.951,PENDING,34B,9c98c8b1d89a4e55dce19251248a5b5625dd74a91c54075de00a12a03d978233,D0******,T*************,+9************
B1481,6F052,2025-06-11 11:37:36.951,CONFIRMED,4D,c40c05a54c634d27000ec2a324cd133a8f75e6c6b17a76f222eaa2d4022f889f,W2******,Z***********,+9************
B1482,SJ170,2025-08-29 11:37:36.951,PENDING,14E,d3b928029d494708eb591e8d42c935363494bd162fb1cb01829009349f88a1cb,P2******,G***********,+9************
B1483,SJ119,2025-06-09 11:37:36.951,Unknown,26B,493f03c091f1bb5b6181ee7ab114c66faeda7d62a9ca480f33d547d492e5b590,G3******,D*************,+9************
B1484,AI219,2025-05-07 11:37:36.951,CONFIRMED,13B,fd4ebc9dc6ac0128e148d02b89e1e098861fb5ee6cfc889d7d3d650a78290777,D3******,B***************,+9************
B1485,6F220,2025-07-05 11:37:36.951,CANCELLED,12D,d871d6c1b0f4950d7432ed3b0be98732dd480e982ae01be6db6934de4e5f7012,H9******,K**********,+9************
B1486,AI207,2025-05-04 11:37:36.951,CONFIRMED,3D,c78855de749f50c7f98e978b2cfdd41aa62ab578f4c1a64e282225ec59b10bc2,T5******,C**************,+9************
B1487,6F024,2026-01-26 11:37:36.951,PENDING,5E,cbce6411448934040ed7d1dde13cdc5b1476b8c4547803701bcc1ff5d7a66ced,X2******,O**********,+9************
B1488,SJ073,2025-05-04 11:37:36.951,CANCELLED,27E,22d376ef9d59991a42bcdcebe35f5a88750b13c18736b4849aeb338b61258bdf,Y7******,S******,+9************
B1489,SJ201,2025-07-08 11:37:36.951,CANCELLED,24F,cb4595eab2647a242da165867fc7547acb0bcb9b371785952c592621033867d4,K5******,J**********,+9************
B1490,AI180,2026-03-10 11:37:36.951,CONFIRMED,29B,3637cf9c2a0f3c442d1fc9871e196e275b5092307c15aaa343430617f1846df4,N2******,Y**************,+9************
B1491,UK022,2025-07-16 11:37:36.951,CONFIRMED,18F,f82a60e2bbf27d94e8721e47f2b4b031cfbd46b5601b4b93cbc8e7ce409d28ec,V9******,N************,+9************
B1492,AI202,2026-03-27 11:37:36.951,CANCELLED,29C,95edae0cf7e42aad8885909c537182f636aeabc79386efbbfd48ab71b16f1d99,Z0******,V****************,+9************
B1493,6F212,2025-06-01 11:37:36.952,CONFIRMED,26D,7b3d44d6828e3b78308e415c43238352b0b6f56ef167c891dc1c9bb0aa38c364,Y6******,H*****************,+9************
B1494,6F163,2025-06-09 11:37:36.952,CANCELLED,23F,fe31257e17d3e90525e09aca5aa6e17bf802824282552023f0a1b5291e996c1d,A8******,U**************,+9************
B1495,UK028,2025-10-15 11:37:36.952,CONFIRMED,27D,499e7285cc098ec708ff0827412797bc0639092672141320cf102be85b3a672f,J1******,L*********,+9************
B1496,6F243,2026-03-21 11:37:36.952,PENDING,7D,5b46c230b44c531a908051bb6c234888e249b44a92f98d515e82e9fdf1fb71bf,R8******,M**********,+9************
B1497,AI165,2025-09-02 11:37:36.952,CONFIRMED,11F,b24576ecd2ed6403ddcd31b778d1bbb7344f6a124efad807c9397688faa70322,X8******,G**********,+9************
B1498,UK099,2025-07-18 11:37:36.952,PENDING,3D,73ee0bb4a2c155aeed1fb6586e0965012a9fc446cb63b2adee5ffe3f0a8f5ccf,L2******,A***********,+9************
B1499,AI033,2025-06-17 11:37:36.952,Unknown,17C,39d1daf0321a65a7a8989f5b89cb63730fa04b1f78b6cde9b2f3502eab8f0d3a,W9******,J********,+9************
B1500,UK056,2025-04-30 11:37:36.952,CONFIRMED,22D,d645a3f176a42988183d2200a102f0dd10c25011d7269c08a05d7313fb10003d,H0******,J*********,+9************
B1501,SJ122,2025-09-04 11:37:36.952,CANCELLED,23D,2426b0a2227ebf71df01c02358fbe2e0c013c32dd2ed3111ac01227c7df8acd6,W8******,L*************,+9************
B1502,AI086,2025-10-15 11:37:36.952,CONFIRMED,23F,ea9422e929a13d02813de016955d26a0bfacef41fe3958c78687e7389e504468,E7******,H**********,+9************
B1503,SJ011,2025-10-17 11:37:36.952,CONFIRMED,25C,92e8e78de5ea033f2f0c07afe5f92fb5b2a2d23595888da275d9af9fd7d03490,N1******,U***************,+9************
B1504,SJ021,2025-04-21 11:37:36.952,PENDING,4E,e6450104d06644bf2863df9ed5582ce863511dbf53e43924bf1abbcc17608272,J9******,F*********,+9************
B1505,SJ106,2025-11-29 11:37:36.952,CONFIRMED,8F,4efa49bff9c89314e81068129ac6d30efef6f560b1d61faed6b4b18fdab4e2f5,A1******,D*********,+9************
B1506,SJ026,2026-01-29 11:37:36.952,CANCELLED,9E,c8666e35e4376147daa64fbecafd2397fec3516cc643574c7d70e26fb1040f2a,M1******,C***********,+9************
B1507,SJ245,2025-11-27 11:37:36.952,PENDING,20A,e1983cc03bd1e15f304800638b3586b3f744df3249efb51aa3f4cd8b0c105f37,T4******,J**********,+9************
B1508,AI023,2025-07-31 11:37:36.952,Unknown,9C,fb80277747aac668145bc47a70b7ee1c7a652955c60fd434859603bc2bb0f212,E1******,C**************,+9************
B1509,AI032,2025-09-25 11:37:36.952,CANCELLED,14F,10d6d6ecb2a19a228670bab3cf934566fd9976ff05b8628d509958a3af826188,F2******,D************,+9************
B1510,AI236,2025-05-11 11:37:36.952,CANCELLED,19F,e60442d25bc5f693c6cfc0937063c635de3a5baf3a0221977d97fdfdb824e54b,A4******,J**************,+9************
B1511,6F094,2025-12-24 11:37:36.952,CANCELLED,15C,ae37fa4a6e4efefde12bd52af53066456a5c1b5a8b5ad036317a0dc0218e0db1,Y3******,W*********,+9************
B1512,UK163,2025-12-21 11:37:36.952,PENDING,4A,932990ec1a7797587578bdc8611fb94c98f194f57adeb99310c649a427a396c1,C2******,K***********,+9************
B1513,UK163,2025-06-30 11:37:36.952,CONFIRMED,32B,671275e88f80ab6612b251a834bc7c2c958d795dd8d53e18ca9e1e16136f7771,E2******,S*****************,+9************
B1514,SJ045,2025-05-07 11:37:36.952,CANCELLED,21E,8e3db6260921f94bb9ae157f337c44374facb3a9d586ffbf3e2154d807ab9e9f,J8******,O********,+9************
B1515,SJ006,2025-07-06 11:37:36.952,PENDING,26A,afbd94f1848fd41087cc5acb8d09e72c4f5b0aad55a614d2754a32417907ca51,F9******,O**************,+9************
B1516,SJ103,2025-08-05 11:37:36.952,CANCELLED,34F,115f110efe2c65297179f84ceb6a5154ba53e08f2d9b5659b5417adaea4e61eb,M9******,V************,+9************
B1517,6F221,2026-01-16 11:37:36.952,Unknown,31B,611287edff2d9e602fc6312c5850f6c8c7f4718408f7c4e4adbda51ff8cefd15,K9******,A*******,+9************
B1518,SJ147,2026-03-20 11:37:36.952,Unknown,30A,255778825079acb5b763b6559c5fc45e24e91da572163fe53460a36801cb563a,G5******,K***********,+9************
B1519,SJ064,2026-03-25 11:37:36.952,PENDING,3C,10760f5869cb3300ef931074f9a321622460186725400f7051c238775eac7953,K9******,S***********,+9************
B1520,AI028,2026-04-02 11:37:36.952,CONFIRMED,27A,eb351e94403b6f60c95255ea5125d89d492595be2f89a2d45b3d0257990ba1fe,V8******,W*************,+9************
B1521,AI148,2025-11-08 11:37:36.952,PENDING,31E,120b27eb84582f377b5f050d3db3c581e073d05d4a308369ec0e71d4364d324b,G3******,H************,+9************
B1522,6F263,2025-08-31 11:37:36.952,CONFIRMED,1C,19e6df3eeb202a02ed4e1e0f8866f45558337bbbb2e80ceae25e0d804a6b4379,W1******,J***********,+9************
B1523,SJ067,2025-05-19 11:37:36.952,PENDING,21F,148b9ad00dca1b3d2358919e159c35911bb7a83968adaf8e861d72e83045df0a,L1******,M**************,+9************
B1524,6F061,2025-06-17 11:37:36.952,PENDING,23D,8c032fa2e7fa614df341181caf802873c2b310da6a8bbd341529120c3cf6fea9,H7******,R**********,+9************
B1525,AI254,2025-05-29 11:37:36.952,Unknown,11E,bf4ff98420fadf43b6c000838d75a055de2f506c98c68535320fa5759aa300cd,K4******,S***********,+9************
B1526,SJ136,2025-11-15 11:37:36.952,CONFIRMED,17D,744d91a3215c2e077d7367ccc23bcd54d683bfcb0b98cd6f5b8d3e627b607f99,C4******,S*********,+9************
B1527,AI046,2025-07-09 11:37:36.952,PENDING,8A,d53bf95834e2706661adf58091b3c62dd790be99457254b9d928c721b1549304,L0******,C*************,+9************
B1528,UK174,2026-03-28 11:37:36.952,PENDING,6E,ecbb0131879dd73033d039b6a05dbbaf1f5427c77db7d4a05c8e6587a0d6cd65,H9******,Y***********,+9************
B1529,6F066,2025-04-30 11:37:36.952,Unknown,34C,5c2ee892f9c113da083b5f93cb2cd85c59404e7f20884cd0a9799298b91cbc28,V4******,S************,+9************
B1530,UK095,2025-12-08 11:37:36.952,Unknown,23E,a283a09aa25e74844adbaa72805adfee5de273ca179f93f31826cf2ad4dc9551,M7******,S*************,+9************
B1531,6F063,2026-04-01 11:37:36.952,PENDING,30F,2bb472f799372f4d0f11780096f1b1c58d98d65d1f611d7d7e881bd650f76a1e,D9******,V***************,+9************
B1532,UK118,2025-04-22 11:37:36.952,PENDING,30A,d9b6a9917a89ffe75a69702b745bac5690f52c4610df6ffa7c927dbe92f70f16,E4******,M***********,+9************
B1533,UK218,2025-09-15 11:37:36.952,PENDING,28D,b7bdfefb74cf63d4089f12a9cb9200236d2dde0c566a54fe4ed303ec12724707,X8******,A***************,+9************
B1534,UK031,2025-09-11 11:37:36.952,CONFIRMED,34E,1da5ced675158aae1330e1b276fb9f70b0e2d9ca7441caf3321cabac534484ba,N8******,K***************,+9************
B1535,UK142,2026-04-02 11:37:36.952,PENDING,6C,c298cecdba76c83f263350d53e080a96bd431f42cd19de6efdd702431a28ae0d,P8******,Z***********,+9************
B1536,AI002,2025-06-01 11:37:36.952,Unknown,4C,0a7fd94c6462ec540a915ec379638303b93d6dfc232cab50baaa2fd78eab14ee,A0******,I*********,+9************
B1537,UK070,2025-10-08 11:37:36.952,CONFIRMED,21F,24fc7c6096a40eed288c35c622b441eb6bbde8a9aec94edb595f67cc2e17b907,W6******,K***********,+9************
B1538,SJ121,2026-03-17 11:37:36.952,PENDING,8E,214570e8e57cbbedb0b4b324f9d19943a962fe8291da22434f634a5989e07f18,R0******,I************,+9************
B1539,UK201,2025-06-11 11:37:36.952,CONFIRMED,20B,653cdfb1325933b24ada6db5a4afeff363cb0f52acd1f049ffaae98513b44a5e,X1******,E*********,+9************
B1540,AI138,2026-01-15 11:37:36.952,CANCELLED,7E,d28a5ecd0c7360caecb8cd4b87c981d024e1f3f4aff9164e9ef19df5655d5133,D3******,O*********,+9************
B1541,SJ014,2025-12-16 11:37:36.952,CONFIRMED,26A,b126a52f3502ee36d639ea4ee356481f58bb7dc6129dc08dc71d2f7e6d19b1e9,K5******,C***********,+9************
B1542,SJ053,2025-12-13 11:37:36.952,PENDING,14F,e418a33441293cc1bdedf9aaf5268b3bd55d10b8eafe856461cfa59230986bff,V7******,O*********,+9************
B1543,SJ241,2025-06-16 11:37:36.952,CANCELLED,4F,c4373c1b39af67a844b4f0fcb9af4efccc01f7d47ee13a02e81537fb003c3306,Y6******,I***********,+9************
B1544,AI249,2025-09-01 11:37:36.952,CANCELLED,16A,eda3949b35498cd8ba32356b6e4f2e4346d199d612ffd85403d4ac73cdb19ee6,L8******,V***********,+9************
B1545,AI176,2026-03-08 11:37:36.952,PENDING,8A,b50944dade76ec98abeef33d1290c664cff21210c0f9ec364d41618f67e11f83,N3******,J**************,+9************
B1546,SJ234,2026-04-02 11:37:36.952,PENDING,32B,c06f7e72b998fc9e261e8d3ddfd20ab26150349272c2872e7cdc582105ae227a,H6******,I*********,+9************
B1547,6F115,2025-04-18 11:37:36.952,PENDING,16C,598f3ecd29618917be0a856163f8961e27fcdd51dd54738d4dbe36dfd365acb1,F8******,Y*********,+9************
B1548,AI020,2025-10-04 11:37:36.952,CONFIRMED,7E,a965c821df17a512bfcddb4713aabf5da605a30c3b3e016e047f14523f413b2f,C6******,C**********,+9************
B1549,AI020,2025-12-16 11:37:36.952,CONFIRMED,24A,c3b65a7f63cdf9077407c656298c53cf2f5eb3571bcc4fa8c5d8b5aa74f4d8bc,Z3******,C*************,+9************
B1550,6F079,2025-12-06 11:37:36.952,CONFIRMED,10D,92e8e78de5ea033f2f0c07afe5f92fb5b2a2d23595888da275d9af9fd7d03490,W8******,A*********,+9************
B1551,6F104,2025-11-14 11:37:36.952,Unknown,8E,b80f0792f54b48b735169ad48fab43e1494809354d2a41baabde61a641586c52,P2******,V************,+9************
B1552,UK046,2026-02-06 11:37:36.952,PENDING,32D,54ea7cded53f3952244526e5fb2f0efa0d1871a1bec73f5f12883b6444b9b590,L3******,P************,+9************
B1553,SJ217,2025-11-15 11:37:36.952,CONFIRMED,33D,680933683d5650204f499668478e9ceed7b994ffc70329e2e7e8993996f3cbdc,Y0******,V*************,+9************
B1554,6F142,2025-08-26 11:37:36.952,CANCELLED,8D,91d46efeb9c1ecd916a62857d2bcb0e07955223b7cf4cd40817fc0bfb04391b1,M1******,E*********,+9************
B1555,SJ139,2026-04-04 11:37:36.952,CONFIRMED,3B,120b27eb84582f377b5f050d3db3c581e073d05d4a308369ec0e71d4364d324b,A6******,E***********,+9************
B1556,6F059,2026-01-18 11:37:36.952,CANCELLED,31D,bf96c740475045fb1786249fe2e468ebbfb7f344c8c9e37c7fc645650e6c64cb,X8******,D***********,+9************
B1557,6F067,2025-08-10 11:37:36.952,PENDING,17A,844bcfc3767694bbbc1892893b5dfe528b050cc8a7fb5cc5533ae56387edd1ca,H3******,A********,+9************
B1558,AI007,2025-08-07 11:37:36.952,PENDING,27A,1b785ebc8f4e10966f25cc0ddce41c34d6d52826425038d97b29a9ed23cdc167,A9******,L***********,+9************
B1559,UK202,2026-01-20 11:37:36.952,CONFIRMED,5F,5f77afa3d4c2de29a329918512584b72196ce1432c866ae54e161e3a5aebcf8a,E6******,C*************,+9************
B1560,AI200,2026-03-07 11:37:36.952,CONFIRMED,18C,d5169308ce3fd20e529e3b94cc846e5723dbadb54b0c69af7ceb2713f60c1692,C9******,Y************,+9************
B1561,UK172,2026-01-27 11:37:36.952,PENDING,18C,9182058658b2ce97182ebc13b51ac923a7c0558824d95a958924aa218357a9ed,B7******,H****************,+9************
B1562,6F214,2025-05-01 11:37:36.952,CONFIRMED,10B,5f42312a213a917091439e08d41d8a5f948e75823347c53210a3cf38b485968c,Z1******,T***********,+9************
B1563,UK037,2025-09-11 11:37:36.952,PENDING,27B,255778825079acb5b763b6559c5fc45e24e91da572163fe53460a36801cb563a,R0******,S********,+9************
B1564,AI022,2025-08-14 11:37:36.952,PENDING,17F,4ff00403397e83e71b7bac58d46092c1f4c0558542749ae813ddab899eacdeb3,M1******,O*********,+9************
B1565,AI243,2026-02-06 11:37:36.952,CANCELLED,20D,d852af5fb259e5b86aebef43fc2da8fda39e2fce74a88a7fe83002d7f4381525,P1******,S***************,+9************
B1566,SJ174,2025-10-08 11:37:36.952,CONFIRMED,29F,67455a9d4cfb64033f16ca44861f86efbe78638e044bcee1eac0d45a747f402c,N3******,O**************,+9************
B1567,SJ079,2025-11-13 11:37:36.952,PENDING,9A,badbc8cd2f0a1abb3798a7e4bfe25aeb01f21bc0469d012e92ad7a53f4909490,E0******,D**********,+9************
B1568,UK097,2025-12-21 11:37:36.952,CONFIRMED,21A,fff87090542f8b51a79bf35133444b0f8471fe4637a7ded64d144766c44e7bdc,P8******,D***********,+9************
B1569,AI013,2025-12-26 11:37:36.952,CANCELLED,14E,bdc50ba48d0be6aa003dd8438cee8b3fb28a6d39822633c122919b3043491d3a,T3******,K********,+9************
B1570,UK196,2025-11-21 11:37:36.952,CANCELLED,25E,43162d4ec9ebb8ca231a1237815ccd5f56ac1f07f4f470abc2f47b5de6c05c29,G0******,U***********,+9************
B1571,SJ213,2025-11-06 11:37:36.952,CONFIRMED,2C,bb7774ccaf953afb4ae638b67587b7b5f0570cabfbbdf5e8da80edee03a0829e,V7******,G**********,+9************
B1572,UK119,2025-05-26 11:37:36.952,CONFIRMED,5D,7e8681b0b5dcad0de38066ad7b0a7c2be54c6d39727b1b40a94c03a56faa1c3e,J6******,G*************,+9************
B1573,AI043,2026-03-18 11:37:36.952,PENDING,19B,dd2315e37eac92923af0c408e6edec9c9bf13aae20166f1afb4bb3235b7b3553,J4******,G************,+9************
B1574,AI043,2025-04-29 11:37:36.952,CANCELLED,18A,9c2461755b69c4ab97fdebbf778d8d1282e65164f889ae51c6c255fe6d33f20e,E1******,K************,+9************
B1575,AI143,2025-06-16 11:37:36.952,CANCELLED,2B,7aa176d0a5f6a996e7fe57dec83784416fe6d898c98ce4815d2a6492d57a6472,A9******,F********,+9************
B1576,SJ032,2025-10-20 11:37:36.952,Unknown,6F,a0c14a5b58b318831041a0da4ae6ad5e5c47e2a06ebdc9e3c8b149b595d8a682,Z5******,N***********,+9************
B1577,6F050,2026-01-24 11:37:36.952,CONFIRMED,23A,2dc43d859714a78e509c0d7143436d2f896de5518e1837c78151c59ccd78bcf1,K8******,P***********,+9************
B1578,AI134,2025-12-25 11:37:36.952,PENDING,6B,e2aecd9570718a8807f0e8649e84f841cbd416fa94f569737c9c3127f2702b4f,E1******,B**********,+9************
B1579,6F182,2025-04-24 11:37:36.952,CONFIRMED,28E,f2e1cb35b74d366920d797365caeeaab3eea7db0becc60fb58aac63acd97e1de,N4******,I************,+9************
B1580,SJ086,2025-10-08 11:37:36.952,CONFIRMED,20D,a759aaee0229400211580e1ddf0be6282fdb5e809de0389fc1b5944444cd749f,G7******,Y***********,+9************
B1581,6F170,2025-08-06 11:37:36.952,CONFIRMED,3D,9c8b72e9309f1ca4a801e836ae3ee548e4fab5ba18437be41dbac15e14aa7c97,V3******,M*******************,+9************
B1582,UK168,2025-04-24 11:37:36.952,PENDING,34B,89b838af3563d06bd281ffd294bd47fee3a54113f63f7076dd031563c4a41c3f,X2******,U*************,+9************
B1583,SJ072,2026-02-22 11:37:36.952,Unknown,33D,0b40c4ed7240e82b9daeb1d3d1dfec63f961836cb323b1a80f47700b744efddb,Z2******,I***********,+9************
B1584,UK075,2025-04-28 11:37:36.952,CANCELLED,21C,f74c7ceeba75df59fec0de11c68f8fbc5171cbd8ec128eddf975cde87f58a095,B8******,I*************,+9************
B1585,6F233,2026-01-08 11:37:36.952,CANCELLED,1C,323969a7963eafc6513bc14886c789e73bb1919adde854ed931330089747a1aa,E0******,U*************,+9************
B1586,SJ143,2025-11-13 11:37:36.952,CANCELLED,25B,92929313a75069630a3f41a498062f3b99dc58e1bb7aaab8b084ebdfa4e98f0c,G3******,A**********,+9************
B1587,SJ246,2025-06-28 11:37:36.952,PENDING,34E,ad3bdf275e916fdac402d01898ca3a3c574ac15d01c763ad5c76f9a772a79c2f,N7******,A*********,+9************
B1588,SJ247,2025-11-04 11:37:36.952,CONFIRMED,10B,901331ea90015d4bc0291766f4f107a0d34cb5ed3825fec0e3dbd03717fde73a,J1******,A**********,+9************
B1589,UK157,2025-08-31 11:37:36.952,PENDING,3D,05eea77c075ff7329e9eb383df908cc03d91db1aad14d9e93f0e534a08c2d972,T3******,H*****************,+9************
B1590,UK069,2026-04-01 11:37:36.952,CONFIRMED,25B,0211dba0308362d09d12cce5048bc85a2ef253da3e6168f427992abe6729bcef,L4******,A**********,+9************
B1591,AI106,2025-11-20 11:37:36.952,CANCELLED,8A,a29b0b8a8a5283bcac0ee3f87fc316a362732ca213d0d6508e9fe78f2c82a662,A9******,L**********,+9************
B1592,UK085,2025-11-17 11:37:36.952,CONFIRMED,24F,872ce3ad7cd88dc979b90e4a798b5a58bad12953f5433bbf4125c0fea3b9c0c8,C1******,E**********,+9************
B1593,6F087,2025-09-24 11:37:36.952,Unknown,1A,4f298002003d87c1d612ccc5bd08710bf4a0e8820b936ee256fe2747d11f2c86,V2******,A**********,+9************
B1594,AI067,2025-06-01 11:37:36.952,CONFIRMED,25E,c298cecdba76c83f263350d53e080a96bd431f42cd19de6efdd702431a28ae0d,L3******,T***********,+9************
B1595,6F226,2026-01-07 11:37:36.952,PENDING,4E,b502debe7f09d395199c85c9dc20b9edbc7eb055b4499ff2ea811a2cf747ddfb,X4******,O********,+9************
B1596,SJ210,2025-12-20 11:37:36.952,CONFIRMED,15E,a283a09aa25e74844adbaa72805adfee5de273ca179f93f31826cf2ad4dc9551,Z0******,H***********,+9************
B1597,6F269,2025-10-23 11:37:36.952,CONFIRMED,33A,057f584babdcf5f8b5a00a11422fb1d3548b0f6452655b0d7c48cae445d21bcf,K0******,K********,+9************
B1598,UK013,2026-01-02 11:37:36.952,CONFIRMED,11B,e34896f79a0e0759380ec16c206f581d69ced88424a2c7256da86cdf0e0a46dc,L2******,E********,+9************
B1599,UK013,2025-09-30 11:37:36.952,PENDING,9E,f1f58d998de0d7ee37881e3c74ed382741c723ad260b60c0acb6992675a46475,A0******,C************,+9************
B1600,UK143,2025-07-20 11:37:36.952,PENDING,2C,8265fbf82c26f5f4ea4718318fd82549bd67feb2c7eee42d0a82a978fff7527f,W1******,N*********,+9************
B1601,6F262,2025-09-07 11:37:36.952,PENDING,28D,f1e921ffaf861ea372dd545d469e4e291357c01134a401015942fe6a92883e31,B0******,F*********,+9************
B1602,6F042,2025-07-07 11:37:36.952,Unknown,2A,d74aca86f92c65cafecdfff785341967ab44bd2039bb62550cf700740e5c15a3,C2******,S***********,+9************
B1603,SJ118,2025-12-06 11:37:36.952,CANCELLED,17E,323969a7963eafc6513bc14886c789e73bb1919adde854ed931330089747a1aa,E9******,V***********,+9************
B1604,SJ118,2025-11-17 11:37:36.952,CANCELLED,3C,49062701bc17258527088cf07c7e776ff9ab8fd2f895f78327fd26d784ff1985,T6******,O************,+9************
B1605,SJ082,2025-10-03 11:37:36.952,CANCELLED,6C,da15c99dc20d50e06abebbb036a7275c44ea7d078611a19e8af04cf4cbd45319,R6******,T***********,+9************
B1606,6F015,2025-07-18 11:37:36.952,CONFIRMED,23E,5e7e23a4ca4cb432c8a49b9a8ae99d22522d1ee10d3b1f32eb5c62ce1a2b8e14,M7******,I*********,+9************
B1607,AI101,2026-02-02 11:37:36.952,Unknown,30F,381fb8bf617b85b1500be36389446b3dcb63971f826b60836e4b32f6d1d2c80a,T6******,Q*************,+9************
B1608,SJ110,2025-06-28 11:37:36.952,CANCELLED,10B,cfc35c9d3cd9f8deea603f67203cba18ef85d22d30213c6a46b654ef9dafab3e,R0******,B************,+9************
B1609,SJ042,2025-10-21 11:37:36.952,CANCELLED,19D,d78d33086a6ac7092ce5210ee0bc93c09febeb9745177ccab0a40151aeb89c3b,Y7******,D**********,+9************
B1610,6F145,2025-10-13 11:37:36.952,CONFIRMED,27A,fb8fab599298ca767005a6c1027c660a1c2d3ffd621b3543c2e094475a60f63a,C2******,T**********,+9************
B1611,UK029,2026-01-05 11:37:36.952,CANCELLED,14C,4f298002003d87c1d612ccc5bd08710bf4a0e8820b936ee256fe2747d11f2c86,X7******,C****************,+9************
B1612,SJ200,2025-04-18 11:37:36.952,CANCELLED,28C,115f110efe2c65297179f84ceb6a5154ba53e08f2d9b5659b5417adaea4e61eb,P6******,S************,+9************
B1613,SJ209,2026-01-29 11:37:36.952,CONFIRMED,6A,9891e403b0f09d3ef6bb6a150444d7aed41685e904c6f0657120ac5fec5ca431,M4******,S**************,+9************
B1614,AI116,2025-05-11 11:37:36.952,Unknown,30B,687eea855b2141c9b9b456d62f95581bc6ee5de2ee9f5f5a62c04e8464f8bf98,Y7******,A**********,+9************
B1615,6F117,2025-05-23 11:37:36.952,CANCELLED,33B,02d9d27ae05319a4f21cb92e5b6fcf3b4e27956a143b05e78c46a8aece4ee338,P3******,F********,+9************
B1616,SJ181,2025-12-23 11:37:36.952,PENDING,17A,44095b416ec47fb21c8b6f1953f3931c1cfc2f9c0971d99fdf5baa95f0a9425a,V4******,A*************,+9************
B1617,AI070,2025-05-10 11:37:36.952,Unknown,18A,c8825a62bdff38dd0a66384c87a053d4c10cda8640c32505017564104dd13cbd,D0******,Q*********,+9************
B1618,AI070,2026-01-19 11:37:36.952,CONFIRMED,1B,127d54786aaee6c1941a732885eece87c3ff2ffb3b58fe9b4877dfbc618469c7,A1******,K******,+9************
B1619,UK042,2026-02-05 11:37:36.952,PENDING,13A,984e6bf675c3775a7207205f3101cf0f21f6b264d95d6966c29af3f0a427ad3f,D8******,V***********,+9************
B1620,AI169,2026-02-24 11:37:36.952,PENDING,1B,304f4d73814c7a525c525b9a96053ef9d930c17a0f3b9888f8d7c5242bf8daec,X9******,I********,+9************
B1621,6F021,2025-12-21 11:37:36.952,PENDING,27A,1047b7c4faa338bb338b8d60b66d9ae0e7d14f1ec9f747437882f4f724a283ff,D3******,M************,+9************
B1622,SJ046,2025-06-23 11:37:36.952,PENDING,19F,8f17adbeae4fc7c3ee6893ebd6558cfd4943303f3c27ddd33e31e307de8a659e,N2******,R**********,+9************
B1623,AI211,2025-08-17 11:37:36.952,CANCELLED,22B,9e61fe0e86b4cad7a455db60ce2f8d93248386a575d692ca20e92bff7c443b4a,V5******,T****************,+9************
B1624,SJ091,2025-12-20 11:37:36.952,CANCELLED,34F,21b69c3f33f23bff6682534eb2985655efef5b8d811c12b3598bd7c5078c22e6,F1******,D*************,+9************
B1625,AI123,2026-04-05 11:37:36.952,PENDING,7D,6dbf5c97b3972bc33cc630fd9406dd1e2957e28daf5a308f8093967137802876,E7******,N**********,+9************
B1626,6F053,2025-04-17 11:37:36.952,CANCELLED,25C,7b3d44d6828e3b78308e415c43238352b0b6f56ef167c891dc1c9bb0aa38c364,V1******,B****************,+9************
B1627,UK012,2026-01-09 11:37:36.952,PENDING,27E,7f7a4a05ac7584dc445b403e3f3476be43426f7f0889117eb963af5f8bb1d4c5,D8******,N*********,+9************
B1628,6F023,2025-11-25 11:37:36.952,PENDING,33A,6da5c98a0e976031563964f81b319886e196349ae9f369ba8040a279181cfcee,F4******,E********,+9************
B1629,AI250,2026-01-02 11:37:36.952,CONFIRMED,11A,b3b2bddc4a1da01906c583ec44330f267849113c6afe3d26e04eafb43be7bbba,Z4******,T*************,+9************
B1630,AI238,2026-04-07 11:37:36.952,PENDING,26F,576f2b5c5c776cbeb15003127b514a4311d2de2a9e3efe9a4ba27e25ace5cb12,B6******,G*************,+9************
B1631,UK096,2026-02-17 11:37:36.952,CANCELLED,24F,9dbf68e071e2c1bc37c5acc4c1e6272d719672928db5a6393249fee4ee9951b0,N7******,H***********,+9************
B1632,UK126,2026-03-30 11:37:36.952,PENDING,1D,c341214938cd7c5edf253986538ef88ba218fc4e63ddebde1dedabac2d723091,L0******,R************,+9************
B1633,SJ195,2025-08-30 11:37:36.952,CONFIRMED,8E,04dc00943c6cc896642b413a0bca1fa231546546ab965f8f9d290a068e3bae06,G5******,F**************,+9************
B1634,SJ171,2025-12-25 11:37:36.952,CANCELLED,1C,2a8fcf287fa1e6f5228499fe1342b2862e5284695bd138093267305e7772a4b3,E4******,D**********,+9************
B1635,AI136,2025-08-14 11:37:36.952,Unknown,7C,6d64c5db9320443a09f781a2448e89f34f0981a8a62009bf634605c5eed2f85c,P9******,T***********,+9************
B1636,SJ192,2025-05-27 11:37:36.952,CONFIRMED,22B,fff87090542f8b51a79bf35133444b0f8471fe4637a7ded64d144766c44e7bdc,T5******,O******,+9************
B1637,6F035,2025-12-01 11:37:36.952,PENDING,27C,69b5e68dd6e023bdce827c0154123c85c52134492db4a8d2f6017b5502cb9da6,C1******,Y***********,+9************
B1638,UK088,2026-02-23 11:37:36.952,CONFIRMED,22C,0e313068dce20d1ac040c00e54c27f768f8f2aab412ed5d0f51094152054fda2,V9******,Y**********,+9************
B1639,6F009,2025-09-14 11:37:36.952,CONFIRMED,24E,86d87cbac905451cd1cf943b93648d0f6b147644f646a978feb82bf0245d63b5,W1******,I**************,+9************
B1640,6F004,2026-01-28 11:37:36.952,CANCELLED,30B,e453e79b699aadfa85bc39c7dd2730f841d1f87123c949fdea49d3dc23717e6b,D5******,M**********,+9************
B1641,UK122,2026-03-27 11:37:36.952,Unknown,28D,515ee739d3b1e850ea87009babf136b0542638289a3c4aa231c50bec8a47e40c,N0******,H**************,+9************
B1642,AI251,2026-02-15 11:37:36.952,PENDING,4E,b6699f1f75b07aaa96b7f6f1ef1d6d58c2b00d2f311d23df9be2942ca0335ae7,B5******,A**********,+9************
B1643,AI027,2026-02-04 11:37:36.952,PENDING,14A,f20ce3cb543f67bc821a65bd2b3e7b00675b3ea0919d18456fa618faaeb38386,M6******,O********,+9************
B1644,SJ165,2025-10-20 11:37:36.952,PENDING,20E,3d686e842d77285c197c6e50a56b5426bbb37bfc344fe8b5849ff21cf82dc6c7,K3******,F*********,+9************
B1645,UK081,2025-08-16 11:37:36.952,CONFIRMED,17D,2a8fcf287fa1e6f5228499fe1342b2862e5284695bd138093267305e7772a4b3,R2******,W*************,+9************
B1646,UK191,2025-09-27 11:37:36.952,CANCELLED,28C,705e8a54ff06745a1d7eb7683081564cad6419b93cd7e231e99b8e45438caae8,R2******,S***********,+9************
B1647,SJ188,2025-11-06 11:37:36.952,PENDING,14F,a5d7ccdbaa33ef6ad8ff6cdca600e6bb1ab3186089c6286d1695f87fd374721f,R6******,D********,+9************
B1648,6F016,2025-08-09 11:37:36.952,CONFIRMED,33D,2b4d0c8fdf599c052b4fd074e6545ad56cfab92217400417ac526e1780373df0,P2******,R******,+9************
B1649,6F064,2026-04-05 11:37:36.952,PENDING,4F,c4815f266028f068c58e0b99f862eeaf65c210e25072af5e72a63ca53af020e4,A4******,U***********,+9************
B1650,SJ105,2026-04-03 11:37:36.952,Unknown,10D,4501ed1c58dd1fd2e579358f8d11c8862f6f538680eb712ec38db5827d52e883,M3******,C*************,+9************
B1651,SJ054,2025-09-09 11:37:36.952,CANCELLED,21B,1e373aeda1556f7d6017e2900a519b40e81a9d833fb84176f353c5077e2b2936,P1******,D***********,+9************
B1652,6F197,2025-12-19 11:37:36.952,PENDING,23C,e34896f79a0e0759380ec16c206f581d69ced88424a2c7256da86cdf0e0a46dc,R0******,Y************,+9************
B1653,AI040,2026-03-26 11:37:36.952,CANCELLED,31B,15258cca169e4b6fac5a723b1441d132e8627640980bf983d4302cc0334534b1,C9******,D************,+9************
B1654,AI131,2025-08-14 11:37:36.952,Unknown,31A,9a5d603fd6eacc409027cb091b3ea3b03a3857bd38efe4a1b2ad7e450b585085,E7******,S*********,+9************
B1655,6F141,2025-10-09 11:37:36.952,PENDING,7D,a41aa336bdc7df1d3bea1213766b0634d96c32553c29944da7da1b2c140dbf6f,C7******,D**************,+9************
B1656,UK035,2025-05-12 11:37:36.952,CONFIRMED,26E,7b6084460742c67cf5d01ffbb3d49073946d33ade4f6b271e63e320f18a9b4e0,K2******,B***********,+9************
B1657,AI005,2025-08-28 11:37:36.952,CONFIRMED,12B,c4815f266028f068c58e0b99f862eeaf65c210e25072af5e72a63ca53af020e4,M2******,G**************,+9************
B1658,AI001,2025-06-22 11:37:36.952,CONFIRMED,18D,9ace1218d596c69b7238faa697878d47b85d4c5220f641a097ab72a8eae1a1bd,P9******,L**********,+9************
B1659,UK211,2026-01-17 11:37:36.952,PENDING,6D,b3b2bddc4a1da01906c583ec44330f267849113c6afe3d26e04eafb43be7bbba,P8******,B****************,+9************
B1660,SJ189,2026-04-04 11:37:36.952,CANCELLED,12D,b63f0c822b6e830ae9c355c7894d5c011f41efd0b6667b3a0d2cf9230d8bea10,B5******,R**********,+9************
B1661,UK006,2025-04-21 11:37:36.952,PENDING,18D,459b89f1c1c07e4eeab0dd6c7d5c40bea90d231854870ac2ef30273e6339ae40,J4******,V**************,+9************
B1662,6F189,2025-10-13 11:37:36.952,CONFIRMED,17A,a741b6dd8a5b8f1543b96f75d81f04debe9ac7dcb9e5ac7f7c4a3de6ce352b3d,W0******,M*************,+9************
B1663,AI133,2025-05-16 11:37:36.952,CANCELLED,15B,afbe1d334c79478b8e5626b3ba334e5e23163f59e7cf271ac0ca60d0fef851fb,Y9******,S**************,+9************
B1664,SJ216,2025-11-08 11:37:36.952,CONFIRMED,25B,6c78ca347eb017af2b5b06207cb1dbb8974d9429ed43b397a5e91b4af78ada20,F7******,H*********,+9************
B1665,SJ133,2026-03-04 11:37:36.952,CANCELLED,29D,1a2d875e42cbcde58b46c3f2e6c2423ce2bee58a8f47dd3d0f6823ae4cdf7fa1,B4******,Y**********,+9************
B1666,UK082,2026-03-05 11:37:36.952,PENDING,32C,6ab8a8743eee13a379d2cdc3e72ce0519cad4434e395705b497796e2feb00f0a,F7******,B***********,+9************
B1667,6F136,2026-02-16 11:37:36.952,CANCELLED,32C,2f421b3dbb240a28a434b83b1cd56f07a31b837f7ed07d6d7286da17287b5bdd,R0******,R***********,+9************
B1668,6F039,2025-04-30 11:37:36.952,PENDING,3B,d2d103f48be2ff0f5fc94d7dec21c6e07325ec0b483c03ddd3c55ceb699a3fed,F0******,N***********,+9************
B1669,AI011,2025-06-16 11:37:36.952,CONFIRMED,3E,304f4d73814c7a525c525b9a96053ef9d930c17a0f3b9888f8d7c5242bf8daec,C5******,K*************,+9************
B1670,SJ225,2025-05-12 11:37:36.952,CANCELLED,16C,4a6add987cf788a4b9d925cf7495e0b62399b75355bfea4e79eeb1b51656f843,F5******,L********,+9************
B1671,SJ024,2025-07-08 11:37:36.952,CONFIRMED,22C,2160872f2e614a13bff2e81412b0948c5fdc0e77ddbb5981e2fc4ff99c926561,E5******,H**********,+9************
B1672,AI109,2025-08-01 11:37:36.952,CANCELLED,14E,e453e79b699aadfa85bc39c7dd2730f841d1f87123c949fdea49d3dc23717e6b,B3******,G*************,+9************
B1673,AI147,2025-06-12 11:37:36.952,Unknown,28B,c9a061d04a6e0a5d88cffda77b795792bfeebad00ac005bbf03dfd8987a6a0ea,H3******,F************,+9************
B1674,UK057,2025-11-03 11:37:36.952,CANCELLED,18C,3803ac7fb64c7eeb9a408f241b02c35acff29c60c4d586f144124c8fd24a24ee,W0******,L***********,+9************
B1675,6F111,2025-08-01 11:37:36.952,CANCELLED,9A,2160872f2e614a13bff2e81412b0948c5fdc0e77ddbb5981e2fc4ff99c926561,X0******,Z************,+9************
B1676,AI197,2026-04-14 11:37:36.952,PENDING,24C,a95e4735d40f1b587fbcb3f12289b87ed52b2654c3c0e088aa4a07ec062a5a42,H7******,G*********,+9************
B1677,UK127,2026-01-31 11:37:36.952,PENDING,29C,ccf9bd5ff5d83a193323ce5f3df498036b7b1159d06d994ae19139d4297a49dc,A6******,L**********,+9************
B1678,6F240,2025-12-31 11:37:36.952,PENDING,24B,1a2d875e42cbcde58b46c3f2e6c2423ce2bee58a8f47dd3d0f6823ae4cdf7fa1,E2******,D****************,+9************
B1679,6F257,2025-08-17 11:37:36.952,CANCELLED,25A,8327c2ee1689aa6dc970de7411a1fbd55b93f654d304f70be74eabe49621e002,P4******,K*******,+9************
B1680,AI253,2026-03-19 11:37:36.952,Unknown,11F,5462e26b2c4f69495b9a7e04fdb2576e4484537640762a2bd5ef3724ad75b5d3,A9******,D**********,+9************
B1681,SJ135,2026-04-02 11:37:36.952,CANCELLED,15C,fd4ebc9dc6ac0128e148d02b89e1e098861fb5ee6cfc889d7d3d650a78290777,E4******,F************,+9************
B1682,UK112,2025-07-10 11:37:36.952,CANCELLED,20B,d79a34f57b1a7071f7288264b812d63b840ca7fee1b295f044992392ab2a1e9c,L1******,G************,+9************
B1683,AI050,2025-08-07 11:37:36.952,CONFIRMED,9C,e2aecd9570718a8807f0e8649e84f841cbd416fa94f569737c9c3127f2702b4f,R7******,Y*************,+9************
B1684,UK060,2025-11-18 11:37:36.952,PENDING,8E,d74aca86f92c65cafecdfff785341967ab44bd2039bb62550cf700740e5c15a3,E1******,A***********,+9************
B1685,SJ183,2025-05-15 11:37:36.952,CANCELLED,25E,e851077501cff6e3779cda283f08b1ff8ce02b3d044258a6f250445dff32101b,A4******,D***********,+9************
B1686,UK138,2025-11-17 11:37:36.952,CONFIRMED,23E,c7ccf6a417208a4d93399733f39ed59bee1b97558dd765c7045aa071123b4d68,H2******,T********,+9************
B1687,SJ071,2025-10-12 11:37:36.952,PENDING,22F,f578969533b3f6b3dab72ec2fdc7d0592f61427e461cec167f4c481805ab303e,L7******,V***********,+9************
B1688,AI057,2025-06-14 11:37:36.952,PENDING,9D,1790ea86025b84f7e5d62043ed8a411e768d2626fbad93bf03569dc640a3fc49,V8******,U***********,+9************
B1689,SJ151,2025-07-10 11:37:36.952,CANCELLED,20B,48d0441e3c09dcd5670121d6361a6d933c03274afe1b985e939e761d08ce4230,V4******,M******************,+9************
B1690,SJ144,2025-06-28 11:37:36.952,PENDING,12C,bb9132d26cbca0e016df03b78092d28936b000d4e484bc0e3b0a154484a240ed,M1******,C*****************,+9************
B1691,SJ087,2026-01-23 11:37:36.952,PENDING,12E,2931a606a61afdcb673da2a9e0ac7d0783f700c913a9f329ea2ea116a99e8c3b,D8******,Y***************,+9************
B1692,SJ066,2026-04-02 11:37:36.952,CONFIRMED,18A,b86c4bf1fa01ec51c15c338168d4e625007e59b602487261959fbf8382ec9ceb,X4******,B*************,+9************
B1693,AI247,2026-01-02 11:37:36.952,CONFIRMED,11F,0211dba0308362d09d12cce5048bc85a2ef253da3e6168f427992abe6729bcef,X2******,K*********,+9************
B1694,SJ102,2026-04-01 11:37:36.952,PENDING,24D,dc8011c04d95da8562c51fdfb92dc4d19e6f865742bc5f706bbb420e4da47fcc,E6******,M**********,+9************
B1695,6F252,2026-04-13 11:37:36.952,CONFIRMED,4F,c3b5a3d13ab79aa38e9f97712a3550cd325822a0b9e0da7a393f66418d817c46,C7******,P**************,+9************
B1696,6F055,2025-11-28 11:37:36.952,PENDING,11C,e118c8da2cb41a25eddceec8caef73a9a328651d0c4e2ee3445d67b04909d028,H3******,R***********,+9************
B1697,AI204,2025-11-12 11:37:36.952,CANCELLED,34B,40c119ce6fc328a5c7c2fd0a572c20e08caaeb8003f3659b6a371d8a062fefb9,C9******,N**********,+9************
B1698,AI016,2026-02-02 11:37:36.952,CONFIRMED,31D,61d0f276b7160f04f92ce7d852f04296612a23d85e104124985a1e3f1afb6a25,B5******,W************,+9************
B1699,AI209,2025-12-11 11:37:36.952,PENDING,15D,9e9cdc2bf4b91e70025e63cc7ea079b158f64e6d9631a7cc43556b9c29593df6,K3******,B**********,+9************
B1700,SJ211,2026-01-04 11:37:36.952,PENDING,14B,89fef259b03bd24a0b841cd92ec8accc906ac07ab48804c073e5facfc880bcc5,J6******,V***********,+9************
B1701,6F103,2025-10-16 11:37:36.952,CONFIRMED,13F,8a3b05f6e9fd84906e5ba274b4076218de6899ba8b20e9fc1d5b1bf6632e3601,A9******,W***********,+9************
B1702,UK182,2025-04-22 11:37:36.952,CONFIRMED,31F,c24146553498b11133c73b471f128c4034fbbc101da3d55d16b786b97abc6fc3,M4******,U**********,+9************
B1703,6F264,2025-12-25 11:37:36.952,CANCELLED,19B,37b790ac45eacb4d66f50b7c5f6adfbbd850f1ef459633d46e1335583be1bff6,M7******,J************,+9************
B1704,6F027,2025-07-23 11:37:36.952,PENDING,29A,63fe68f9c14d380c2f19c9c816ddda65f85fade6e22e9cea4ceddc45edabf834,J6******,T**********,+9************
B1705,UK198,2026-01-31 11:37:36.952,CANCELLED,3B,5f9fc9f7518e6c902d2c9c26bab9cde54ba7b8338dd4c90b8bf4389ad2bd956a,T9******,L**************,+9************
B1706,6F171,2025-09-07 11:37:36.952,CANCELLED,15C,7e41938799d4afd46db8bc75a3b0b483a41627daacf0c1f4f8ecee4cff16c534,H7******,O*********,+9************
B1707,AI004,2025-07-05 11:37:36.952,CANCELLED,1B,19298fd58334c2576e49a117e7714d5a8dc0fc9a1b9e879f7f8eb13fcb898319,L3******,R********,+9************
B1708,6F157,2025-11-22 11:37:36.952,CONFIRMED,3C,ad18c2be469e3664cc92c52ab98aec9203c0c3fb68b9d8eabb7487c6e41e1afd,W5******,Z*********,+9************
B1709,AI018,2025-10-03 11:37:36.952,CANCELLED,22B,54880709cf829c2d0d703d6ee6f77deed4c47aeb026f35def2f7a6b2e789432d,G8******,V************,+9************
B1710,UK098,2025-08-05 11:37:36.952,CONFIRMED,21E,1244258127ff3e4e2a0c965fc60154de658644e5e621ab1c633773331b25c5f5,L7******,H************,+9************
B1711,6F167,2026-01-29 11:37:36.952,Unknown,4C,04c31ead0dacb627c690602a1aa6e9a1d82a08b75fce9493dce8c3c852365ce2,B9******,J********,+9************
B1712,AI228,2025-09-06 11:37:36.952,CANCELLED,17C,9d45c506c68e3dcaa91fce413ba276f0080cfdb813fa637eb649e7325b0a106d,Z6******,F*********,+9************
B1713,SJ242,2025-08-31 11:37:36.952,CANCELLED,17D,fef3551179d3071c36364f32685122bf5ea6d3a401fcc5707960d1986ef03b46,B6******,A**************,+9************
B1714,6F227,2025-12-11 11:37:36.952,PENDING,34C,b10cca87bf39c2434d094f305e8c8bbe33583cbb8f70956cc9b07aa8d93058c9,N3******,Y**********,+9************
B1715,6F037,2025-08-27 11:37:36.952,CANCELLED,20C,95ed3a25932715f1de8783452bb10dbaced0de8e556476eaa3187ba6fcec8432,E7******,R*************,+9************
B1716,6F107,2025-12-22 11:37:36.952,PENDING,28A,88f7f4237aee189269417ac81c4f97a2e3ac25262ca5a762f39b765660e4cc46,R8******,T***************,+9************
B1717,SJ125,2025-11-06 11:37:36.952,CANCELLED,14A,06cf5fba4db048c6700c1058a21ce384bf0093a18e77441744df25a610cba230,H3******,I***********,+9************
B1718,UK117,2025-06-17 11:37:36.952,CANCELLED,9B,fbfdae7167ca504fb6574b58058717aec2eb950ea169dfd4a4e81f4a4d437af7,Z7******,O*********,+9************
B1719,6F192,2025-11-12 11:37:36.952,CANCELLED,29E,30e4512135119c357868dcfa2a810326ae9f8f4c74a43016116bf2ba33458b3a,P7******,M**************,+9************
B1720,AI201,2025-11-27 11:37:36.952,CANCELLED,27B,fff87090542f8b51a79bf35133444b0f8471fe4637a7ded64d144766c44e7bdc,G8******,K**********,+9************
B1721,SJ126,2026-03-25 11:37:36.952,PENDING,21A,e9dfb2b48762cfcee48cc9c529caa8770eb7098d475585da5e1488755cbb697a,F8******,L*********,+9************
B1722,AI177,2026-02-10 11:37:36.952,PENDING,5E,5283b565c90cc536cabe0fdd947f5841872cd6c8449d1b96e8ec0de5a4e2ce4d,E2******,K**********,+9************
B1723,AI092,2025-12-23 11:37:36.952,CANCELLED,26B,60a3b7a0fd4cf4e8dc1da079b82ba46eaee77e024dc64e63fdfa76f3bbaf39cc,R0******,A**********,+9************
B1724,6F076,2025-10-10 11:37:36.952,CANCELLED,11D,c69e01f1f8c5b49bd6cf223cf519595b36def4bdcaa285f1453b19422941dcc4,G9******,H***********,+9************
B1725,AI185,2025-04-29 11:37:36.952,PENDING,1E,b452f773ffff3926beaaad32ab667feca29d88e78d63af3d188e475c318f0619,E6******,M***********,+9************
B1726,AI055,2025-05-14 11:37:36.952,CONFIRMED,2B,d1000269373ad872e18776d20eb8dc5b504cce157382b94c11b4519be82a3aeb,K9******,B************,+9************
B1727,6F222,2026-03-15 11:37:36.952,CONFIRMED,27D,695819effb2e647cc96708c12760d26f7fac82ba6343df6ef1c4dfbb5bf9eee0,H5******,U*********,+9************
B1728,AI090,2025-12-12 11:37:36.952,CONFIRMED,1C,d391d51a20b5d10035274f269e7693ad48de80b4ff99b61855f4e4313eb28a99,Y2******,U*********,+9************
B1729,AI183,2025-06-03 11:37:36.952,PENDING,4F,b80f0792f54b48b735169ad48fab43e1494809354d2a41baabde61a641586c52,V2******,A*********,+9************
B1730,AI041,2025-04-29 11:37:36.952,PENDING,25F,9d2990bf14adf28987ad0230c0d32cf41e5dd7c9fe67790ce87de1a0d14dfc34,C7******,A************,+9************
B1731,6F210,2025-07-12 11:37:36.952,CONFIRMED,25F,42b87e547dae3cf711f32022a9cb7cf3f038e48e2752358e9b58cd59aa5e7d1c,J3******,T*************,+9************
B1732,AI170,2026-01-15 11:37:36.952,CONFIRMED,3A,08198b0acd2a75c2621123be72730f105a8950937931312ed96e5ffdd406f017,X2******,P***************,+9************
B1733,SJ008,2026-04-16 11:37:36.952,CANCELLED,2E,acaa798e8ab832a8831bc3b9ff7b7ad8e4926ab6ecfe3615f68d17b4df47976f,Y2******,B************,+9************
B1734,AI049,2025-09-29 11:37:36.952,PENDING,27E,e2aecd9570718a8807f0e8649e84f841cbd416fa94f569737c9c3127f2702b4f,Z1******,C**********,+9************
B1735,SJ132,2025-05-12 11:37:36.952,PENDING,34E,bc76842e61ebedca26bcd9eaf418e5a4f40d29050372a9af629044dc36ec1983,K4******,C************,+9************
B1736,SJ224,2026-01-26 11:37:36.952,CONFIRMED,28E,e7c39412523d8efa559edb6f28acdd154dbe16ba18f8dab0afeea3e4ab42e006,F7******,O**********,+9************
B1737,UK038,2025-06-11 11:37:36.952,CONFIRMED,1E,61c7785b723e9eeaf6effd5f5cef092f29f2c1764a0738be4ec9ec230c0a4872,Y6******,D***********,+9************
B1738,SJ220,2025-08-14 11:37:36.952,PENDING,27B,9e9cdc2bf4b91e70025e63cc7ea079b158f64e6d9631a7cc43556b9c29593df6,E0******,X**********,+9************
B1739,6F124,2025-06-29 11:37:36.952,CANCELLED,34F,e958f2dc756a3c1c4d30f40512bdcd9baf35851950e7e1014c5429fad541b219,J3******,A*********,+9************
B1740,SJ164,2025-11-16 11:37:36.952,CONFIRMED,14D,afd81ec419f86cb4489130cd42d84f23b6fba17ab902661d11149968be4e16da,C2******,W***********,+9************
B1741,AI026,2025-05-18 11:37:36.952,PENDING,18E,2244667f8f0e743ad64e69773549c10f24ec562186584437d06aade905076416,C2******,B***************,+9************
B1742,6F144,2025-09-14 11:37:36.952,PENDING,16D,2300988a2e179648451303b5288c8a4e2de25daf44d18e59b0f864cb00f24f4e,B3******,A***********,+9************
B1743,6F137,2025-11-21 11:37:36.952,Unknown,6F,5aadc6c083027b2b87c4aecc6767c86098104772d3a66d0dda11ab4cd031b0b5,K0******,W***********,+9************
B1744,UK139,2025-09-05 11:37:36.952,CANCELLED,10A,370a5d9b1e3c152abd94138f869cda838b8cbfee5c965e3d0343efe0bebe74d5,M4******,R***********,+9************
B1745,UK139,2025-05-20 11:37:36.952,CONFIRMED,27B,b9c3c485ab3ab0dcda11120fd6a81621479eb013cec7b53ac5b9f8cd2e0006d5,X7******,J********,+9************
B1746,SJ140,2025-08-31 11:37:36.952,CONFIRMED,34D,3335200f8c13730ce3ea39e3d6099320f25e1b2be89a55f4666f7d507c45c594,H6******,Y***************,+9************
B1747,6F131,2025-04-20 11:37:36.952,CONFIRMED,9F,e0c4ae7c95c83413b3810dd2b7255fcbf8bf407eef7a1b01f21fc01e0d1b73e1,C2******,A*****************,+9************
B1748,UK128,2025-11-15 11:37:36.952,PENDING,9A,2160872f2e614a13bff2e81412b0948c5fdc0e77ddbb5981e2fc4ff99c926561,F9******,U*********,+9************
B1749,SJ219,2026-02-19 11:37:36.952,CONFIRMED,23D,6613c11bef2f73d9c12f23614a08b0db2e5ce7955b24d9c36106912af1ec814a,N1******,L***********,+9************
B1750,SJ159,2025-09-21 11:37:36.952,PENDING,33D,24fc7c6096a40eed288c35c622b441eb6bbde8a9aec94edb595f67cc2e17b907,Y8******,Z**********,+9************
B1751,UK192,2025-09-19 11:37:36.952,CONFIRMED,17E,7367c04f5225397375bd5fdbf583232e6c813b63fac8efd4b7f203061fd3d10f,Y2******,I**********,+9************
B1752,AI014,2025-08-13 11:37:36.952,CANCELLED,34F,da273dc1a032c58510a0f5c40b7fb445a2c5d7764c0948ba9af184c805cbed4f,V4******,H************,+9************
B1753,SJ152,2025-08-08 11:37:36.952,CANCELLED,5C,2af52ca08bb9fbb89df00853ffc63d8669d9d91595d5543e8e0537bbcce1272d,Y1******,H***************,+9************
B1754,SJ060,2026-02-11 11:37:36.952,PENDING,3C,e60442d25bc5f693c6cfc0937063c635de3a5baf3a0221977d97fdfdb824e54b,Z7******,K*********,+9************
B1755,AI127,2026-02-17 11:37:36.952,CANCELLED,10F,214570e8e57cbbedb0b4b324f9d19943a962fe8291da22434f634a5989e07f18,K1******,I***********,+9************
B1756,SJ096,2026-01-27 11:37:36.952,PENDING,11F,df5b29f2ff7bba8607f3a0e88336de8a46fdaface5e5b3177310f9a192d55512,B9******,P***********,+9************
B1757,AI215,2025-04-24 11:37:36.952,PENDING,22B,ead35841a79fee2737d8873b15d094d44e54d831f202fb3ddc4fa84ae3ebb6ad,A5******,V************,+9************
B1758,UK009,2026-02-28 11:37:36.952,CANCELLED,26B,79bfd5dc59b585de98a96bc123673a45df114171ea2f649f20cdb96008c54d3e,T6******,K****************,+9************
B1759,AI171,2025-10-26 11:37:36.952,PENDING,16F,070c4bb71150965a2eb0e9679d4faa62494d101fb20b461e34dcec7b51ea5414,M6******,T***********,+9************
B1760,UK151,2026-01-14 11:37:36.952,CANCELLED,31B,d7883315352f12fa20d6c19c3f82874e6c989873552679c898d43df7c276fcec,Y6******,C***********,+9************
B1761,AI099,2025-05-22 11:37:36.952,CONFIRMED,15A,acaa798e8ab832a8831bc3b9ff7b7ad8e4926ab6ecfe3615f68d17b4df47976f,K3******,C************,+9************
B1762,UK050,2025-06-04 11:37:36.952,CONFIRMED,32B,499e7285cc098ec708ff0827412797bc0639092672141320cf102be85b3a672f,Y5******,B*************,+9************
B1763,UK092,2025-10-06 11:37:36.952,CANCELLED,3B,03175f6d9373fae95f71dc8c7d95e3ffa5e79c08a1daef004201db6dd42430bd,T5******,D***********,+9************
B1764,SJ058,2025-06-20 11:37:36.952,CANCELLED,13B,5b46c230b44c531a908051bb6c234888e249b44a92f98d515e82e9fdf1fb71bf,Y9******,M*************,+9************
B1765,SJ090,2025-12-21 11:37:36.952,CANCELLED,1C,653cdfb1325933b24ada6db5a4afeff363cb0f52acd1f049ffaae98513b44a5e,G4******,Z************,+9************
B1766,6F173,2025-09-07 11:37:36.952,CANCELLED,1F,11e337e7f9c993d8b3c88c25c9e2e9bbc27748902b1cdc5fb3f93994054d08bc,A7******,R************,+9************
B1767,AI186,2025-11-19 11:37:36.952,CONFIRMED,6D,3e07b24d68cceb8f5990bbe9ddead6b3884030d562f4a7d373834ee6a19c26ce,L1******,I************,+9************
B1768,AI130,2026-03-23 11:37:36.952,PENDING,13C,09d9f20b170cb65e13df0168ee65b5e40907a45c66b98230f59d7dd60c63a13a,F8******,G*************,+9************
B1769,SJ111,2025-11-23 11:37:36.952,Unknown,6F,bc683045521964cc94c27ae99da8e08e4629083220090d5554cb70c1e97832f6,C8******,J**********,+9************
B1770,6F203,2025-08-04 11:37:36.952,CONFIRMED,8D,8327c2ee1689aa6dc970de7411a1fbd55b93f654d304f70be74eabe49621e002,R4******,R*************,+9************
B1771,6F138,2025-05-24 11:37:36.952,PENDING,1F,07b5816b6b729469de051b69faedb1ac6ebf19a846845c130c0eb96ee1b79a88,T7******,R*******,+9************
B1772,6F109,2025-08-29 11:37:36.952,Unknown,10B,8827f01ea81cde4c6fa53dba33d2ae9301c138d84422893db8d51fadaa58f6e1,K1******,H****************,+9************
B1773,AI074,2026-01-01 11:37:36.952,PENDING,16E,11e7405e976ffe2fd78666cff7c08b5698c1ab4dc4b8917abe86e0e24ee45002,W0******,W**********,+9************
B1774,UK161,2026-01-07 11:37:36.952,CANCELLED,1B,29b50a0cf1005354bee43ac4169f609fce2718c926a49545f42418af74a1306a,W8******,J******************,+9************
B1775,AI008,2025-06-19 11:37:36.952,CANCELLED,14B,dc8011c04d95da8562c51fdfb92dc4d19e6f865742bc5f706bbb420e4da47fcc,F9******,A***********,+9************
B1776,UK121,2025-12-27 11:37:36.952,CANCELLED,17A,070c4bb71150965a2eb0e9679d4faa62494d101fb20b461e34dcec7b51ea5414,P2******,P**********,+9************
B1777,6F154,2025-04-26 11:37:36.952,CONFIRMED,11A,9985af7cd23dbc3b0b3d6d654015391b8f54314efe44e9f3501c1b8821178042,P7******,Q*********,+9************
B1778,6F161,2025-08-01 11:37:36.952,CONFIRMED,10D,b56dbde0e0be2b561f40b96027c685159781a84b10adca21d650d985af9ada1e,Y1******,C**********,+9************
B1779,6F153,2026-02-01 11:37:36.952,PENDING,22B,d75a676921b0b5ba379cbf71c9d5375969007807daae094e5449add02f6f5e55,D5******,H***********,+9************
B1780,6F225,2026-02-10 11:37:36.952,PENDING,11B,d1a1bf1d8dd5ff9e5e33bd3693b9717147d2f499df1369ae6c49644bcaa6d610,F1******,F*************,+9************
B1781,AI191,2026-02-09 11:37:36.952,PENDING,18C,4247c8365843695e9cf30d3275a93985871cdb957c8a5ea6dd92e44287754911,H9******,D************,+9************
B1782,AI218,2025-08-18 11:37:36.952,CONFIRMED,25F,64f53d7e7225fc3d64f3f6540d1a810613c211b2494cdf30765f96cf586355c3,B8******,P************,+9************
B1783,6F267,2025-09-28 11:37:36.952,PENDING,25D,09d9f20b170cb65e13df0168ee65b5e40907a45c66b98230f59d7dd60c63a13a,Y9******,S************,+9************
B1784,UK125,2025-08-20 11:37:36.952,CANCELLED,1B,704f2f60253518efc14299ff656eb4988280160e8ddf10b534a049233fcfa873,F3******,S**********,+9************
B1785,6F208,2025-08-19 11:37:36.952,PENDING,1B,604c9afd067fac61e2daa8a506a2030f2d8c48a0c123a8b1750c198b0cf829c3,W4******,I********,+9************
B1786,6F119,2026-02-12 11:37:36.952,CANCELLED,26B,5601c71b94b41720a92b86c2520a6d04c5491ffb8752f889898611516c318484,N0******,A************,+9************
B1787,AI063,2025-07-11 11:37:36.952,CONFIRMED,1E,ea2b1af5291e12c0c2611bb064e78be7b194642f34f2e9ff47c1ae8e4c81c7bc,A5******,F*********,+9************
B1788,UK016,2025-06-05 11:37:36.952,CANCELLED,2B,479494608e848a1d5d0d63f7eca2960cb719fa53a73d3843775867fd73e68570,G9******,J**************,+9************
B1789,6F048,2026-01-13 11:37:36.952,CANCELLED,30F,1beed7d23e2d1c4909736ea917fc62445217e0090173c58c386af3e43d18ba28,A9******,N************************,+9************
B1790,6F266,2025-04-23 11:37:36.952,CANCELLED,28A,593fee80959859d7d383c3e69ce7c146283f30f8e4abba15916346fcac056ee8,D9******,L*********,+9************
B1791,AI167,2026-02-24 11:37:36.952,CONFIRMED,3C,b4fdf273d54b2ade5506a89ba09603e0594ca44b488621e16852cbc787ac395d,M7******,B***********,+9************
B1792,6F165,2026-01-17 11:37:36.952,CONFIRMED,8E,856bbb0eb3f62ba53d9232d061765401395111a87959203e6a069e16a3df57fd,W9******,E************,+9************
B1793,SJ104,2025-11-25 11:37:36.952,CONFIRMED,14C,9585a6fe9fdeb56c2583cf346135f842c524d064c6d136b701ea94cc32f44710,W1******,J*************,+9************
B1794,UK160,2025-06-26 11:37:36.952,CONFIRMED,8D,048c0b96060f4d3b4701bde452d4b9f8fd255421f16e96394f39d7a6660db18c,L6******,L*********,+9************
B1795,UK160,2026-03-21 11:37:36.952,PENDING,9C,9feaf3cbcf88f00a6be9a5b871e6dd47c6bee76eb8c5a751689bb4c97a8023e4,L6******,M**************,+9************
B1796,SJ230,2025-11-28 11:37:36.952,CONFIRMED,9B,592a57960e97968130e17ea1674c5e746a86ff2626425d1c4d1c0ac8160ce884,R0******,K************,+9************
B1797,AI042,2025-06-03 11:37:36.952,CANCELLED,1A,7d6e0117236bb59cdc989b4cc6f3dadf97dabbbefd1f8558ff0907ca3c56d895,C5******,S*********,+9************
B1798,UK197,2025-05-16 11:37:36.952,CONFIRMED,23E,9f2f59aa1afc6e3ea30f02b73476f19278f1836a70249a7315963ed68f307055,Z1******,L**********,+9************
B1799,AI107,2026-02-05 11:37:36.952,PENDING,16E,a8d3a0706b90b36155c04d4b89075e41c3b938d6e766092b6952382382ae7676,B5******,J**********,+9************
B1800,SJ128,2025-08-22 11:37:36.952,PENDING,7F,0669854a969bcd54ef9b4e00cea98eac24127874b83cb68a2b9c141578eac258,R9******,D************,+9************
B1801,6F121,2026-04-14 11:37:36.952,PENDING,34F,f0260781fb2aba4e4277a4959cefacd2211aef405843b1b72f148059b1d4d91e,R9******,Z*********,+9************
B1802,AI111,2025-06-30 11:37:36.952,Unknown,16B,9238aed697b53737552fb13265a728aa7c4afa319dee6756640baac14e5946db,K6******,A************,+9************
B1803,SJ137,2026-02-21 11:37:36.952,CONFIRMED,24F,360aedd4c530685d1e43c10ce4c08b4b058c3d72906b4d4ddc621c898663fb49,Y7******,X*********,+9************
B1804,AI232,2025-11-12 11:37:36.952,CONFIRMED,1F,677104faba0eb37cf9fc7912e402bb55962271b7b600ba163c03b6446ac91de4,F3******,L*********,+9************
B1805,SJ113,2025-10-26 11:37:36.952,CONFIRMED,14B,9585a6fe9fdeb56c2583cf346135f842c524d064c6d136b701ea94cc32f44710,F2******,A*********,+9************
B1806,AI117,2025-08-02 11:37:36.952,CANCELLED,17A,7f7a4a05ac7584dc445b403e3f3476be43426f7f0889117eb963af5f8bb1d4c5,Y7******,S**********,+9************
B1807,6F185,2025-06-28 11:37:36.952,CANCELLED,12C,1da5ced675158aae1330e1b276fb9f70b0e2d9ca7441caf3321cabac534484ba,E5******,B******************,+9************
B1808,AI194,2026-01-26 11:37:36.952,PENDING,3B,0179073eea13ca752a402c44f3c114d2f7d66509a2002d8ceaa4c35a155f86aa,T3******,R*******,+9************
B1809,UK045,2026-04-09 11:37:36.952,PENDING,13B,69439960bbccf2a6815cbefbc75c9ef207538300e4957acf44d36871752a1f41,F0******,K************,+9************
B1810,6F228,2026-03-20 11:37:36.952,CONFIRMED,34B,a965c821df17a512bfcddb4713aabf5da605a30c3b3e016e047f14523f413b2f,J4******,S********,+9************
B1811,SJ190,2026-04-04 11:37:36.952,CANCELLED,25A,20e09fcd1bcdf6adcace35266b8c3d44d1b16ac792d199846a07ecfb1f4d5dd1,T5******,S*********,+9************
B1812,AI156,2026-01-06 11:37:36.952,CANCELLED,8A,ffd7386b5130f996a8724381641ace5b1cff4a853c1553378584a30f244d5d3d,P9******,E**********,+9************
B1813,AI104,2025-04-21 11:37:36.952,Unknown,9D,448e628481ab8a8379ecc20c077dc8fe5c213bd5675ccb10c8e3ae3be06e316e,N4******,D***********,+9************
B1814,UK033,2025-06-22 11:37:36.952,CONFIRMED,26C,67bd11a206eac494c3ee8e3d36126c731ac5750467ea07b569f985a27e5c9729,R3******,C************,+9************
B1815,UK137,2025-05-01 11:37:36.952,PENDING,3C,b3e6d1ab51a6c1534788e4eb16a6c052c8bdf5dbbb9b409228f6f9687c117684,R0******,O**********,+9************
B1816,UK214,2025-06-21 11:37:36.952,PENDING,20F,e34d7953edffb5aa7d573df25e747cf0750e426691648d08082ee9d74512c5f9,Y8******,Y************,+9************
B1817,6F033,2025-06-07 11:37:36.952,PENDING,28D,9e2f9c24c28060dfb0d26c450d358ff0a1919faefff2cb04462ad2ef0384b5af,T4******,J**********,+9************
B1818,AI114,2025-11-07 11:37:36.952,CONFIRMED,26B,3becf5df47bdff1dce63de3a38197a771e8c19aa38bef135b1a459eec32e1105,M9******,L**********,+9************
B1819,AI017,2026-01-19 11:37:36.952,CONFIRMED,21E,120b27eb84582f377b5f050d3db3c581e073d05d4a308369ec0e71d4364d324b,N4******,W**********,+9************
B1820,6F244,2025-12-01 11:37:36.952,PENDING,18E,e1688c6ebc004780bcad9096d26756199cbe40862ca62d8e2d77c7a2f82d0a5d,X3******,J***********,+9************
B1821,6F160,2025-11-27 11:37:36.952,PENDING,1C,a8424e40f58a8f17525741e7a40184f0f28afe975a639be8591ff86e6fea896f,Y8******,U*********,+9************
B1822,6F088,2026-01-05 11:37:36.952,CANCELLED,17D,2a83efe6c04452bc9e1eac7659666fc1e2ef8b35ba2aa9dbe5e67d44c035a4d9,P6******,G*************,+9************
B1823,6F155,2025-11-26 11:37:36.952,CANCELLED,19E,4a6add987cf788a4b9d925cf7495e0b62399b75355bfea4e79eeb1b51656f843,D2******,D**********,+9************
B1824,AI095,2026-04-15 11:37:36.952,PENDING,9B,d63e39fef866b582f833b5b8f1530f88b3f009a5a2a58f85bd8084715dbe2dcb,J0******,V***********,+9************
B1825,6F139,2025-05-17 11:37:36.952,PENDING,5E,39d03c4167d7676d221533e473f0d21870452dfa5c4ba1cac63e2c5696ebf8b0,K2******,N*********,+9************
B1826,6F101,2025-07-11 11:37:36.952,CANCELLED,19A,9c0013f4322332d261239555dffec69c06732e935d1aee087ffda938caa7c7ab,G7******,E*********,+9************
B1827,AI054,2025-06-23 11:37:36.952,PENDING,20D,e3645aceaf7263fa768480a43ba4286e60fa254f986bb1b251864417b42f1c9c,B6******,E************,+9************
B1828,SJ094,2025-05-18 11:37:36.952,CANCELLED,25B,d1a1bf1d8dd5ff9e5e33bd3693b9717147d2f499df1369ae6c49644bcaa6d610,A5******,S*************,+9************
B1829,6F217,2026-01-15 11:37:36.952,CANCELLED,4E,71fc9efcf34b34c06caf917fe6fa53b81133b60a7a7c7779e94702f1341eae8b,Y7******,Z****************,+9************
B1830,6F100,2026-04-15 11:37:36.952,CANCELLED,23C,1da5ced675158aae1330e1b276fb9f70b0e2d9ca7441caf3321cabac534484ba,C6******,K**********,+9************
B1831,6F081,2026-02-05 11:37:36.952,CONFIRMED,21C,10760f5869cb3300ef931074f9a321622460186725400f7051c238775eac7953,V6******,K*******,+9************
B1832,SJ156,2025-06-17 11:37:36.952,CONFIRMED,4D,7a8dbeb399925db31777ed6db9dc78ee45725d2407faffa8b8c9caf4aaf355f7,D2******,Y************,+9************
B1833,6F060,2025-06-07 11:37:36.952,PENDING,27D,ffd7386b5130f996a8724381641ace5b1cff4a853c1553378584a30f244d5d3d,V6******,J********,+9************
B1834,UK129,2025-08-14 11:37:36.952,CANCELLED,33E,61864ff2276be466a69ab1a9b45c546576ecb6da65cdcc0c9639a94034459d6e,L1******,M***********,+9************
B1835,UK032,2026-02-07 11:37:36.952,CONFIRMED,2E,080a17634682e71ccff40216f33d1db23888846acac37c1bcd92906b217651d1,A2******,N***********,+9************
B1836,AI166,2025-09-23 11:37:36.952,PENDING,13A,344b1186310b77f634c517ebc362e73d1cb88d8e5d694dc75479b5ded6baa922,L7******,E***********,+9************
B1837,SJ056,2025-10-31 11:37:36.952,PENDING,22F,08cb2d3a1162156fae3f8de8547a4392bc4947f04eba00d88607c9bff433f76a,J2******,H*****************,+9************
B1838,SJ101,2025-06-12 11:37:36.952,PENDING,18F,b24576ecd2ed6403ddcd31b778d1bbb7344f6a124efad807c9397688faa70322,Y8******,B*************,+9************
B1839,SJ065,2025-05-09 11:37:36.952,PENDING,9C,88f7f4237aee189269417ac81c4f97a2e3ac25262ca5a762f39b765660e4cc46,P1******,Z***********,+9************
B1840,SJ100,2025-04-19 11:37:36.952,PENDING,34A,a0c25461e64548f72466c7b41f7c1ce11519b24093f5c3c8768a5d448cc49500,W4******,A********,+9************
B1841,UK011,2025-10-24 11:37:36.952,CANCELLED,1E,2300988a2e179648451303b5288c8a4e2de25daf44d18e59b0f864cb00f24f4e,B7******,C***********,+9************
B1842,6F062,2026-02-17 11:37:36.952,PENDING,3B,a41aa336bdc7df1d3bea1213766b0634d96c32553c29944da7da1b2c140dbf6f,Z3******,G************,+9************
B1843,SJ176,2025-08-15 11:37:36.952,CANCELLED,23E,f2263e28156d59f14eeba4506859687fe65b088df07c14a0ab56af2a77f09d65,F9******,O******,+9************
B1844,6F120,2025-11-26 11:37:36.952,CONFIRMED,3B,61f8803a3134263d8bfec218adc0e2c08d82dee956fdd3bd3fee819009604317,V4******,O**************,+9************
B1845,AI121,2026-03-05 11:37:36.952,PENDING,24A,9fca29bf66969aa3fdb96b272c6b766185937f5a27ffffdc97de71a222add84d,R7******,B********************,+9************
B1846,UK072,2025-08-30 11:37:36.952,CONFIRMED,34F,202a18c1cead1aefca4dd10f410a8f34d3810987db2370d290f9b59362b79bd0,V6******,F********,+9************
B1847,AI006,2026-04-06 11:37:36.952,CANCELLED,11B,d5169308ce3fd20e529e3b94cc846e5723dbadb54b0c69af7ceb2713f60c1692,L8******,A********,+9************
B1848,SJ231,2025-05-19 11:37:36.952,CANCELLED,30D,907899adc7befe7a3cf0c0e78d12864b7810bfac2e943f81733ef0096b7819b0,P0******,O********************,+9************
B1849,SJ129,2025-06-24 11:37:36.952,Unknown,12E,b6212904303d11c84dc00f8f5c6098f40ef16b4cfe72e0e8f527f43238cbd88b,V3******,W***********,+9************
B1850,6F110,2025-04-21 11:37:36.952,PENDING,33B,63ff9a7aafe8e1502d79cbc2a0aaf193c7229e868ce267edd25e9b512881765b,Z1******,C******************,+9************
B1851,6F231,2025-11-26 11:37:36.952,PENDING,2D,b80f0792f54b48b735169ad48fab43e1494809354d2a41baabde61a641586c52,E6******,Y********,+9************
B1852,6F095,2025-08-09 11:37:36.952,CONFIRMED,33E,fdff1477af852fb0e86fc129c5b2510e9c5f6a722608ded739cdc6277962b28e,E7******,C************,+9************
B1853,UK054,2025-05-05 11:37:36.952,CONFIRMED,18F,115f110efe2c65297179f84ceb6a5154ba53e08f2d9b5659b5417adaea4e61eb,F3******,E************,+9************
B1854,SJ123,2025-08-10 11:37:36.952,CONFIRMED,29D,34cb09016abab11b69dcee3588cddc1f6bf194d04269a66a7f3d5d152f0b98d5,W4******,N***********,+9************
B1855,6F006,2026-01-04 11:37:36.952,PENDING,3D,87979b85c18377fa3ee43dd3364f334c31bb16b6c28c39aa06a0ace2b2bb137b,L3******,O**********,+9************
B1856,UK226,2025-05-04 11:37:36.952,PENDING,4E,222944dd62e3dd9a67e7a30b4bd1e9f2df5bc2874da2fdaa2a0c9d0dc0b3c6be,V1******,U**********,+9************
B1857,AI065,2026-03-07 11:37:36.952,PENDING,17E,bb9132d26cbca0e016df03b78092d28936b000d4e484bc0e3b0a154484a240ed,V9******,H************,+9************
B1858,6F008,2025-11-25 11:37:36.952,Unknown,10B,28f3c2a8d2b4e70a54c280efe2a2d76a3e7523064fd65364d23f0a86d872cee7,G8******,D***********,+9************
B1859,AI195,2025-11-11 11:37:36.952,PENDING,7B,1912700de81700fc229f08af6a55351ca14389ea0c0b682b5d98f7e43fd18f79,D2******,H*************,+9************
B1860,UK043,2025-08-01 11:37:36.952,Unknown,3A,252b1f4fb0c859e1f5fe4dd3f39223ac31dff1968ab3d2b5930b6909e6d1777c,D8******,K***************,+9************
B1861,AI125,2025-10-15 11:37:36.952,CONFIRMED,25E,547d9344fb2018b3014f8911219667d36401d2e162a40cb2f7f9302c1a662630,X2******,Y*************,+9************
B1862,AI089,2025-10-05 11:37:36.952,PENDING,21A,d73e5d2c4c0077f0ccf3bc7e6444253869a547ad76e2384dbb077ab6f1f0b439,J8******,E***************,+9************
B1863,UK019,2026-02-12 11:37:36.952,CONFIRMED,22C,dab551ca1c235e7c6d058329449bfead01b12059fbaec69f65cd8414f170965d,L7******,U*********,+9************
B1864,UK078,2025-09-27 11:37:36.952,CANCELLED,22C,013d99516c3b5284e05ed24e98fead9f9c3fc2ccc5886314c7ff6b72aa3a2482,T7******,A*************,+9************
B1865,SJ009,2025-07-28 11:37:36.952,CANCELLED,15E,e0ba46c9a9df42b0b95915cf67847271e0c1452452258c8ba5a3f37c7bc2a982,L7******,Y***********,+9************
B1866,UK178,2026-01-28 11:37:36.952,CONFIRMED,7A,977c3154ed97450c76e731cfa64c1b4071ddd7001d11e16f6425026abd815d64,J4******,G**********,+9************
B1867,UK018,2025-11-23 11:37:36.952,CONFIRMED,13D,6db11620a17d5f39a6f4f347ad59e54eab82425e10237ae79bae9fc7f0c73224,K7******,B***************,+9************
B1868,SJ059,2026-04-10 11:37:36.952,CANCELLED,29E,b946ce82312468e724eab57f3262a23b6c9132c8e6e30713a8848f6e7ba5688f,L6******,O***********,+9************
B1869,UK108,2026-02-04 11:37:36.952,CONFIRMED,19C,40c119ce6fc328a5c7c2fd0a572c20e08caaeb8003f3659b6a371d8a062fefb9,B2******,N***************,+9************
B1870,6F045,2025-04-25 11:37:36.952,CANCELLED,5D,79bfd5dc59b585de98a96bc123673a45df114171ea2f649f20cdb96008c54d3e,X4******,D***********,+9************
B1871,AI144,2025-10-04 11:37:36.952,CANCELLED,23E,4f0fcf7fa9722f71c9e589360f458c2e186b3827dc766e79c6d467e5614e4fe8,Y5******,N*************,+9************
B1872,AI244,2025-07-09 11:37:36.952,PENDING,26E,ad3bdf275e916fdac402d01898ca3a3c574ac15d01c763ad5c76f9a772a79c2f,R2******,Y***********,+9************
B1873,6F265,2025-04-25 11:37:36.952,CONFIRMED,11B,844bcfc3767694bbbc1892893b5dfe528b050cc8a7fb5cc5533ae56387edd1ca,B2******,W**********,+9************
B1874,6F108,2026-01-26 11:37:36.952,CONFIRMED,16E,2426b0a2227ebf71df01c02358fbe2e0c013c32dd2ed3111ac01227c7df8acd6,K1******,W************,+9************
B1875,6F069,2025-06-17 11:37:36.952,PENDING,17D,4106a53da67785e5d50e3c3b7495c032f8b5ea65429f48c6ac715ffb1db71025,N0******,G***************,+9************
B1876,6F072,2025-06-14 11:37:36.952,CANCELLED,18F,d75a676921b0b5ba379cbf71c9d5375969007807daae094e5449add02f6f5e55,D5******,Y***************,+9************
B1877,6F096,2025-11-09 11:37:36.952,CONFIRMED,33F,7eaf1e6c1630f0c8a2856d98642aa558e04431b37f75a59a998747e5f9e8496c,C7******,W***********,+9************
B1878,SJ233,2025-12-31 11:37:36.952,PENDING,31D,2e06fe05d97653f378e15a1f549233d5975eeffe396e222055ed3921fa4a9de9,X8******,I*******,+9************
B1879,AI203,2025-12-03 11:37:36.952,PENDING,9E,611287edff2d9e602fc6312c5850f6c8c7f4718408f7c4e4adbda51ff8cefd15,X4******,C**************,+9************
B1880,UK147,2026-03-08 11:37:36.952,CONFIRMED,2E,83c85f81da982d4c9ed3c2fcc836cdf2659cfb58f416a0ba429b205847099db5,N4******,W************,+9************
B1881,UK039,2025-08-26 11:37:36.952,PENDING,8E,8a476547d4cf963e230232a65adb7a9aa6ed589ac5f4438a7f13da335fe22741,F1******,B************,+9************
B1882,6F216,2025-10-17 11:37:36.952,CANCELLED,18B,e258099877a0dfa862dd5ceb6874fed7650bfd2c8be2a10fe73abf73296ec40c,P6******,A**************,+9************
B1883,AI214,2025-11-17 11:37:36.952,PENDING,5B,431bbc9bb28a7a5e0bf25020314c9e2c077bcec5d4488d3ac5565978cd0a75fe,E2******,R************,+9************
B1884,UK025,2025-08-31 11:37:36.952,CANCELLED,31D,a5d7ccdbaa33ef6ad8ff6cdca600e6bb1ab3186089c6286d1695f87fd374721f,W3******,A**********,+9************
B1885,UK053,2025-08-10 11:37:36.952,CANCELLED,11B,68817845c7bde67edec29d198d21c1460e32dcbede85fd085f7ba7a632b75af2,E4******,N*******,+9************
B1886,6F130,2026-02-12 11:37:36.952,Unknown,9D,0c2667ac3ad287d572e2898ace23dff926bf2ae1f6c450ede0c679b75f2572b9,M1******,C***************,+9************
B1887,6F247,2026-03-09 11:37:36.952,PENDING,23F,44f4c40b2d4180be174e74764b2fa93a31e9acf2f95cffd3d99e341557a6e008,W6******,C***********,+9************
B1888,6F159,2025-12-25 11:37:36.952,CANCELLED,25C,29b50a0cf1005354bee43ac4169f609fce2718c926a49545f42418af74a1306a,Z5******,J**********,+9************
B1889,UK086,2026-02-24 11:37:36.952,CANCELLED,22C,0b40c4ed7240e82b9daeb1d3d1dfec63f961836cb323b1a80f47700b744efddb,Y0******,E*********,+9************
B1890,6F102,2025-08-30 11:37:36.952,PENDING,12E,6d64c5db9320443a09f781a2448e89f34f0981a8a62009bf634605c5eed2f85c,G4******,Y**************,+9************
B1891,UK186,2026-01-26 11:37:36.952,CANCELLED,18D,6c969592dda6775eb2d96d83f8e2d8e54a67096e4e750447f35de345c8b4d564,A4******,A*******,+9************
B1892,6F032,2025-08-24 11:37:36.952,PENDING,17F,6a1360631684f8735cc5a63873b23ab71c24661d7c84247e8b2ea7b7a659a79c,T4******,K***************,+9************
B1893,6F186,2025-08-02 11:37:36.952,CONFIRMED,19A,5a9ab6e12ec4e942348d18b895371cf4040979263f639ba05335af4e3c09d3fd,V7******,M************,+9************
B1894,6F106,2026-02-24 11:37:36.952,CANCELLED,4F,7da056615e9de44036a97bc53ef4dae7905297542ca3ba538d600ce7e4d2ac6b,H7******,H*************,+9************
B1895,AI021,2025-10-05 11:37:36.952,CANCELLED,14E,6a8e25c32bd2561ffe6615c57c1cbc6735a28a34dcfb3a21c1e230f679cb9aaf,B0******,M***********,+9************
B1896,AI157,2025-11-30 11:37:36.952,PENDING,11F,63ac4a24e48cfe89f1218e7981373d1f1de2eac52e71435d035341619ce8ab8d,C1******,Y***************,+9************
B1897,6F054,2025-11-01 11:37:36.952,PENDING,26F,bc503e7c17113af4a5b4cf79fc6fb04e45dd046dd453e96f390000269063a205,A7******,X*********,+9************
B1898,AI187,2025-10-03 11:37:36.952,PENDING,10D,8e26350544cae3f0f70ce8db62951546a2e8e09af01719b2917ac5c05e1798cc,K2******,C**************,+9************
B1899,SJ124,2025-09-28 11:37:36.952,PENDING,4B,80bcebf41c4bf5f4674440fa55601c0d61d8d8d07e65ebf851a5d01d7ed599ae,C5******,L*********,+9************
B1900,SJ223,2025-10-06 11:37:36.952,CANCELLED,11C,89fef259b03bd24a0b841cd92ec8accc906ac07ab48804c073e5facfc880bcc5,F8******,U****************,+9************
B1901,UK103,2025-04-25 11:37:36.952,CONFIRMED,21A,4501ed1c58dd1fd2e579358f8d11c8862f6f538680eb712ec38db5827d52e883,K2******,T************,+9************
B1902,SJ157,2026-02-08 11:37:36.952,CONFIRMED,14F,a2e1a6df1b20d75758869362fdcd51f72b40da14a5f7f80910562c4e736e9993,X9******,Y*********,+9************
B1903,6F242,2025-11-06 11:37:36.952,CONFIRMED,9B,680933683d5650204f499668478e9ceed7b994ffc70329e2e7e8993996f3cbdc,E2******,F**********,+9************
B1904,UK213,2025-07-01 11:37:36.952,CONFIRMED,8B,c6609517bbe9e32d4ba09050c18bbfe68e64408d4c2c416d53f11e60c14374f8,M6******,N*****************,+9************
B1905,SJ120,2026-02-13 11:37:36.952,PENDING,24B,72097e858425a287cb6a182758abb1f765a4f22ee53503cc2271728328ffd2b9,K3******,C*************,+9************
B1906,AI035,2025-08-11 11:37:36.952,CANCELLED,22B,2be53f37298895795632144e52510d368f55e0345c1caa035315f419bb8c795f,G2******,Y***************,+9************
B1907,6F147,2026-01-14 11:37:36.952,CANCELLED,1B,06cf5fba4db048c6700c1058a21ce384bf0093a18e77441744df25a610cba230,F8******,V*************,+9************
B1908,SJ229,2025-08-09 11:37:36.952,CANCELLED,23B,2dc43d859714a78e509c0d7143436d2f896de5518e1837c78151c59ccd78bcf1,V6******,V**************,+9************
B1909,AI230,2025-11-14 11:37:36.952,PENDING,31B,2bb472f799372f4d0f11780096f1b1c58d98d65d1f611d7d7e881bd650f76a1e,R7******,J***********,+9************
B1910,UK162,2025-06-10 11:37:36.952,CANCELLED,5C,b3b2bddc4a1da01906c583ec44330f267849113c6afe3d26e04eafb43be7bbba,C5******,I**********,+9************
B1911,AI066,2025-05-29 11:37:36.952,PENDING,27C,31992dce7e9c9433e21177f4b93370fbe1796e7ac7ccc3e608ea5e32af4c2512,N2******,D**********,+9************
B1912,6F205,2025-09-09 11:37:36.952,CANCELLED,19D,914fd328b6838ba3379c85bfac895fc6f0440b603b55ed4f057733c56c04d6b9,T5******,U*********,+9************
B1913,AI124,2025-05-24 11:37:36.952,CONFIRMED,27B,a1807f6186c536cb15f0948b636e884457174bd4c2692684959ad17b212b2efd,N6******,V**********,+9************
B1914,UK114,2025-10-19 11:37:36.952,PENDING,20A,79033b56d853693270e1b765fcd2c2250f8517228f25b69ce7432d748caae205,H2******,V***********,+9************
B1915,AI231,2025-06-03 11:37:36.952,CANCELLED,18B,872c2d1f8a7597ddba7c1d468c0ba7268feb945671e8b5048128902ef9717b02,C2******,L***********,+9************
B1916,AI113,2025-10-30 11:37:36.952,CONFIRMED,7D,9e61fe0e86b4cad7a455db60ce2f8d93248386a575d692ca20e92bff7c443b4a,W5******,X***********,+9************
B1917,UK180,2025-08-03 11:37:36.952,Unknown,27A,431bbc9bb28a7a5e0bf25020314c9e2c077bcec5d4488d3ac5565978cd0a75fe,X7******,I************,+9************
B1918,UK180,2025-10-07 11:37:36.952,CONFIRMED,2B,3f99f09b8067da26accb576db3f2755d59455a28748eeec02fdadd515a928c70,V1******,A*************,+9************
B1919,6F080,2026-03-17 11:37:36.952,PENDING,7C,1f68d46059da9b9a4a5c3336102586d3876540469f32e6a4145a3a2905a10279,G7******,D***********,+9************
B1920,SJ095,2025-05-11 11:37:36.952,PENDING,14A,1ca865e5a1e1372e2cc2ceb74207227ffc8b5a70f33c3f8703ca456f0945e90e,T8******,M*********,+9************
B1921,SJ115,2025-04-24 11:37:36.952,CANCELLED,21F,68804d131b57c8e9ee1cf92265724a27b05a6295f7b18b2f0784c35a884bb867,K6******,S********,+9************
B1922,AI142,2025-05-14 11:37:36.952,CONFIRMED,7D,8785d97a49642176b602076e8b51275a505e4a6609cb0c4d13cfcea549aa83b5,X2******,Y************,+9************
B1923,UK169,2025-11-28 11:37:36.952,CANCELLED,33F,d875da9e30d8c13cf9ffaf98a173908efd97998420362dbb0b645c106a87a144,X9******,D*********,+9************
B1924,SJ041,2025-05-04 11:37:36.952,CANCELLED,27D,2bb472f799372f4d0f11780096f1b1c58d98d65d1f611d7d7e881bd650f76a1e,D2******,Z***********,+9************
B1925,UK171,2025-04-20 11:37:36.952,CONFIRMED,7D,6dbf5c97b3972bc33cc630fd9406dd1e2957e28daf5a308f8093967137802876,W3******,E***********,+9************
B1926,AI081,2025-11-27 11:37:36.952,CANCELLED,18F,e3c878433ba57c2ca8f9d7b744b733276d9abeeb89a525718046754145e586fd,M9******,K************,+9************
B1927,AI162,2026-01-28 11:37:36.952,PENDING,27D,9dbf68e071e2c1bc37c5acc4c1e6272d719672928db5a6393249fee4ee9951b0,C3******,O***********,+9************
B1928,SJ037,2026-01-23 11:37:36.952,CANCELLED,6F,dcadd8f9dc6e69dbaf18cc7bf47beee23eb6d886188c54137af3eff804a0c35f,J8******,H**********,+9************
B1929,SJ037,2025-11-05 11:37:36.952,CONFIRMED,6A,da15c99dc20d50e06abebbb036a7275c44ea7d078611a19e8af04cf4cbd45319,P7******,A***********,+9************
B1930,UK080,2025-12-16 11:37:36.952,PENDING,3B,b502debe7f09d395199c85c9dc20b9edbc7eb055b4499ff2ea811a2cf747ddfb,K9******,R***********,+9************
B1931,SJ031,2025-09-26 11:37:36.952,PENDING,16C,696200fd839848b14ea262f6d11b23f059a1f0a6d4d9a7e2ff44462bd08d35b5,D6******,A*********,+9************
B1932,AI199,2025-12-28 11:37:36.952,CANCELLED,4B,39d0aaae71bcfd7effbecccce4fc4b1af0677da8668619a85134adf6118f65f9,G4******,U***********,+9************
B1933,6F082,2025-05-28 11:37:36.952,CANCELLED,7B,69b5e68dd6e023bdce827c0154123c85c52134492db4a8d2f6017b5502cb9da6,C6******,B***********,+9************
B1934,UK217,2026-04-12 11:37:36.952,PENDING,9F,28f3c2a8d2b4e70a54c280efe2a2d76a3e7523064fd65364d23f0a86d872cee7,C5******,V***********,+9************
B1935,UK014,2026-04-13 11:37:36.952,CANCELLED,6C,9ab181240ed03a0587f533cac6caa7fa5ae0aacac783e8ab8d4a8728a0568ac7,K0******,V***********,+9************
B1936,SJ180,2026-01-11 11:37:36.952,CONFIRMED,14D,6e3bf1fbe8842e4fb711056e506f5e69467892c32e545a3e4929ec473b3eb207,E8******,A**********,+9************
B1937,6F268,2026-02-19 11:37:36.952,CANCELLED,16E,83c85f81da982d4c9ed3c2fcc836cdf2659cfb58f416a0ba429b205847099db5,M7******,J**************,+9************
B1938,UK205,2026-04-07 11:37:36.952,CANCELLED,19B,66ff10bdebab942a3691e4b67ccf38b283d06a7e95740612404d27f022adc272,Z7******,M********,+9************
B1939,SJ212,2025-07-22 11:37:36.952,PENDING,22B,3690dd88fd47d82ecc15b98b3a6543e9b3b99ea9e554806446dabf33557a288d,E1******,M************,+9************
B1940,UK052,2025-06-25 11:37:36.952,CANCELLED,17C,7f99da50ad19a494319bdc53c673ce72e1234ad854bd1169498fae6d6e9fcacd,P9******,B***********,+9************
B1941,UK230,2025-06-13 11:37:36.952,CANCELLED,19D,86d87cbac905451cd1cf943b93648d0f6b147644f646a978feb82bf0245d63b5,L2******,F*********,+9************
B1942,AI145,2025-07-18 11:37:36.952,CANCELLED,23D,6ec4e1e528492a65f2ea39d1af0eea8bb76ad5957e63b496e148edb2a37093cc,R9******,R*********,+9************
B1943,SJ035,2026-03-13 11:37:36.952,CONFIRMED,7E,7b3d44d6828e3b78308e415c43238352b0b6f56ef167c891dc1c9bb0aa38c364,K8******,V***********,+9************
B1944,SJ184,2025-07-20 11:37:36.952,CANCELLED,10B,a23a32c91af035e12834819b51c2781e7adb28126771f5db1c654d22f68fb8bd,R5******,S***************,+9************
B1945,6F207,2025-11-03 11:37:36.952,CONFIRMED,24A,ead35841a79fee2737d8873b15d094d44e54d831f202fb3ddc4fa84ae3ebb6ad,C7******,A**********,+9************
B1946,UK144,2026-03-30 11:37:36.952,CONFIRMED,15A,360aedd4c530685d1e43c10ce4c08b4b058c3d72906b4d4ddc621c898663fb49,A7******,L***********,+9************
B1947,AI126,2025-10-22 11:37:36.952,CONFIRMED,1A,f15c5a7ae439f4d0d814a0da0ed58a95284bc4359467ecfbb10bcd62e48d1e17,Z6******,W*************,+9************
B1948,SJ145,2025-05-19 11:37:36.952,CONFIRMED,10A,b53cd664d3caa7d3461db14d746ee0bac972b79bc4dafeabb23ab761cbc4dccb,W9******,C*************,+9************
B1949,6F040,2025-05-16 11:37:36.952,PENDING,15B,faec6ca7abdf3539a15d61953d677a4cc40aeadae245e68d78d68225b5c5127e,F3******,U**********,+9************
B1950,UK049,2025-06-15 11:37:36.952,CONFIRMED,21B,31992dce7e9c9433e21177f4b93370fbe1796e7ac7ccc3e608ea5e32af4c2512,F8******,C***************,+9************
B1951,UK049,2026-03-18 11:37:36.952,CANCELLED,3F,f0dc16ef2ccee2c0811edee2f0c602b0376a7e022cd5e8e7e422a6f3a12862ce,Y9******,O**************,+9************
B1952,AI087,2025-10-18 11:37:36.952,CONFIRMED,2C,588df506ea4da5834e6f14e61a648232d728e8fdf5576a3d7c78f590ecee346e,Y1******,U************,+9************
B1953,AI152,2025-05-24 11:37:36.952,CANCELLED,19A,cbe07980b1f4550e71361c041c8f378a123c61cebc1758c6e1b80a2e268275a5,R2******,L**************,+9************
B1954,SJ240,2025-11-06 11:37:36.952,CONFIRMED,2A,8a16a7c19a04da5413ff22e9804a9a32b319fdc0212f9c9998e3f7080d1a6237,W0******,N********,+9************
B1955,AI212,2025-09-14 11:37:36.952,PENDING,22B,e71aecf5c85c1563c0d170ad78b68833121b0e9212d6e36fc3c6c20e63dfbb7d,D9******,V************,+9************
B1956,AI064,2025-09-21 11:37:36.952,CONFIRMED,3B,d86941865dd04287dc46753709a6c0e929d3a9239a2d9b325840e3799b238186,J4******,R********,+9************
B1957,6F093,2025-06-07 11:37:36.952,CONFIRMED,32E,075f6dd5d6befe2ed58ab07f2ce22efa55b8c935c798f1589f004e1576553551,V8******,E***********,+9************
B1958,AI118,2025-04-28 11:37:36.952,PENDING,29C,11bfb207a6af40b89d6f9fea27b5195675e39b3e90275c4269ae478ae5a32711,H7******,D*****************,+9************
B1959,AI172,2025-12-19 11:37:36.952,CONFIRMED,23D,c6b1aec37b36e779f2f918cbe3af9762d4d771d5fdfe40728db86930c250bca8,N9******,V**************,+9************
B1960,6F183,2026-01-30 11:37:36.952,CANCELLED,27E,c6a585d0daae307ac216d4febb8665d87f55a5e48b317045c1722955ad85e9fd,X4******,B************,+9************
B1961,6F200,2025-07-15 11:37:36.952,CONFIRMED,28A,43ed3ef0874d6ee44b32b0f1e731d476502d43b7c5ee43f753207e3498887963,Z0******,O**********,+9************
B1962,SJ077,2025-12-23 11:37:36.952,CONFIRMED,18C,20e09fcd1bcdf6adcace35266b8c3d44d1b16ac792d199846a07ecfb1f4d5dd1,B6******,B******************,+9************
B1963,UK030,2026-02-24 11:37:36.952,CONFIRMED,27F,da15c99dc20d50e06abebbb036a7275c44ea7d078611a19e8af04cf4cbd45319,C6******,W***********,+9************
B1964,SJ232,2025-05-21 11:37:36.952,PENDING,18B,34c9340fb7652ca435fdff9038ab148519b671b18baf1b2135edabfe3c3990ef,X8******,B***********,+9************
B1965,6F090,2026-01-29 11:37:36.952,CONFIRMED,20D,8249f45e7acc37f4632d0a259fbec44a4ed875f9ba9f655e0c57b224d001a1f9,N9******,A***********,+9************
B1966,UK002,2025-11-06 11:37:36.952,CONFIRMED,12B,028cb64631392a377977c87bedcb83b08efa3795ef7252615e60dd9e8b72102e,L0******,H*************,+9************
B1967,AI154,2025-07-03 11:37:36.952,CANCELLED,22C,b6699f1f75b07aaa96b7f6f1ef1d6d58c2b00d2f311d23df9be2942ca0335ae7,A0******,B**********,+9************
B1968,6F089,2025-10-11 11:37:36.952,CONFIRMED,2D,badbc8cd2f0a1abb3798a7e4bfe25aeb01f21bc0469d012e92ad7a53f4909490,Y1******,W************,+9************
B1969,6F218,2026-04-08 11:37:36.952,CONFIRMED,29A,ec0811c1674ac79813b0b65c9f9a11f245207d0976e55485d92910094e644390,T9******,Y***********,+9************
B1970,6F241,2025-11-26 11:37:36.952,CONFIRMED,12B,704f2f60253518efc14299ff656eb4988280160e8ddf10b534a049233fcfa873,G3******,A**********,+9************
B1971,6F116,2025-08-20 11:37:36.952,CONFIRMED,2B,e0c4ae7c95c83413b3810dd2b7255fcbf8bf407eef7a1b01f21fc01e0d1b73e1,Z8******,I***************,+9************
B1972,UK199,2025-04-18 11:37:36.952,CANCELLED,19B,7eaf1e6c1630f0c8a2856d98642aa558e04431b37f75a59a998747e5f9e8496c,F9******,N***************,+9************
B1973,SJ033,2025-04-28 11:37:36.952,CANCELLED,8C,907899adc7befe7a3cf0c0e78d12864b7810bfac2e943f81733ef0096b7819b0,E0******,A************,+9************
B1974,AI210,2025-08-03 11:37:36.952,PENDING,15B,e851077501cff6e3779cda283f08b1ff8ce02b3d044258a6f250445dff32101b,F6******,A**************,+9************
B1975,UK148,2025-08-26 11:37:36.952,Unknown,20E,72097e858425a287cb6a182758abb1f765a4f22ee53503cc2271728328ffd2b9,B3******,C************,+9************
B1976,AI229,2025-08-27 11:37:36.952,PENDING,16F,7f7a4a05ac7584dc445b403e3f3476be43426f7f0889117eb963af5f8bb1d4c5,F2******,P*********,+9************
B1977,UK005,2026-01-01 11:37:36.952,PENDING,4A,90b4e732ed7b857b631db1628f6d3aacca64e3954d38a803da76f97f588eaec2,M9******,P***********,+9************
B1978,SJ080,2025-12-07 11:37:36.952,CONFIRMED,12C,d871d6c1b0f4950d7432ed3b0be98732dd480e982ae01be6db6934de4e5f7012,A2******,F***********,+9************
B1979,SJ092,2025-12-02 11:37:36.952,CANCELLED,1F,ddabb59a9826ea31b1ce182b4b327e1e5be2fcb5627388dbe0084a381530843a,J7******,N***************,+9************
B1980,SJ055,2025-12-04 11:37:36.952,CANCELLED,15A,cd5edf67052a03de5a25e4737de41990014e3d5225e431755c3604ee897399a1,Y2******,Q********,+9************
B1981,AI239,2025-05-17 11:37:36.952,CONFIRMED,19D,0211dba0308362d09d12cce5048bc85a2ef253da3e6168f427992abe6729bcef,Z7******,V**********,+9************
B1982,6F162,2025-06-17 11:37:36.952,Unknown,7A,906ea2a505d51fd41a2b2f02d9dfc962d3831101cd8232792ccfed55ec6303da,H7******,Y***********,+9************
B1983,UK101,2025-06-28 11:37:36.952,Unknown,27A,9a57d7ee1548ab67caf8771c78d3e18274a374f4171abf9c1204676920d8051c,P6******,A***************,+9************
B1984,6F198,2025-04-25 11:37:36.952,CONFIRMED,27F,2b02232c958f1607f52bcb9a52298be186b284426ff53a827413c26508d082ca,X2******,W**************,+9************
B1985,6F239,2025-09-28 11:37:36.952,CONFIRMED,31F,7ae0a3e744a2bd37750d3b84ed95f70b570eb5c4367f6454611d81e778484d33,Y0******,A************,+9************
B1986,SJ177,2025-10-07 11:37:36.952,CONFIRMED,13F,479494608e848a1d5d0d63f7eca2960cb719fa53a73d3843775867fd73e68570,N7******,C***********,+9************
B1987,6F044,2026-03-12 11:37:36.952,CANCELLED,19F,739aa8b2a541b46e473efc1cbf3aca0a7c136e4a102c437bec6d2a1b70486e84,W5******,A***********,+9************
B1988,6F248,2026-02-17 11:37:36.952,PENDING,13A,8f17adbeae4fc7c3ee6893ebd6558cfd4943303f3c27ddd33e31e307de8a659e,H7******,W**************,+9************
B1989,6F002,2025-12-10 11:37:36.952,Unknown,16F,c78855de749f50c7f98e978b2cfdd41aa62ab578f4c1a64e282225ec59b10bc2,H7******,J***********,+9************
B1990,SJ197,2026-03-31 11:37:36.952,CONFIRMED,14B,c1a316f03b3ae5a203bbe1db1b8f5b4dbac55098aca918d8902272408387712a,E4******,D*************,+9************
B1991,UK091,2026-01-14 11:37:36.952,CANCELLED,22E,f0316f28ef6214df53c678ecde337e63f431b074b6cbf48b8fc4df3a0b16bef7,W4******,N************,+9************
B1992,6F215,2025-04-25 11:37:36.952,CONFIRMED,25C,21b69c3f33f23bff6682534eb2985655efef5b8d811c12b3598bd7c5078c22e6,G8******,D**********,+9************
B1993,AI093,2026-03-11 11:37:36.952,CANCELLED,5B,a04db1b85ec66df8d551e8c37b9b69bc4e1ff6bc91c7992d9d371ebf4f5d58c4,P6******,C**************,+9************
B1994,UK090,2026-03-31 11:37:36.952,CONFIRMED,21D,c46369250fdd0d074e41fd163d88486f7b572e67f60fd4acb0d243cbe7bf1e0f,J5******,T************,+9************
B1995,SJ005,2025-11-20 11:37:36.952,CANCELLED,11C,a7885c0bc0f34d98302ce80a22db1f2e36eece420268def71da508cb274e2f65,J8******,K************,+9************
B1996,UK106,2025-08-08 11:37:36.952,CANCELLED,27E,ce67dbcfa56c14cf28b1fa6f7aa2fd32ec5afdd38c0115d7968aacde47d34093,M1******,M**********,+9************
B1997,6F223,2025-05-03 11:37:36.952,PENDING,27B,5c67efc01eb595f27aba409d16d77d677572da560aa9687a3dd588f0763782dd,P5******,K***********,+9************
B1998,6F011,2025-10-23 11:37:36.952,CONFIRMED,14C,3d2940729fbff8538a600d72d32500444e43f8339fa9e7c8d33d7a7d1f4eb42a,T2******,U*************,+9************
B1999,UK124,2025-08-08 11:37:36.952,Unknown,12B,109ca04420be7bd482269ed2ae4255dcd71241c4ba0ccae0fec8c698ff0eb2ae,C2******,T*********,+9************
