flight_id,airline,source,destination,departure_time,arrival_time,duration,calculated_duration,calculated_duration_minutes,is_overnight,supplied_duration_minutes,duration_difference_minutes,duration_anomaly,duration_status,calculated_duration_hours,supplied_duration_hours,flight_duration_minutes,flight_duration_hours
SJ010,SpiceJet,CCU,MAA,2026-04-20 23:38:41.701,2026-04-21 02:32:41.701,02:54:00,0 days 02:54:00,174.0,True,174.0,0.0,False,Valid,2.9,2.9,174.0,2.9
AI155,Air India,BOM,CCU,2026-04-20 23:35:41.703,2026-04-21 01:23:41.703,01:48:00,0 days 01:48:00,108.0,True,108.0,0.0,False,Valid,1.8,1.8,108.0,1.8
UK094,Vistara,BOM,CCU,2026-04-20 23:26:41.702,2026-04-21 01:11:41.702,01:45:00,0 days 01:45:00,105.0,True,105.0,0.0,False,Valid,1.75,1.75,105.0,1.75
AI245,Air India,BOM,CCU,2026-04-20 23:07:41.704,2026-04-21 01:43:41.704,02:36:00,0 days 02:36:00,156.0,True,156.0,0.0,False,Valid,2.6,2.6,156.0,2.6
AI192,Air India,MAA,BOM,2026-04-20 23:05:41.703,2026-04-21 04:04:41.703,04:59:00,0 days 04:59:00,299.0,True,299.0,0.0,False,Valid,4.983333333333333,4.983333333333333,299.0,4.983333333333333
SJ158,SpiceJet,DEL,HYD,2026-04-20 23:05:41.703,2026-04-21 01:24:41.703,02:19:00,0 days 02:19:00,139.0,True,139.0,0.0,False,Valid,2.316666666666667,2.316666666666667,139.0,2.316666666666667
6F196,IndiGo,CCU,MAA,2026-04-20 23:04:41.703,2026-04-21 00:47:41.703,01:43:00,0 days 01:43:00,103.0,True,103.0,0.0,False,Valid,1.7166666666666666,1.7166666666666666,103.0,1.7166666666666666
AI080,Air India,BOM,HYD,2026-04-20 23:03:41.702,2026-04-21 00:35:41.702,01:32:00,0 days 01:32:00,92.0,True,92.0,0.0,False,Valid,1.5333333333333334,1.5333333333333334,92.0,1.5333333333333334
6F025,IndiGo,BLR,BOM,2026-04-20 23:02:41.701,2026-04-20 23:57:41.701,00:55:00,0 days 00:55:00,55.0,False,55.0,0.0,False,Valid,0.9166666666666666,0.9166666666666666,55.0,0.9166666666666666
6F251,IndiGo,DEL,BLR,2026-04-20 22:56:41.703,2026-04-20 23:37:41.703,00:41:00,0 days 00:41:00,41.0,False,41.0,0.0,False,Valid,0.6833333333333333,0.6833333333333333,41.0,0.6833333333333333
AI137,Air India,BOM,DEL,2026-04-20 22:49:41.702,2026-04-21 01:17:41.702,02:28:00,0 days 02:28:00,148.0,True,148.0,0.0,False,Valid,2.466666666666667,2.466666666666667,148.0,2.466666666666667
6F026,IndiGo,BOM,CCU,2026-04-20 22:46:42.000,2026-04-21 03:13:42.000,04:27:00,0 days 04:27:00,267.0,True,267.0,0.0,False,Valid,4.45,4.45,267.0,4.45
UK167,Vistara,DEL,MAA,2026-04-20 22:45:41.703,2026-04-21 01:46:41.703,03:01:00,0 days 03:01:00,181.0,True,181.0,0.0,False,Valid,3.0166666666666666,3.0166666666666666,181.0,3.0166666666666666
UK027,Vistara,BOM,CCU,2026-04-20 22:44:41.701,2026-04-21 01:05:41.701,02:21:00,0 days 02:21:00,141.0,True,141.0,0.0,False,Valid,2.35,2.35,141.0,2.35
AI069,Air India,DEL,BOM,2026-04-20 22:43:41.702,2026-04-21 02:29:41.702,03:46:00,0 days 03:46:00,226.0,True,226.0,0.0,False,Valid,3.7666666666666666,3.7666666666666666,226.0,3.7666666666666666
AI058,Air India,BOM,CCU,2026-04-20 22:40:41.701,2026-04-21 00:18:41.701,01:38:00,0 days 01:38:00,98.0,True,98.0,0.0,False,Valid,1.6333333333333333,1.6333333333333333,98.0,1.6333333333333333
AI140,Air India,BOM,DEL,2026-04-20 22:25:41.702,2026-04-21 02:08:41.702,03:43:00,0 days 03:43:00,223.0,True,223.0,0.0,False,Valid,3.716666666666667,3.716666666666667,223.0,3.716666666666667
SJ239,SpiceJet,BOM,CCU,2026-04-20 22:24:41.704,2026-04-21 00:10:41.704,01:46:00,0 days 01:46:00,106.0,True,106.0,0.0,False,Valid,1.7666666666666666,1.7666666666666666,106.0,1.7666666666666666
6F099,IndiGo,MAA,DEL,2026-04-20 22:24:41.702,2026-04-20 22:59:41.702,00:35:00,0 days 00:35:00,35.0,False,35.0,0.0,False,Valid,0.5833333333333334,0.5833333333333334,35.0,0.5833333333333334
AI048,Air India,CCU,DEL,2026-04-20 22:23:41.701,2026-04-21 02:15:41.701,03:52:00,0 days 03:52:00,232.0,True,232.0,0.0,False,Valid,3.8666666666666667,3.8666666666666667,232.0,3.8666666666666667
SJ112,SpiceJet,HYD,DEL,2026-04-20 22:20:41.702,2026-04-21 00:40:41.702,02:20:00,0 days 02:20:00,140.0,True,140.0,0.0,False,Valid,2.3333333333333335,2.3333333333333335,140.0,2.3333333333333335
6F164,IndiGo,BLR,BOM,2026-04-20 22:18:41.703,2026-04-21 00:45:41.703,02:27:00,0 days 02:27:00,147.0,True,147.0,0.0,False,Valid,2.45,2.45,147.0,2.45
UK021,Vistara,HYD,MAA,2026-04-20 22:00:41.701,2026-04-20 23:50:41.701,01:50:00,0 days 01:50:00,110.0,False,110.0,0.0,False,Valid,1.8333333333333333,1.8333333333333333,110.0,1.8333333333333333
SJ172,SpiceJet,CCU,DEL,2026-04-20 21:58:41.703,2026-04-21 01:14:41.703,03:16:00,0 days 03:16:00,196.0,True,196.0,0.0,False,Valid,3.2666666666666666,3.2666666666666666,196.0,3.2666666666666666
AI060,Air India,DEL,HYD,2026-04-20 21:58:41.701,2026-04-20 23:51:41.701,01:53:00,0 days 01:53:00,113.0,False,113.0,0.0,False,Valid,1.8833333333333333,1.8833333333333333,113.0,1.8833333333333333
SJ205,SpiceJet,HYD,CCU,2026-04-20 21:56:41.703,2026-04-20 23:00:41.703,01:04:00,0 days 01:04:00,64.0,False,64.0,0.0,False,Valid,1.0666666666666667,1.0666666666666667,64.0,1.0666666666666667
SJ093,SpiceJet,BLR,BOM,2026-04-20 21:55:41.702,2026-04-20 23:01:41.702,01:06:00,0 days 01:06:00,66.0,False,66.0,0.0,False,Valid,1.1,1.1,66.0,1.1
6F195,IndiGo,CCU,DEL,2026-04-20 21:44:41.703,2026-04-20 22:39:41.703,00:55:00,0 days 00:55:00,55.0,False,55.0,0.0,False,Valid,0.9166666666666666,0.9166666666666666,55.0,0.9166666666666666
UK003,Vistara,HYD,DEL,2026-04-20 21:41:41.700,2026-04-21 02:19:41.700,04:38:00,0 days 04:38:00,278.0,True,278.0,0.0,False,Valid,4.633333333333334,4.633333333333334,278.0,4.633333333333334
UK026,Vistara,HYD,MAA,2026-04-20 21:38:41.701,2026-04-20 23:44:41.701,02:06:00,0 days 02:06:00,126.0,False,126.0,0.0,False,Valid,2.1,2.1,126.0,2.1
6F174,IndiGo,DEL,HYD,2026-04-20 21:36:41.703,2026-04-20 22:16:41.703,00:40:00,0 days 00:40:00,40.0,False,40.0,0.0,False,Valid,0.6666666666666666,0.6666666666666666,40.0,0.6666666666666666
UK067,Vistara,BOM,CCU,2026-04-20 21:36:41.701,2026-04-21 01:02:41.701,03:26:00,0 days 03:26:00,206.0,True,206.0,0.0,False,Valid,3.433333333333333,3.433333333333333,206.0,3.433333333333333
SJ149,SpiceJet,HYD,MAA,2026-04-20 21:20:41.702,2026-04-20 23:20:42.000,02:00:00.298000,0 days 02:00:00.298000,120.00496666666666,False,120.0,0.004966666666661013,False,Valid,2.0000827777777777,2.0,120.00496666666666,2.0000827777777777
6F213,IndiGo,BLR,BOM,2026-04-20 21:05:41.703,2026-04-21 00:32:41.703,03:27:00,0 days 03:27:00,207.0,True,207.0,0.0,False,Valid,3.45,3.45,207.0,3.45
UK200,Vistara,CCU,DEL,2026-04-20 20:54:41.703,2026-04-20 22:45:41.703,01:51:00,0 days 01:51:00,111.0,False,111.0,0.0,False,Valid,1.85,1.85,111.0,1.85
SJ214,SpiceJet,BOM,MAA,2026-04-20 20:54:41.703,2026-04-20 22:10:41.703,01:16:00,0 days 01:16:00,76.0,False,76.0,0.0,False,Valid,1.2666666666666666,1.2666666666666666,76.0,1.2666666666666666
SJ047,SpiceJet,HYD,BOM,2026-04-20 20:44:41.701,2026-04-20 21:21:41.701,00:37:00,0 days 00:37:00,37.0,False,37.0,0.0,False,Valid,0.6166666666666667,0.6166666666666667,37.0,0.6166666666666667
AI179,Air India,HYD,BOM,2026-04-20 20:41:41.703,2026-04-21 01:19:41.703,04:38:00,0 days 04:38:00,278.0,True,278.0,0.0,False,Valid,4.633333333333334,4.633333333333334,278.0,4.633333333333334
SJ153,SpiceJet,DEL,CCU,2026-04-20 20:37:41.702,2026-04-20 22:00:41.702,01:23:00,0 days 01:23:00,83.0,False,83.0,0.0,False,Valid,1.3833333333333333,1.3833333333333333,83.0,1.3833333333333333
6F236,IndiGo,BOM,DEL,2026-04-20 20:35:41.704,2026-04-20 23:54:41.704,03:19:00,0 days 03:19:00,199.0,False,199.0,0.0,False,Valid,3.316666666666667,3.316666666666667,199.0,3.316666666666667
UK059,Vistara,HYD,MAA,2026-04-20 20:33:41.701,2026-04-20 22:10:41.701,01:37:00,0 days 01:37:00,97.0,False,97.0,0.0,False,Valid,1.6166666666666667,1.6166666666666667,97.0,1.6166666666666667
SJ001,SpiceJet,BOM,MAA,2026-04-20 20:28:41.700,2026-04-21 01:15:41.700,04:47:00,0 days 04:47:00,287.0,True,287.0,0.0,False,Valid,4.783333333333333,4.783333333333333,287.0,4.783333333333333
SJ049,SpiceJet,CCU,DEL,2026-04-20 20:26:41.701,2026-04-21 00:26:41.701,04:00:00,0 days 04:00:00,240.0,True,240.0,0.0,False,Valid,4.0,4.0,240.0,4.0
6F086,IndiGo,MAA,HYD,2026-04-20 20:23:41.702,2026-04-20 21:00:41.702,00:37:00,0 days 00:37:00,37.0,False,37.0,0.0,False,Valid,0.6166666666666667,0.6166666666666667,37.0,0.6166666666666667
AI220,Air India,BOM,DEL,2026-04-20 20:19:41.703,2026-04-20 21:57:41.703,01:38:00,0 days 01:38:00,98.0,False,98.0,0.0,False,Valid,1.6333333333333333,1.6333333333333333,98.0,1.6333333333333333
AI188,Air India,CCU,HYD,2026-04-20 20:16:41.703,2026-04-20 23:02:41.703,02:46:00,0 days 02:46:00,166.0,False,166.0,0.0,False,Valid,2.7666666666666666,2.7666666666666666,166.0,2.7666666666666666
6F114,IndiGo,BOM,MAA,2026-04-20 20:10:41.702,2026-04-20 21:00:41.702,00:50:00,0 days 00:50:00,50.0,False,50.0,0.0,False,Valid,0.8333333333333334,0.8333333333333334,50.0,0.8333333333333334
SJ179,SpiceJet,DEL,HYD,2026-04-20 20:09:41.703,2026-04-20 23:39:41.703,03:30:00,0 days 03:30:00,210.0,False,210.0,0.0,False,Valid,3.5,3.5,210.0,3.5
6F190,IndiGo,DEL,MAA,2026-04-20 20:02:41.703,2026-04-21 00:36:41.703,04:34:00,0 days 04:34:00,274.0,True,274.0,0.0,False,Valid,4.566666666666666,4.566666666666666,274.0,4.566666666666666
SJ003,SpiceJet,MAA,CCU,2026-04-20 19:50:41.701,2026-04-20 20:32:41.701,00:42:00,0 days 00:42:00,42.0,False,42.0,0.0,False,Valid,0.7,0.7,42.0,0.7
6F028,IndiGo,HYD,CCU,2026-04-20 19:49:41.701,2026-04-20 21:49:41.701,02:00:00,0 days 02:00:00,120.0,False,120.0,0.0,False,Valid,2.0,2.0,120.0,2.0
UK036,Vistara,CCU,BLR,2026-04-20 19:48:41.701,2026-04-21 00:12:41.701,04:24:00,0 days 04:24:00,264.0,True,264.0,0.0,False,Valid,4.4,4.4,264.0,4.4
SJ160,SpiceJet,MAA,BLR,2026-04-20 19:45:41.703,2026-04-20 20:30:41.703,00:45:00,0 days 00:45:00,45.0,False,45.0,0.0,False,Valid,0.75,0.75,45.0,0.75
6F151,IndiGo,CCU,HYD,2026-04-20 19:44:41.703,2026-04-20 22:04:41.703,02:20:00,0 days 02:20:00,140.0,False,140.0,0.0,False,Valid,2.3333333333333335,2.3333333333333335,140.0,2.3333333333333335
UK140,Vistara,MAA,BLR,2026-04-20 19:37:41.703,2026-04-20 21:00:41.703,01:23:00,0 days 01:23:00,83.0,False,83.0,0.0,False,Valid,1.3833333333333333,1.3833333333333333,83.0,1.3833333333333333
AI115,Air India,MAA,BLR,2026-04-20 19:37:41.702,2026-04-21 00:26:41.702,04:49:00,0 days 04:49:00,289.0,True,289.0,0.0,False,Valid,4.816666666666666,4.816666666666666,289.0,4.816666666666666
AI132,Air India,BLR,BOM,2026-04-20 19:32:41.702,2026-04-20 21:41:41.702,02:09:00,0 days 02:09:00,129.0,False,129.0,0.0,False,Valid,2.15,2.15,129.0,2.15
UK209,Vistara,MAA,BLR,2026-04-20 19:02:41.704,2026-04-20 21:47:41.704,02:45:00,0 days 02:45:00,165.0,False,165.0,0.0,False,Valid,2.75,2.75,165.0,2.75
SJ043,SpiceJet,MAA,DEL,2026-04-20 18:59:41.701,2026-04-20 21:08:41.701,02:09:00,0 days 02:09:00,129.0,False,129.0,0.0,False,Valid,2.15,2.15,129.0,2.15
UK176,Vistara,HYD,BLR,2026-04-20 18:41:41.703,2026-04-20 22:49:41.703,04:08:00,0 days 04:08:00,248.0,False,248.0,0.0,False,Valid,4.133333333333334,4.133333333333334,248.0,4.133333333333334
UK216,Vistara,MAA,HYD,2026-04-20 18:33:41.704,2026-04-20 21:47:41.704,03:14:00,0 days 03:14:00,194.0,False,194.0,0.0,False,Valid,3.2333333333333334,3.2333333333333334,194.0,3.2333333333333334
UK150,Vistara,DEL,CCU,2026-04-20 18:31:41.703,2026-04-20 19:01:41.703,00:30:00,0 days 00:30:00,30.0,False,30.0,0.0,False,Valid,0.5,0.5,30.0,0.5
UK145,Vistara,BOM,HYD,2026-04-20 18:30:41.703,2026-04-20 20:41:41.703,02:11:00,0 days 02:11:00,131.0,False,131.0,0.0,False,Valid,2.183333333333333,2.183333333333333,131.0,2.183333333333333
6F270,IndiGo,HYD,MAA,2026-04-20 18:14:41.701,2026-04-20 19:02:41.701,00:48:00,0 days 00:48:00,48.0,False,48.0,0.0,False,Valid,0.8,0.8,48.0,0.8
6F012,IndiGo,CCU,HYD,2026-04-20 18:06:41.701,2026-04-20 21:31:41.701,03:25:00,0 days 03:25:00,205.0,False,205.0,0.0,False,Valid,3.4166666666666665,3.4166666666666665,205.0,3.4166666666666665
SJ236,SpiceJet,MAA,BOM,2026-04-20 18:03:41.704,2026-04-20 22:02:41.704,03:59:00,0 days 03:59:00,239.0,False,239.0,0.0,False,Valid,3.9833333333333334,3.9833333333333334,239.0,3.9833333333333334
6F149,IndiGo,BLR,CCU,2026-04-20 17:57:41.703,2026-04-20 20:42:41.703,02:45:00,0 days 02:45:00,165.0,False,165.0,0.0,False,Valid,2.75,2.75,165.0,2.75
UK004,Vistara,BOM,CCU,2026-04-20 17:56:41.700,2026-04-20 18:30:41.700,00:34:00,0 days 00:34:00,34.0,False,34.0,0.0,False,Valid,0.5666666666666667,0.5666666666666667,34.0,0.5666666666666667
UK010,Vistara,MAA,HYD,2026-04-20 17:53:41.701,2026-04-20 20:40:41.701,02:47:00,0 days 02:47:00,167.0,False,167.0,0.0,False,Valid,2.783333333333333,2.783333333333333,167.0,2.783333333333333
UK215,Vistara,BOM,DEL,2026-04-20 17:38:41.704,2026-04-20 19:50:41.704,02:12:00,0 days 02:12:00,132.0,False,132.0,0.0,False,Valid,2.2,2.2,132.0,2.2
SJ116,SpiceJet,HYD,CCU,2026-04-20 17:33:41.702,2026-04-20 19:02:41.702,01:29:00,0 days 01:29:00,89.0,False,89.0,0.0,False,Valid,1.4833333333333334,1.4833333333333334,89.0,1.4833333333333334
SJ023,SpiceJet,HYD,MAA,2026-04-20 17:27:41.701,2026-04-20 19:09:41.701,01:42:00,0 days 01:42:00,102.0,False,102.0,0.0,False,Valid,1.7,1.7,102.0,1.7
UK152,Vistara,BOM,CCU,2026-04-20 17:24:41.703,2026-04-20 20:13:41.703,02:49:00,0 days 02:49:00,169.0,False,169.0,0.0,False,Valid,2.816666666666667,2.816666666666667,169.0,2.816666666666667
SJ202,SpiceJet,CCU,HYD,2026-04-20 17:21:41.703,2026-04-20 19:08:41.703,01:47:00,0 days 01:47:00,107.0,False,107.0,0.0,False,Valid,1.7833333333333334,1.7833333333333334,107.0,1.7833333333333334
6F043,IndiGo,BOM,HYD,2026-04-20 17:17:41.701,2026-04-20 18:43:41.701,01:26:00,0 days 01:26:00,86.0,False,86.0,0.0,False,Valid,1.4333333333333333,1.4333333333333333,86.0,1.4333333333333333
UK173,Vistara,MAA,BLR,2026-04-20 17:06:41.703,2026-04-20 21:22:41.703,04:16:00,0 days 04:16:00,256.0,False,256.0,0.0,False,Valid,4.266666666666667,4.266666666666667,256.0,4.266666666666667
SJ081,SpiceJet,BOM,BLR,2026-04-20 17:04:41.702,2026-04-20 18:53:41.702,01:49:00,0 days 01:49:00,109.0,False,109.0,0.0,False,Valid,1.8166666666666667,1.8166666666666667,109.0,1.8166666666666667
UK153,Vistara,CCU,HYD,2026-04-20 16:52:41.703,2026-04-20 20:53:41.703,04:01:00,0 days 04:01:00,241.0,False,241.0,0.0,False,Valid,4.016666666666667,4.016666666666667,241.0,4.016666666666667
UK187,Vistara,BLR,BOM,2026-04-20 16:52:41.703,2026-04-20 18:42:41.703,01:50:00,0 days 01:50:00,110.0,False,110.0,0.0,False,Valid,1.8333333333333333,1.8333333333333333,110.0,1.8333333333333333
UK055,Vistara,HYD,DEL,2026-04-20 16:48:41.701,2026-04-20 19:31:41.701,02:43:00,0 days 02:43:00,163.0,False,163.0,0.0,False,Valid,2.716666666666667,2.716666666666667,163.0,2.716666666666667
UK181,Vistara,MAA,DEL,2026-04-20 16:44:41.703,2026-04-20 19:26:41.703,02:42:00,0 days 02:42:00,162.0,False,162.0,0.0,False,Valid,2.7,2.7,162.0,2.7
UK074,Vistara,BOM,DEL,2026-04-20 16:44:41.702,2026-04-20 18:41:41.702,01:57:00,0 days 01:57:00,117.0,False,117.0,0.0,False,Valid,1.95,1.95,117.0,1.95
SJ068,SpiceJet,BLR,BOM,2026-04-20 16:44:41.701,2026-04-20 18:48:41.701,02:04:00,0 days 02:04:00,124.0,False,124.0,0.0,False,Valid,2.066666666666667,2.066666666666667,124.0,2.066666666666667
AI242,Air India,BLR,CCU,2026-04-20 16:41:41.704,2026-04-20 17:43:41.704,01:02:00,0 days 01:02:00,62.0,False,62.0,0.0,False,Valid,1.0333333333333334,1.0333333333333334,62.0,1.0333333333333334
SJ237,SpiceJet,BOM,CCU,2026-04-20 16:32:41.704,2026-04-20 19:00:41.704,02:28:00,0 days 02:28:00,148.0,False,148.0,0.0,False,Valid,2.466666666666667,2.466666666666667,148.0,2.466666666666667
6F194,IndiGo,BOM,CCU,2026-04-20 16:29:41.703,2026-04-20 18:27:41.703,01:58:00,0 days 01:58:00,118.0,False,118.0,0.0,False,Valid,1.9666666666666666,1.9666666666666666,118.0,1.9666666666666666
UK063,Vistara,DEL,BOM,2026-04-20 16:29:41.701,2026-04-20 17:41:41.701,01:12:00,0 days 01:12:00,72.0,False,72.0,0.0,False,Valid,1.2,1.2,72.0,1.2
UK068,Vistara,BLR,MAA,2026-04-20 16:28:41.701,2026-04-20 18:09:41.701,01:41:00,0 days 01:41:00,101.0,False,101.0,0.0,False,Valid,1.6833333333333333,1.6833333333333333,101.0,1.6833333333333333
UK224,Vistara,CCU,MAA,2026-04-20 16:25:41.704,2026-04-20 20:24:41.704,03:59:00,0 days 03:59:00,239.0,False,239.0,0.0,False,Valid,3.9833333333333334,3.9833333333333334,239.0,3.9833333333333334
UK077,Vistara,HYD,BOM,2026-04-20 16:22:41.702,2026-04-20 18:00:41.702,01:38:00,0 days 01:38:00,98.0,False,98.0,0.0,False,Valid,1.6333333333333333,1.6333333333333333,98.0,1.6333333333333333
UK207,Vistara,MAA,CCU,2026-04-20 16:21:41.703,2026-04-20 17:36:41.703,01:15:00,0 days 01:15:00,75.0,False,75.0,0.0,False,Valid,1.25,1.25,75.0,1.25
AI221,Air India,MAA,HYD,2026-04-20 16:18:41.703,2026-04-20 18:54:41.703,02:36:00,0 days 02:36:00,156.0,False,156.0,0.0,False,Valid,2.6,2.6,156.0,2.6
UK109,Vistara,BLR,BOM,2026-04-20 16:06:41.702,2026-04-20 17:06:42.000,01:00:00.298000,0 days 01:00:00.298000,60.00496666666666,False,60.0,0.004966666666661013,False,Valid,1.0000827777777777,1.0,60.00496666666666,1.0000827777777777
UK089,Vistara,BOM,HYD,2026-04-20 15:38:41.702,2026-04-20 19:50:41.702,04:12:00,0 days 04:12:00,252.0,False,252.0,0.0,False,Valid,4.2,4.2,252.0,4.2
AI072,Air India,BLR,CCU,2026-04-20 15:34:41.702,2026-04-20 16:32:41.702,00:58:00,0 days 00:58:00,58.0,False,58.0,0.0,False,Valid,0.9666666666666667,0.9666666666666667,58.0,0.9666666666666667
UK131,Vistara,BOM,DEL,2026-04-20 15:33:41.702,2026-04-20 19:39:41.702,04:06:00,0 days 04:06:00,246.0,False,246.0,0.0,False,Valid,4.1,4.1,246.0,4.1
SJ150,SpiceJet,BOM,HYD,2026-04-20 15:33:41.702,2026-04-20 19:03:41.702,03:30:00,0 days 03:30:00,210.0,False,210.0,0.0,False,Valid,3.5,3.5,210.0,3.5
6F097,IndiGo,BLR,BOM,2026-04-20 15:32:41.702,2026-04-20 16:49:41.702,01:17:00,0 days 01:17:00,77.0,False,77.0,0.0,False,Valid,1.2833333333333334,1.2833333333333334,77.0,1.2833333333333334
6F123,IndiGo,DEL,HYD,2026-04-20 15:26:41.702,2026-04-20 17:12:41.702,01:46:00,0 days 01:46:00,106.0,False,106.0,0.0,False,Valid,1.7666666666666666,1.7666666666666666,106.0,1.7666666666666666
6F017,IndiGo,CCU,BOM,2026-04-20 15:25:41.701,2026-04-20 18:06:41.701,02:41:00,0 days 02:41:00,161.0,False,161.0,0.0,False,Valid,2.683333333333333,2.683333333333333,161.0,2.683333333333333
6F245,IndiGo,CCU,BOM,2026-04-20 15:25:41.701,2026-04-20 18:06:41.701,02:41:00,0 days 02:41:00,161.0,False,161.0,0.0,False,Valid,2.683333333333333,2.683333333333333,161.0,2.683333333333333
6F180,IndiGo,MAA,BLR,2026-04-20 15:24:41.703,2026-04-20 19:48:41.703,04:24:00,0 days 04:24:00,264.0,False,264.0,0.0,False,Valid,4.4,4.4,264.0,4.4
6F152,IndiGo,CCU,DEL,2026-04-20 15:21:41.703,2026-04-20 17:25:41.703,02:04:00,0 days 02:04:00,124.0,False,124.0,0.0,False,Valid,2.066666666666667,2.066666666666667,124.0,2.066666666666667
SJ034,SpiceJet,MAA,BOM,2026-04-20 15:20:41.701,2026-04-20 20:11:41.701,04:51:00,0 days 04:51:00,291.0,False,291.0,0.0,False,Valid,4.85,4.85,291.0,4.85
SJ142,SpiceJet,CCU,BOM,2026-04-20 15:14:41.702,2026-04-20 16:56:41.702,01:42:00,0 days 01:42:00,102.0,False,102.0,0.0,False,Valid,1.7,1.7,102.0,1.7
UK189,Vistara,BLR,MAA,2026-04-20 15:07:41.703,2026-04-20 18:51:41.703,03:44:00,0 days 03:44:00,224.0,False,224.0,0.0,False,Valid,3.7333333333333334,3.7333333333333334,224.0,3.7333333333333334
SJ044,SpiceJet,DEL,CCU,2026-04-20 15:06:41.701,2026-04-20 17:43:41.701,02:37:00,0 days 02:37:00,157.0,False,157.0,0.0,False,Valid,2.6166666666666667,2.6166666666666667,157.0,2.6166666666666667
SJ196,SpiceJet,DEL,HYD,2026-04-20 14:58:41.703,2026-04-20 17:44:41.703,02:46:00,0 days 02:46:00,166.0,False,166.0,0.0,False,Valid,2.7666666666666666,2.7666666666666666,166.0,2.7666666666666666
6F188,IndiGo,DEL,HYD,2026-04-20 14:57:41.703,2026-04-20 19:39:41.703,04:42:00,0 days 04:42:00,282.0,False,282.0,0.0,False,Valid,4.7,4.7,282.0,4.7
6F181,IndiGo,BOM,MAA,2026-04-20 14:55:41.703,2026-04-20 16:43:41.703,01:48:00,0 days 01:48:00,108.0,False,108.0,0.0,False,Valid,1.8,1.8,108.0,1.8
6F077,IndiGo,CCU,DEL,2026-04-20 14:55:41.702,2026-04-20 19:13:41.702,04:18:00,0 days 04:18:00,258.0,False,258.0,0.0,False,Valid,4.3,4.3,258.0,4.3
SJ154,SpiceJet,BLR,HYD,2026-04-20 14:47:41.702,2026-04-20 16:26:41.702,01:39:00,0 days 01:39:00,99.0,False,99.0,0.0,False,Valid,1.65,1.65,99.0,1.65
AI025,Air India,HYD,DEL,2026-04-20 14:46:41.701,2026-04-20 17:11:41.701,02:25:00,0 days 02:25:00,145.0,False,145.0,0.0,False,Valid,2.4166666666666665,2.4166666666666665,145.0,2.4166666666666665
AI094,Air India,DEL,BLR,2026-04-20 14:44:41.702,2026-04-20 15:44:42.000,01:00:00.298000,0 days 01:00:00.298000,60.00496666666666,False,60.0,0.004966666666661013,False,Valid,1.0000827777777777,1.0,60.00496666666666,1.0000827777777777
6F191,IndiGo,BLR,DEL,2026-04-20 14:41:41.703,2026-04-20 15:11:41.703,00:30:00,0 days 00:30:00,30.0,False,30.0,0.0,False,Valid,0.5,0.5,30.0,0.5
SJ085,SpiceJet,BLR,MAA,2026-04-20 14:41:41.702,2026-04-20 19:11:41.702,04:30:00,0 days 04:30:00,270.0,False,270.0,0.0,False,Valid,4.5,4.5,270.0,4.5
6F261,IndiGo,CCU,DEL,2026-04-20 14:31:41.703,2026-04-20 17:29:41.703,02:58:00,0 days 02:58:00,178.0,False,178.0,0.0,False,Valid,2.966666666666667,2.966666666666667,178.0,2.966666666666667
6F129,IndiGo,DEL,CCU,2026-04-20 14:28:41.702,2026-04-20 16:47:41.702,02:19:00,0 days 02:19:00,139.0,False,139.0,0.0,False,Valid,2.316666666666667,2.316666666666667,139.0,2.316666666666667
6F254,IndiGo,MAA,BLR,2026-04-20 14:26:41.703,2026-04-20 18:01:41.703,03:35:00,0 days 03:35:00,215.0,False,215.0,0.0,False,Valid,3.5833333333333335,3.5833333333333335,215.0,3.5833333333333335
SJ185,SpiceJet,BOM,CCU,2026-04-20 14:21:41.703,2026-04-20 15:21:41.703,01:00:00,0 days 01:00:00,60.0,False,60.0,0.0,False,Valid,1.0,1.0,60.0,1.0
6F030,IndiGo,BOM,DEL,2026-04-20 14:20:41.701,2026-04-20 17:10:41.701,02:50:00,0 days 02:50:00,170.0,False,170.0,0.0,False,Valid,2.8333333333333335,2.8333333333333335,170.0,2.8333333333333335
SJ222,SpiceJet,BOM,DEL,2026-04-20 14:15:41.703,2026-04-20 17:09:41.703,02:54:00,0 days 02:54:00,174.0,False,174.0,0.0,False,Valid,2.9,2.9,174.0,2.9
6F259,IndiGo,BOM,DEL,2026-04-20 14:10:41.703,2026-04-20 15:21:41.703,01:11:00,0 days 01:11:00,71.0,False,71.0,0.0,False,Valid,1.1833333333333333,1.1833333333333333,71.0,1.1833333333333333
UK083,Vistara,DEL,HYD,2026-04-20 14:10:41.702,2026-04-20 14:59:41.702,00:49:00,0 days 00:49:00,49.0,False,49.0,0.0,False,Valid,0.8166666666666667,0.8166666666666667,49.0,0.8166666666666667
6F051,IndiGo,BLR,BOM,2026-04-20 13:58:41.701,2026-04-20 15:58:41.701,02:00:00,0 days 02:00:00,120.0,False,120.0,0.0,False,Valid,2.0,2.0,120.0,2.0
SJ088,SpiceJet,CCU,MAA,2026-04-20 13:54:41.702,2026-04-20 14:26:41.702,00:32:00,0 days 00:32:00,32.0,False,32.0,0.0,False,Valid,0.5333333333333333,0.5333333333333333,32.0,0.5333333333333333
6F146,IndiGo,HYD,MAA,2026-04-20 13:51:41.703,2026-04-20 15:07:41.703,01:16:00,0 days 01:16:00,76.0,False,76.0,0.0,False,Valid,1.2666666666666666,1.2666666666666666,76.0,1.2666666666666666
6F047,IndiGo,MAA,DEL,2026-04-20 13:50:41.701,2026-04-20 15:55:41.701,02:05:00,0 days 02:05:00,125.0,False,125.0,0.0,False,Valid,2.0833333333333335,2.0833333333333335,125.0,2.0833333333333335
AI077,Air India,CCU,HYD,2026-04-20 13:45:41.702,2026-04-20 14:51:41.702,01:06:00,0 days 01:06:00,66.0,False,66.0,0.0,False,Valid,1.1,1.1,66.0,1.1
UK134,Vistara,HYD,CCU,2026-04-20 13:44:41.702,2026-04-20 17:26:41.702,03:42:00,0 days 03:42:00,222.0,False,222.0,0.0,False,Valid,3.7,3.7,222.0,3.7
AI056,Air India,DEL,MAA,2026-04-20 13:44:41.701,2026-04-20 17:39:41.701,03:55:00,0 days 03:55:00,235.0,False,235.0,0.0,False,Valid,3.9166666666666665,3.9166666666666665,235.0,3.9166666666666665
UK141,Vistara,HYD,MAA,2026-04-20 13:38:41.703,2026-04-20 15:59:41.703,02:21:00,0 days 02:21:00,141.0,False,141.0,0.0,False,Valid,2.35,2.35,141.0,2.35
AI030,Air India,CCU,HYD,2026-04-20 13:33:41.701,2026-04-20 16:52:41.701,03:19:00,0 days 03:19:00,199.0,False,199.0,0.0,False,Valid,3.316666666666667,3.316666666666667,199.0,3.316666666666667
AI029,Air India,MAA,DEL,2026-04-20 13:29:41.701,2026-04-20 17:53:41.701,04:24:00,0 days 04:24:00,264.0,False,264.0,0.0,False,Valid,4.4,4.4,264.0,4.4
SJ167,SpiceJet,MAA,CCU,2026-04-20 13:18:41.703,2026-04-20 14:12:41.703,00:54:00,0 days 00:54:00,54.0,False,54.0,0.0,False,Valid,0.9,0.9,54.0,0.9
UK017,Vistara,BLR,HYD,2026-04-20 13:14:41.701,2026-04-20 14:49:41.701,01:35:00,0 days 01:35:00,95.0,False,95.0,0.0,False,Valid,1.5833333333333333,1.5833333333333333,95.0,1.5833333333333333
6F229,IndiGo,MAA,DEL,2026-04-20 13:10:41.704,2026-04-20 14:30:41.704,01:20:00,0 days 01:20:00,80.0,False,80.0,0.0,False,Valid,1.3333333333333333,1.3333333333333333,80.0,1.3333333333333333
SJ117,SpiceJet,MAA,BLR,2026-04-20 13:10:41.702,2026-04-20 17:06:41.702,03:56:00,0 days 03:56:00,236.0,False,236.0,0.0,False,Valid,3.933333333333333,3.933333333333333,236.0,3.933333333333333
6F184,IndiGo,MAA,BOM,2026-04-20 13:05:41.703,2026-04-20 16:04:41.703,02:59:00,0 days 02:59:00,179.0,False,179.0,0.0,False,Valid,2.9833333333333334,2.9833333333333334,179.0,2.9833333333333334
AI031,Air India,DEL,MAA,2026-04-20 13:05:41.701,2026-04-20 16:11:41.701,03:06:00,0 days 03:06:00,186.0,False,186.0,0.0,False,Valid,3.1,3.1,186.0,3.1
AI178,Air India,CCU,BLR,2026-04-20 13:04:41.703,2026-04-20 14:03:41.703,00:59:00,0 days 00:59:00,59.0,False,59.0,0.0,False,Valid,0.9833333333333333,0.9833333333333333,59.0,0.9833333333333333
SJ089,SpiceJet,HYD,CCU,2026-04-20 12:42:41.702,2026-04-20 17:15:41.702,04:33:00,0 days 04:33:00,273.0,False,273.0,0.0,False,Valid,4.55,4.55,273.0,4.55
UK166,Vistara,HYD,MAA,2026-04-20 12:39:41.703,2026-04-20 17:32:41.703,04:53:00,0 days 04:53:00,293.0,False,293.0,0.0,False,Valid,4.883333333333334,4.883333333333334,293.0,4.883333333333334
UK104,Vistara,DEL,BOM,2026-04-20 12:30:41.702,2026-04-20 13:52:41.702,01:22:00,0 days 01:22:00,82.0,False,82.0,0.0,False,Valid,1.3666666666666667,1.3666666666666667,82.0,1.3666666666666667
6F168,IndiGo,HYD,DEL,2026-04-20 12:18:41.703,2026-04-20 15:58:41.703,03:40:00,0 days 03:40:00,220.0,False,220.0,0.0,False,Valid,3.6666666666666665,3.6666666666666665,220.0,3.6666666666666665
AI222,Air India,BOM,DEL,2026-04-20 12:10:41.703,2026-04-20 13:14:41.703,01:04:00,0 days 01:04:00,64.0,False,64.0,0.0,False,Valid,1.0666666666666667,1.0666666666666667,64.0,1.0666666666666667
SJ025,SpiceJet,BOM,CCU,2026-04-20 12:02:41.701,2026-04-20 15:29:41.701,03:27:00,0 days 03:27:00,207.0,False,207.0,0.0,False,Valid,3.45,3.45,207.0,3.45
6F255,IndiGo,DEL,BOM,2026-04-20 11:59:41.703,2026-04-20 15:33:41.703,03:34:00,0 days 03:34:00,214.0,False,214.0,0.0,False,Valid,3.566666666666667,3.566666666666667,214.0,3.566666666666667
UK228,Vistara,DEL,MAA,2026-04-20 11:58:41.704,2026-04-20 15:08:41.704,03:10:00,0 days 03:10:00,190.0,False,190.0,0.0,False,Valid,3.1666666666666665,3.1666666666666665,190.0,3.1666666666666665
6F158,IndiGo,CCU,MAA,2026-04-20 11:58:41.703,2026-04-20 16:04:41.703,04:06:00,0 days 04:06:00,246.0,False,246.0,0.0,False,Valid,4.1,4.1,246.0,4.1
SJ218,SpiceJet,DEL,HYD,2026-04-20 11:58:41.703,2026-04-20 15:03:41.703,03:05:00,0 days 03:05:00,185.0,False,185.0,0.0,False,Valid,3.0833333333333335,3.0833333333333335,185.0,3.0833333333333335
6F034,IndiGo,BOM,DEL,2026-04-20 11:53:41.701,2026-04-20 12:49:41.701,00:56:00,0 days 00:56:00,56.0,False,56.0,0.0,False,Valid,0.9333333333333333,0.9333333333333333,56.0,0.9333333333333333
UK156,Vistara,MAA,BLR,2026-04-20 11:50:41.703,2026-04-20 15:54:41.703,04:04:00,0 days 04:04:00,244.0,False,244.0,0.0,False,Valid,4.066666666666666,4.066666666666666,244.0,4.066666666666666
6F105,IndiGo,BLR,BOM,2026-04-20 11:46:41.702,2026-04-20 12:58:41.702,01:12:00,0 days 01:12:00,72.0,False,72.0,0.0,False,Valid,1.2,1.2,72.0,1.2
6F073,IndiGo,DEL,CCU,2026-04-20 11:38:41.702,2026-04-20 15:18:41.702,03:40:00,0 days 03:40:00,220.0,False,220.0,0.0,False,Valid,3.6666666666666665,3.6666666666666665,220.0,3.6666666666666665
SJ074,SpiceJet,DEL,CCU,2026-04-20 11:21:41.701,2026-04-20 12:02:41.701,00:41:00,0 days 00:41:00,41.0,False,41.0,0.0,False,Valid,0.6833333333333333,0.6833333333333333,41.0,0.6833333333333333
6F234,IndiGo,BOM,DEL,2026-04-20 11:20:41.704,2026-04-20 14:11:41.704,02:51:00,0 days 02:51:00,171.0,False,171.0,0.0,False,Valid,2.85,2.85,171.0,2.85
6F068,IndiGo,BLR,HYD,2026-04-20 11:17:41.701,2026-04-20 15:06:41.701,03:49:00,0 days 03:49:00,229.0,False,229.0,0.0,False,Valid,3.816666666666667,3.816666666666667,229.0,3.816666666666667
6F074,IndiGo,HYD,BOM,2026-04-20 11:09:41.702,2026-04-20 14:29:41.702,03:20:00,0 days 03:20:00,200.0,False,200.0,0.0,False,Valid,3.3333333333333335,3.3333333333333335,200.0,3.3333333333333335
AI038,Air India,HYD,MAA,2026-04-20 11:05:41.701,2026-04-20 15:44:41.701,04:39:00,0 days 04:39:00,279.0,False,279.0,0.0,False,Valid,4.65,4.65,279.0,4.65
AI079,Air India,CCU,BLR,2026-04-20 11:04:41.702,2026-04-20 13:19:41.702,02:15:00,0 days 02:15:00,135.0,False,135.0,0.0,False,Valid,2.25,2.25,135.0,2.25
SJ018,SpiceJet,BOM,CCU,2026-04-20 10:58:41.701,2026-04-20 13:31:41.701,02:33:00,0 days 02:33:00,153.0,False,153.0,0.0,False,Valid,2.55,2.55,153.0,2.55
6F018,IndiGo,DEL,BLR,2026-04-20 10:57:41.701,2026-04-20 11:43:41.701,00:46:00,0 days 00:46:00,46.0,False,46.0,0.0,False,Valid,0.7666666666666667,0.7666666666666667,46.0,0.7666666666666667
AI091,Air India,CCU,MAA,2026-04-20 10:52:41.702,2026-04-20 15:15:41.702,04:23:00,0 days 04:23:00,263.0,False,263.0,0.0,False,Valid,4.383333333333334,4.383333333333334,263.0,4.383333333333334
UK071,Vistara,DEL,HYD,2026-04-20 10:50:41.701,2026-04-20 14:06:41.701,03:16:00,0 days 03:16:00,196.0,False,196.0,0.0,False,Valid,3.2666666666666666,3.2666666666666666,196.0,3.2666666666666666
AI019,Air India,BOM,CCU,2026-04-20 10:49:41.701,2026-04-20 11:51:41.701,01:02:00,0 days 01:02:00,62.0,False,62.0,0.0,False,Valid,1.0333333333333334,1.0333333333333334,62.0,1.0333333333333334
UK212,Vistara,HYD,MAA,2026-04-20 10:46:41.704,2026-04-20 11:31:41.704,00:45:00,0 days 00:45:00,45.0,False,45.0,0.0,False,Valid,0.75,0.75,45.0,0.75
AI146,Air India,BLR,DEL,2026-04-20 10:40:41.702,2026-04-20 13:46:41.702,03:06:00,0 days 03:06:00,186.0,False,186.0,0.0,False,Valid,3.1,3.1,186.0,3.1
6F232,IndiGo,MAA,BLR,2026-04-20 10:39:41.704,2026-04-20 12:22:41.704,01:43:00,0 days 01:43:00,103.0,False,103.0,0.0,False,Valid,1.7166666666666666,1.7166666666666666,103.0,1.7166666666666666
6F084,IndiGo,CCU,HYD,2026-04-20 10:34:41.702,2026-04-20 11:34:42.000,01:00:00.298000,0 days 01:00:00.298000,60.00496666666666,False,60.0,0.004966666666661013,False,Valid,1.0000827777777777,1.0,60.00496666666666,1.0000827777777777
AI129,Air India,BOM,CCU,2026-04-20 10:29:41.702,2026-04-20 13:38:41.702,03:09:00,0 days 03:09:00,189.0,False,189.0,0.0,False,Valid,3.15,3.15,189.0,3.15
AI240,Air India,MAA,DEL,2026-04-20 10:19:41.704,2026-04-20 12:46:41.704,02:27:00,0 days 02:27:00,147.0,False,147.0,0.0,False,Valid,2.45,2.45,147.0,2.45
6F091,IndiGo,BLR,CCU,2026-04-20 10:10:41.702,2026-04-20 11:36:41.702,01:26:00,0 days 01:26:00,86.0,False,86.0,0.0,False,Valid,1.4333333333333333,1.4333333333333333,86.0,1.4333333333333333
UK133,Vistara,BOM,DEL,2026-04-20 10:04:41.702,2026-04-20 13:16:41.702,03:12:00,0 days 03:12:00,192.0,False,192.0,0.0,False,Valid,3.2,3.2,192.0,3.2
SJ007,SpiceJet,BOM,CCU,2026-04-20 10:03:41.701,2026-04-20 14:53:41.701,04:50:00,0 days 04:50:00,290.0,False,290.0,0.0,False,Valid,4.833333333333333,4.833333333333333,290.0,4.833333333333333
SJ141,SpiceJet,CCU,DEL,2026-04-20 10:00:41.702,2026-04-20 13:37:41.702,03:37:00,0 days 03:37:00,217.0,False,217.0,0.0,False,Valid,3.6166666666666667,3.6166666666666667,217.0,3.6166666666666667
6F049,IndiGo,HYD,DEL,2026-04-20 10:00:41.701,2026-04-20 13:13:41.701,03:13:00,0 days 03:13:00,193.0,False,193.0,0.0,False,Valid,3.216666666666667,3.216666666666667,193.0,3.216666666666667
SJ235,SpiceJet,BOM,DEL,2026-04-20 09:57:41.704,2026-04-20 13:45:41.704,03:48:00,0 days 03:48:00,228.0,False,228.0,0.0,False,Valid,3.8,3.8,228.0,3.8
UK087,Vistara,HYD,MAA,2026-04-20 09:49:41.702,2026-04-20 13:17:41.702,03:28:00,0 days 03:28:00,208.0,False,208.0,0.0,False,Valid,3.466666666666667,3.466666666666667,208.0,3.466666666666667
UK170,Vistara,BOM,BLR,2026-04-20 09:42:41.703,2026-04-20 11:32:41.703,01:50:00,0 days 01:50:00,110.0,False,110.0,0.0,False,Valid,1.8333333333333333,1.8333333333333333,110.0,1.8333333333333333
SJ078,SpiceJet,DEL,HYD,2026-04-20 09:41:41.701,2026-04-20 12:49:41.701,03:08:00,0 days 03:08:00,188.0,False,188.0,0.0,False,Valid,3.1333333333333333,3.1333333333333333,188.0,3.1333333333333333
SJ075,SpiceJet,MAA,BLR,2026-04-20 09:26:41.701,2026-04-20 11:03:41.701,01:37:00,0 days 01:37:00,97.0,False,97.0,0.0,False,Valid,1.6166666666666667,1.6166666666666667,97.0,1.6166666666666667
AI159,Air India,HYD,BLR,2026-04-20 09:23:41.703,2026-04-20 11:36:41.703,02:13:00,0 days 02:13:00,133.0,False,133.0,0.0,False,Valid,2.216666666666667,2.216666666666667,133.0,2.216666666666667
UK120,Vistara,HYD,DEL,2026-04-20 09:19:41.702,2026-04-20 13:30:41.702,04:11:00,0 days 04:11:00,251.0,False,251.0,0.0,False,Valid,4.183333333333334,4.183333333333334,251.0,4.183333333333334
AI059,Air India,CCU,DEL,2026-04-20 09:16:41.701,2026-04-20 11:43:41.701,02:27:00,0 days 02:27:00,147.0,False,147.0,0.0,False,Valid,2.45,2.45,147.0,2.45
UK040,Vistara,HYD,CCU,2026-04-20 09:15:41.701,2026-04-20 10:32:41.701,01:17:00,0 days 01:17:00,77.0,False,77.0,0.0,False,Valid,1.2833333333333334,1.2833333333333334,77.0,1.2833333333333334
AI044,Air India,MAA,BLR,2026-04-20 09:03:41.701,2026-04-20 12:36:41.701,03:33:00,0 days 03:33:00,213.0,False,213.0,0.0,False,Valid,3.55,3.55,213.0,3.55
AI078,Air India,DEL,BOM,2026-04-20 08:58:41.702,2026-04-20 13:28:41.702,04:30:00,0 days 04:30:00,270.0,False,270.0,0.0,False,Valid,4.5,4.5,270.0,4.5
SJ226,SpiceJet,HYD,BOM,2026-04-20 08:47:41.704,2026-04-20 12:54:41.704,04:07:00,0 days 04:07:00,247.0,False,247.0,0.0,False,Valid,4.116666666666666,4.116666666666666,247.0,4.116666666666666
6F209,IndiGo,MAA,CCU,2026-04-20 08:40:41.703,2026-04-20 13:40:41.703,05:00:00,0 days 05:00:00,300.0,False,300.0,0.0,False,Valid,5.0,5.0,300.0,5.0
UK193,Vistara,HYD,DEL,2026-04-20 08:39:41.703,2026-04-20 09:14:41.703,00:35:00,0 days 00:35:00,35.0,False,35.0,0.0,False,Valid,0.5833333333333334,0.5833333333333334,35.0,0.5833333333333334
6F092,IndiGo,MAA,BLR,2026-04-20 08:39:41.702,2026-04-20 09:15:41.702,00:36:00,0 days 00:36:00,36.0,False,36.0,0.0,False,Valid,0.6,0.6,36.0,0.6
AI208,Air India,BLR,BOM,2026-04-20 08:38:41.703,2026-04-20 11:52:41.703,03:14:00,0 days 03:14:00,194.0,False,194.0,0.0,False,Valid,3.2333333333333334,3.2333333333333334,194.0,3.2333333333333334
SJ227,SpiceJet,BOM,CCU,2026-04-20 08:32:41.704,2026-04-20 12:53:41.704,04:21:00,0 days 04:21:00,261.0,False,261.0,0.0,False,Valid,4.35,4.35,261.0,4.35
6F238,IndiGo,BOM,DEL,2026-04-20 08:31:41.704,2026-04-20 09:19:41.704,00:48:00,0 days 00:48:00,48.0,False,48.0,0.0,False,Valid,0.8,0.8,48.0,0.8
AI084,Air India,BOM,HYD,2026-04-20 08:31:41.702,2026-04-20 09:46:41.702,01:15:00,0 days 01:15:00,75.0,False,75.0,0.0,False,Valid,1.25,1.25,75.0,1.25
SJ228,SpiceJet,BOM,CCU,2026-04-20 08:29:41.704,2026-04-20 12:16:41.704,03:47:00,0 days 03:47:00,227.0,False,227.0,0.0,False,Valid,3.783333333333333,3.783333333333333,227.0,3.783333333333333
UK194,Vistara,CCU,BOM,2026-04-20 08:26:41.703,2026-04-20 09:26:42.000,01:00:00.297000,0 days 01:00:00.297000,60.00495,False,60.0,0.004950000000000898,False,Valid,1.0000825,1.0,60.00495,1.0000825
6F126,IndiGo,CCU,MAA,2026-04-20 08:21:41.702,2026-04-20 09:39:41.702,01:18:00,0 days 01:18:00,78.0,False,78.0,0.0,False,Valid,1.3,1.3,78.0,1.3
SJ052,SpiceJet,MAA,BLR,2026-04-20 08:20:41.701,2026-04-20 09:57:41.701,01:37:00,0 days 01:37:00,97.0,False,97.0,0.0,False,Valid,1.6166666666666667,1.6166666666666667,97.0,1.6166666666666667
AI233,Air India,BLR,BOM,2026-04-20 08:04:41.704,2026-04-20 09:52:41.704,01:48:00,0 days 01:48:00,108.0,False,108.0,0.0,False,Valid,1.8,1.8,108.0,1.8
AI213,Air India,HYD,CCU,2026-04-20 08:03:41.703,2026-04-20 09:14:41.703,01:11:00,0 days 01:11:00,71.0,False,71.0,0.0,False,Valid,1.1833333333333333,1.1833333333333333,71.0,1.1833333333333333
UK076,Vistara,MAA,CCU,2026-04-20 08:03:41.702,2026-04-20 12:26:41.702,04:23:00,0 days 04:23:00,263.0,False,263.0,0.0,False,Valid,4.383333333333334,4.383333333333334,263.0,4.383333333333334
SJ022,SpiceJet,DEL,BLR,2026-04-20 07:56:41.701,2026-04-20 11:07:41.701,03:11:00,0 days 03:11:00,191.0,False,191.0,0.0,False,Valid,3.183333333333333,3.183333333333333,191.0,3.183333333333333
SJ002,SpiceJet,DEL,BOM,2026-04-20 07:54:41.701,2026-04-20 12:40:41.701,04:46:00,0 days 04:46:00,286.0,False,286.0,0.0,False,Valid,4.766666666666667,4.766666666666667,286.0,4.766666666666667
AI163,Air India,HYD,MAA,2026-04-20 07:45:41.703,2026-04-20 08:46:41.703,01:01:00,0 days 01:01:00,61.0,False,61.0,0.0,False,Valid,1.0166666666666666,1.0166666666666666,61.0,1.0166666666666666
UK229,Vistara,HYD,DEL,2026-04-20 07:40:41.704,2026-04-20 11:57:41.704,04:17:00,0 days 04:17:00,257.0,False,257.0,0.0,False,Valid,4.283333333333333,4.283333333333333,257.0,4.283333333333333
UK185,Vistara,DEL,MAA,2026-04-20 07:31:41.703,2026-04-20 08:48:41.703,01:17:00,0 days 01:17:00,77.0,False,77.0,0.0,False,Valid,1.2833333333333334,1.2833333333333334,77.0,1.2833333333333334
6F029,IndiGo,BOM,BLR,2026-04-20 07:31:41.701,2026-04-20 11:45:41.701,04:14:00,0 days 04:14:00,254.0,False,254.0,0.0,False,Valid,4.233333333333333,4.233333333333333,254.0,4.233333333333333
6F056,IndiGo,BOM,MAA,2026-04-20 07:00:41.701,2026-04-20 08:49:41.701,01:49:00,0 days 01:49:00,109.0,False,109.0,0.0,False,Valid,1.8166666666666667,1.8166666666666667,109.0,1.8166666666666667
AI062,Air India,MAA,DEL,2026-04-20 06:49:41.701,2026-04-20 07:25:41.701,00:36:00,0 days 00:36:00,36.0,False,36.0,0.0,False,Valid,0.6,0.6,36.0,0.6
UK034,Vistara,DEL,BLR,2026-04-20 06:47:41.701,2026-04-20 10:11:41.701,03:24:00,0 days 03:24:00,204.0,False,204.0,0.0,False,Valid,3.4,3.4,204.0,3.4
UK079,Vistara,DEL,BLR,2026-04-20 06:43:41.702,2026-04-20 10:34:41.702,03:51:00,0 days 03:51:00,231.0,False,231.0,0.0,False,Valid,3.85,3.85,231.0,3.85
AI135,Air India,BLR,BOM,2026-04-20 06:40:41.702,2026-04-20 09:21:41.702,02:41:00,0 days 02:41:00,161.0,False,161.0,0.0,False,Valid,2.683333333333333,2.683333333333333,161.0,2.683333333333333
SJ061,SpiceJet,MAA,BLR,2026-04-20 06:38:41.701,2026-04-20 09:35:41.701,02:57:00,0 days 02:57:00,177.0,False,177.0,0.0,False,Valid,2.95,2.95,177.0,2.95
AI047,Air India,CCU,MAA,2026-04-20 06:36:41.701,2026-04-20 07:23:41.701,00:47:00,0 days 00:47:00,47.0,False,47.0,0.0,False,Valid,0.7833333333333333,0.7833333333333333,47.0,0.7833333333333333
UK210,Vistara,DEL,CCU,2026-04-20 06:35:41.704,2026-04-20 07:30:41.704,00:55:00,0 days 00:55:00,55.0,False,55.0,0.0,False,Valid,0.9166666666666666,0.9166666666666666,55.0,0.9166666666666666
AI088,Air India,MAA,DEL,2026-04-20 06:34:41.702,2026-04-20 10:10:41.702,03:36:00,0 days 03:36:00,216.0,False,216.0,0.0,False,Valid,3.6,3.6,216.0,3.6
UK177,Vistara,DEL,HYD,2026-04-20 06:21:41.703,2026-04-20 10:50:41.703,04:29:00,0 days 04:29:00,269.0,False,269.0,0.0,False,Valid,4.483333333333333,4.483333333333333,269.0,4.483333333333333
AI128,Air India,BOM,CCU,2026-04-20 06:07:41.702,2026-04-20 10:03:41.702,03:56:00,0 days 03:56:00,236.0,False,236.0,0.0,False,Valid,3.933333333333333,3.933333333333333,236.0,3.933333333333333
AI158,Air India,CCU,DEL,2026-04-20 06:04:41.703,2026-04-20 09:01:41.703,02:57:00,0 days 02:57:00,177.0,False,177.0,0.0,False,Valid,2.95,2.95,177.0,2.95
UK206,Vistara,MAA,BLR,2026-04-20 06:01:41.703,2026-04-20 10:34:41.703,04:33:00,0 days 04:33:00,273.0,False,273.0,0.0,False,Valid,4.55,4.55,273.0,4.55
SJ138,SpiceJet,BLR,BOM,2026-04-20 05:55:41.702,2026-04-20 06:43:41.702,00:48:00,0 days 00:48:00,48.0,False,48.0,0.0,False,Valid,0.8,0.8,48.0,0.8
AI034,Air India,DEL,BOM,2026-04-20 05:48:41.701,2026-04-20 10:31:41.701,04:43:00,0 days 04:43:00,283.0,False,283.0,0.0,False,Valid,4.716666666666667,4.716666666666667,283.0,4.716666666666667
AI012,Air India,BOM,CCU,2026-04-20 05:44:41.701,2026-04-20 09:47:41.701,04:03:00,0 days 04:03:00,243.0,False,243.0,0.0,False,Valid,4.05,4.05,243.0,4.05
6F083,IndiGo,BLR,DEL,2026-04-20 05:24:41.702,2026-04-20 06:03:41.702,00:39:00,0 days 00:39:00,39.0,False,39.0,0.0,False,Valid,0.65,0.65,39.0,0.65
SJ083,SpiceJet,MAA,BLR,2026-04-20 05:13:41.702,2026-04-20 08:17:41.702,03:04:00,0 days 03:04:00,184.0,False,184.0,0.0,False,Valid,3.066666666666667,3.066666666666667,184.0,3.066666666666667
SJ186,SpiceJet,CCU,DEL,2026-04-20 05:11:41.703,2026-04-20 07:22:41.703,02:11:00,0 days 02:11:00,131.0,False,131.0,0.0,False,Valid,2.183333333333333,2.183333333333333,131.0,2.183333333333333
UK001,Vistara,CCU,DEL,2026-04-20 05:06:41.700,2026-04-20 06:31:41.700,01:25:00,0 days 01:25:00,85.0,False,85.0,0.0,False,Valid,1.4166666666666667,1.4166666666666667,85.0,1.4166666666666667
AI217,Air India,CCU,BLR,2026-04-20 04:57:41.703,2026-04-20 07:14:41.703,02:17:00,0 days 02:17:00,137.0,False,137.0,0.0,False,Valid,2.283333333333333,2.283333333333333,137.0,2.283333333333333
6F178,IndiGo,BOM,CCU,2026-04-20 04:48:41.703,2026-04-20 09:11:41.703,04:23:00,0 days 04:23:00,263.0,False,263.0,0.0,False,Valid,4.383333333333334,4.383333333333334,263.0,4.383333333333334
UK015,Vistara,BLR,BOM,2026-04-20 04:46:41.701,2026-04-20 06:33:41.701,01:47:00,0 days 01:47:00,107.0,False,107.0,0.0,False,Valid,1.7833333333333334,1.7833333333333334,107.0,1.7833333333333334
AI112,Air India,DEL,BLR,2026-04-20 04:41:41.702,2026-04-20 08:24:41.702,03:43:00,0 days 03:43:00,223.0,False,223.0,0.0,False,Valid,3.716666666666667,3.716666666666667,223.0,3.716666666666667
UK100,Vistara,CCU,BLR,2026-04-20 04:40:41.702,2026-04-20 07:12:41.702,02:32:00,0 days 02:32:00,152.0,False,152.0,0.0,False,Valid,2.533333333333333,2.533333333333333,152.0,2.533333333333333
6F133,IndiGo,MAA,BLR,2026-04-20 04:38:41.702,2026-04-20 06:25:41.702,01:47:00,0 days 01:47:00,107.0,False,107.0,0.0,False,Valid,1.7833333333333334,1.7833333333333334,107.0,1.7833333333333334
AI227,Air India,BLR,MAA,2026-04-20 04:31:41.703,2026-04-20 08:17:41.703,03:46:00,0 days 03:46:00,226.0,False,226.0,0.0,False,Valid,3.7666666666666666,3.7666666666666666,226.0,3.7666666666666666
UK093,Vistara,HYD,CCU,2026-04-20 04:31:41.702,2026-04-20 05:21:41.702,00:50:00,0 days 00:50:00,50.0,False,50.0,0.0,False,Valid,0.8333333333333334,0.8333333333333334,50.0,0.8333333333333334
UK203,Vistara,BLR,HYD,2026-04-20 04:12:41.703,2026-04-20 05:24:41.703,01:12:00,0 days 01:12:00,72.0,False,72.0,0.0,False,Valid,1.2,1.2,72.0,1.2
UK154,Vistara,MAA,HYD,2026-04-20 04:00:41.703,2026-04-20 07:57:41.703,03:57:00,0 days 03:57:00,237.0,False,237.0,0.0,False,Valid,3.95,3.95,237.0,3.95
UK073,Vistara,BLR,CCU,2026-04-20 03:59:41.702,2026-04-20 08:09:41.702,04:10:00,0 days 04:10:00,250.0,False,250.0,0.0,False,Valid,4.166666666666667,4.166666666666667,250.0,4.166666666666667
AI164,Air India,DEL,BLR,2026-04-20 03:57:41.703,2026-04-20 05:45:41.703,01:48:00,0 days 01:48:00,108.0,False,108.0,0.0,False,Valid,1.8,1.8,108.0,1.8
UK008,Vistara,CCU,BLR,2026-04-20 03:57:41.701,2026-04-20 04:34:41.701,00:37:00,0 days 00:37:00,37.0,False,37.0,0.0,False,Valid,0.6166666666666667,0.6166666666666667,37.0,0.6166666666666667
UK051,Vistara,HYD,DEL,2026-04-20 03:55:41.701,2026-04-20 06:55:41.701,03:00:00,0 days 03:00:00,180.0,False,180.0,0.0,False,Valid,3.0,3.0,180.0,3.0
UK208,Vistara,DEL,CCU,2026-04-20 03:54:41.704,2026-04-20 08:51:41.704,04:57:00,0 days 04:57:00,297.0,False,297.0,0.0,False,Valid,4.95,4.95,297.0,4.95
AI150,Air India,BOM,DEL,2026-04-20 03:51:41.703,2026-04-20 04:38:41.703,00:47:00,0 days 00:47:00,47.0,False,47.0,0.0,False,Valid,0.7833333333333333,0.7833333333333333,47.0,0.7833333333333333
AI189,Air India,CCU,DEL,2026-04-20 03:44:41.703,2026-04-20 05:32:41.703,01:48:00,0 days 01:48:00,108.0,False,108.0,0.0,False,Valid,1.8,1.8,108.0,1.8
6F230,IndiGo,CCU,BLR,2026-04-20 03:34:41.704,2026-04-20 06:47:41.704,03:13:00,0 days 03:13:00,193.0,False,193.0,0.0,False,Valid,3.216666666666667,3.216666666666667,193.0,3.216666666666667
6F169,IndiGo,BOM,DEL,2026-04-20 03:27:41.703,2026-04-20 08:06:41.703,04:39:00,0 days 04:39:00,279.0,False,279.0,0.0,False,Valid,4.65,4.65,279.0,4.65
AI205,Air India,BLR,BOM,2026-04-20 03:26:41.703,2026-04-20 05:14:41.703,01:48:00,0 days 01:48:00,108.0,False,108.0,0.0,False,Valid,1.8,1.8,108.0,1.8
AI103,Air India,BLR,BOM,2026-04-20 03:26:41.702,2026-04-20 04:04:41.702,00:38:00,0 days 00:38:00,38.0,False,38.0,0.0,False,Valid,0.6333333333333333,0.6333333333333333,38.0,0.6333333333333333
6F250,IndiGo,DEL,BLR,2026-04-20 03:26:41.701,2026-04-20 07:30:41.701,04:04:00,0 days 04:04:00,244.0,False,244.0,0.0,False,Valid,4.066666666666666,4.066666666666666,244.0,4.066666666666666
AI246,Air India,BOM,BLR,2026-04-20 03:22:41.704,2026-04-20 06:41:41.704,03:19:00,0 days 03:19:00,199.0,False,199.0,0.0,False,Valid,3.316666666666667,3.316666666666667,199.0,3.316666666666667
6F187,IndiGo,BOM,MAA,2026-04-20 03:19:41.703,2026-04-20 07:37:41.703,04:18:00,0 days 04:18:00,258.0,False,258.0,0.0,False,Valid,4.3,4.3,258.0,4.3
AI082,Air India,DEL,CCU,2026-04-20 03:19:41.702,2026-04-20 06:01:41.702,02:42:00,0 days 02:42:00,162.0,False,162.0,0.0,False,Valid,2.7,2.7,162.0,2.7
UK116,Vistara,CCU,BOM,2026-04-20 03:18:41.702,2026-04-20 07:06:41.702,03:48:00,0 days 03:48:00,228.0,False,228.0,0.0,False,Valid,3.8,3.8,228.0,3.8
SJ169,SpiceJet,BOM,MAA,2026-04-20 03:10:41.703,2026-04-20 07:56:41.703,04:46:00,0 days 04:46:00,286.0,False,286.0,0.0,False,Valid,4.766666666666667,4.766666666666667,286.0,4.766666666666667
AI175,Air India,BOM,HYD,2026-04-20 03:08:41.703,2026-04-20 06:55:41.703,03:47:00,0 days 03:47:00,227.0,False,227.0,0.0,False,Valid,3.783333333333333,3.783333333333333,227.0,3.783333333333333
SJ098,SpiceJet,HYD,MAA,2026-04-20 03:02:41.702,2026-04-20 03:37:41.702,00:35:00,0 days 00:35:00,35.0,False,35.0,0.0,False,Valid,0.5833333333333334,0.5833333333333334,35.0,0.5833333333333334
SJ191,SpiceJet,BLR,BOM,2026-04-20 03:01:41.703,2026-04-20 04:23:41.703,01:22:00,0 days 01:22:00,82.0,False,82.0,0.0,False,Valid,1.3666666666666667,1.3666666666666667,82.0,1.3666666666666667
SJ017,SpiceJet,DEL,MAA,2026-04-20 02:57:41.701,2026-04-20 05:00:41.701,02:03:00,0 days 02:03:00,123.0,False,123.0,0.0,False,Valid,2.05,2.05,123.0,2.05
UK188,Vistara,MAA,BLR,2026-04-20 02:55:41.703,2026-04-20 03:44:41.703,00:49:00,0 days 00:49:00,49.0,False,49.0,0.0,False,Valid,0.8166666666666667,0.8166666666666667,49.0,0.8166666666666667
AI196,Air India,MAA,HYD,2026-04-20 02:52:41.703,2026-04-20 04:25:41.703,01:33:00,0 days 01:33:00,93.0,False,93.0,0.0,False,Valid,1.55,1.55,93.0,1.55
AI068,Air India,BOM,BLR,2026-04-20 02:48:41.702,2026-04-20 04:48:42.000,02:00:00.298000,0 days 02:00:00.298000,120.00496666666666,False,120.0,0.004966666666661013,False,Valid,2.0000827777777777,2.0,120.00496666666666,2.0000827777777777
SJ097,SpiceJet,BOM,CCU,2026-04-20 02:37:41.702,2026-04-20 05:27:41.702,02:50:00,0 days 02:50:00,170.0,False,170.0,0.0,False,Valid,2.8333333333333335,2.8333333333333335,170.0,2.8333333333333335
SJ030,SpiceJet,DEL,HYD,2026-04-20 02:36:41.701,2026-04-20 03:19:41.701,00:43:00,0 days 00:43:00,43.0,False,43.0,0.0,False,Valid,0.7166666666666667,0.7166666666666667,43.0,0.7166666666666667
6F179,IndiGo,HYD,MAA,2026-04-20 02:25:41.703,2026-04-20 06:40:41.703,04:15:00,0 days 04:15:00,255.0,False,255.0,0.0,False,Valid,4.25,4.25,255.0,4.25
6F156,IndiGo,MAA,BOM,2026-04-20 02:23:41.703,2026-04-20 04:57:41.703,02:34:00,0 days 02:34:00,154.0,False,154.0,0.0,False,Valid,2.566666666666667,2.566666666666667,154.0,2.566666666666667
6F250,IndiGo,CCU,BLR,2026-04-20 02:23:41.702,2026-04-20 02:56:41.702,00:33:00,0 days 00:33:00,33.0,False,33.0,0.0,False,Valid,0.55,0.55,33.0,0.55
SJ057,SpiceJet,BOM,CCU,2026-04-20 02:17:41.701,2026-04-20 05:29:41.701,03:12:00,0 days 03:12:00,192.0,False,192.0,0.0,False,Valid,3.2,3.2,192.0,3.2
6F036,IndiGo,CCU,BLR,2026-04-20 02:14:41.701,2026-04-20 06:57:41.701,04:43:00,0 days 04:43:00,283.0,False,283.0,0.0,False,Valid,4.716666666666667,4.716666666666667,283.0,4.716666666666667
6F201,IndiGo,CCU,BOM,2026-04-20 02:09:41.703,2026-04-20 06:49:41.703,04:40:00,0 days 04:40:00,280.0,False,280.0,0.0,False,Valid,4.666666666666667,4.666666666666667,280.0,4.666666666666667
6F143,IndiGo,CCU,DEL,2026-04-20 02:09:41.702,2026-04-20 06:08:41.702,03:59:00,0 days 03:59:00,239.0,False,239.0,0.0,False,Valid,3.9833333333333334,3.9833333333333334,239.0,3.9833333333333334
6F177,IndiGo,HYD,MAA,2026-04-20 02:03:41.703,2026-04-20 04:25:41.703,02:22:00,0 days 02:22:00,142.0,False,142.0,0.0,False,Valid,2.3666666666666667,2.3666666666666667,142.0,2.3666666666666667
6F031,IndiGo,BOM,BLR,2026-04-20 02:00:41.701,2026-04-20 06:37:41.701,04:37:00,0 days 04:37:00,277.0,False,277.0,0.0,False,Valid,4.616666666666666,4.616666666666666,277.0,4.616666666666666
UK165,Vistara,DEL,BLR,2026-04-20 01:51:41.703,2026-04-20 06:04:41.703,04:13:00,0 days 04:13:00,253.0,False,253.0,0.0,False,Valid,4.216666666666667,4.216666666666667,253.0,4.216666666666667
6F122,IndiGo,DEL,BLR,2026-04-20 01:44:41.702,2026-04-20 05:28:41.702,03:44:00,0 days 03:44:00,224.0,False,224.0,0.0,False,Valid,3.7333333333333334,3.7333333333333334,224.0,3.7333333333333334
AI009,Air India,DEL,CCU,2026-04-20 01:31:41.701,2026-04-20 04:05:41.701,02:34:00,0 days 02:34:00,154.0,False,154.0,0.0,False,Valid,2.566666666666667,2.566666666666667,154.0,2.566666666666667
6F046,IndiGo,DEL,BLR,2026-04-20 01:27:41.701,2026-04-20 05:08:41.701,03:41:00,0 days 03:41:00,221.0,False,221.0,0.0,False,Valid,3.683333333333333,3.683333333333333,221.0,3.683333333333333
AI051,Air India,MAA,BLR,2026-04-20 01:27:41.701,2026-04-20 02:22:41.701,00:55:00,0 days 00:55:00,55.0,False,55.0,0.0,False,Valid,0.9166666666666666,0.9166666666666666,55.0,0.9166666666666666
UK222,Vistara,BOM,CCU,2026-04-20 01:22:41.704,2026-04-20 02:57:41.704,01:35:00,0 days 01:35:00,95.0,False,95.0,0.0,False,Valid,1.5833333333333333,1.5833333333333333,95.0,1.5833333333333333
SJ127,SpiceJet,BOM,DEL,2026-04-20 01:21:41.702,2026-04-20 03:58:41.702,02:37:00,0 days 02:37:00,157.0,False,157.0,0.0,False,Valid,2.6166666666666667,2.6166666666666667,157.0,2.6166666666666667
AI226,Air India,BLR,HYD,2026-04-20 01:19:41.703,2026-04-20 04:08:41.703,02:49:00,0 days 02:49:00,169.0,False,169.0,0.0,False,Valid,2.816666666666667,2.816666666666667,169.0,2.816666666666667
AI216,Air India,BOM,CCU,2026-04-20 01:10:41.703,2026-04-20 02:34:41.703,01:24:00,0 days 01:24:00,84.0,False,84.0,0.0,False,Valid,1.4,1.4,84.0,1.4
6F058,IndiGo,BOM,CCU,2026-04-20 01:04:41.701,2026-04-20 03:33:41.701,02:29:00,0 days 02:29:00,149.0,False,149.0,0.0,False,Valid,2.4833333333333334,2.4833333333333334,149.0,2.4833333333333334
SJ207,SpiceJet,DEL,CCU,2026-04-20 00:52:41.703,2026-04-20 04:05:41.703,03:13:00,0 days 03:13:00,193.0,False,193.0,0.0,False,Valid,3.216666666666667,3.216666666666667,193.0,3.216666666666667
SJ198,SpiceJet,CCU,BOM,2026-04-20 00:47:41.703,2026-04-20 05:28:41.703,04:41:00,0 days 04:41:00,281.0,False,281.0,0.0,False,Valid,4.683333333333334,4.683333333333334,281.0,4.683333333333334
SJ108,SpiceJet,BLR,HYD,2026-04-20 00:40:41.702,2026-04-20 03:16:41.702,02:36:00,0 days 02:36:00,156.0,False,156.0,0.0,False,Valid,2.6,2.6,156.0,2.6
SJ155,SpiceJet,DEL,CCU,2026-04-20 00:38:41.702,2026-04-20 05:38:41.702,05:00:00,0 days 05:00:00,300.0,False,300.0,0.0,False,Valid,5.0,5.0,300.0,5.0
6F193,IndiGo,BOM,MAA,2026-04-20 00:34:41.703,2026-04-20 02:32:41.703,01:58:00,0 days 01:58:00,118.0,False,118.0,0.0,False,Valid,1.9666666666666666,1.9666666666666666,118.0,1.9666666666666666
6F019,IndiGo,BLR,BOM,2026-04-20 00:19:41.701,2026-04-20 04:14:41.701,03:55:00,0 days 03:55:00,235.0,False,235.0,0.0,False,Valid,3.9166666666666665,3.9166666666666665,235.0,3.9166666666666665
AI102,Air India,CCU,BLR,2026-04-20 00:17:41.702,2026-04-20 05:08:41.702,04:51:00,0 days 04:51:00,291.0,False,291.0,0.0,False,Valid,4.85,4.85,291.0,4.85
6F166,IndiGo,BOM,CCU,2026-04-20 00:03:41.703,2026-04-20 04:33:41.703,04:30:00,0 days 04:30:00,270.0,False,270.0,0.0,False,Valid,4.5,4.5,270.0,4.5
UK175,Vistara,BLR,BOM,2026-04-19 23:56:41.703,2026-04-20 03:18:41.703,03:22:00,0 days 03:22:00,202.0,True,202.0,0.0,False,Valid,3.3666666666666667,3.3666666666666667,202.0,3.3666666666666667
6F010,IndiGo,DEL,BLR,2026-04-19 23:53:41.701,2026-04-20 03:44:41.701,03:51:00,0 days 03:51:00,231.0,True,231.0,0.0,False,Valid,3.85,3.85,231.0,3.85
AI234,Air India,BOM,MAA,2026-04-19 23:50:41.704,2026-04-20 01:34:41.704,01:44:00,0 days 01:44:00,104.0,True,104.0,0.0,False,Valid,1.7333333333333334,1.7333333333333334,104.0,1.7333333333333334
UK135,Vistara,HYD,DEL,2026-04-19 23:50:41.702,2026-04-20 01:43:41.702,01:53:00,0 days 01:53:00,113.0,True,113.0,0.0,False,Valid,1.8833333333333333,1.8833333333333333,113.0,1.8833333333333333
6F272,IndiGo,HYD,MAA,2026-04-19 23:35:41.702,2026-04-20 00:22:41.702,00:47:00,0 days 00:47:00,47.0,True,47.0,0.0,False,Valid,0.7833333333333333,0.7833333333333333,47.0,0.7833333333333333
AI061,Air India,BOM,CCU,2026-04-19 23:31:41.701,2026-04-20 01:02:41.701,01:31:00,0 days 01:31:00,91.0,True,91.0,0.0,False,Valid,1.5166666666666666,1.5166666666666666,91.0,1.5166666666666666
6F070,IndiGo,HYD,DEL,2026-04-19 23:23:41.701,2026-04-20 02:24:41.701,03:01:00,0 days 03:01:00,181.0,True,181.0,0.0,False,Valid,3.0166666666666666,3.0166666666666666,181.0,3.0166666666666666
AI015,Air India,BLR,CCU,2026-04-19 23:21:41.701,2026-04-20 01:15:41.701,01:54:00,0 days 01:54:00,114.0,True,114.0,0.0,False,Valid,1.9,1.9,114.0,1.9
SJ076,SpiceJet,DEL,MAA,2026-04-19 23:01:41.701,2026-04-20 02:02:41.701,03:01:00,0 days 03:01:00,181.0,True,181.0,0.0,False,Valid,3.0166666666666666,3.0166666666666666,181.0,3.0166666666666666
SJ029,SpiceJet,HYD,DEL,2026-04-19 22:55:41.701,2026-04-20 00:22:41.701,01:27:00,0 days 01:27:00,87.0,True,87.0,0.0,False,Valid,1.45,1.45,87.0,1.45
SJ194,SpiceJet,CCU,DEL,2026-04-19 22:46:41.703,2026-04-20 02:31:41.703,03:45:00,0 days 03:45:00,225.0,True,225.0,0.0,False,Valid,3.75,3.75,225.0,3.75
AI235,Air India,BLR,HYD,2026-04-19 22:45:41.704,2026-04-20 02:12:41.704,03:27:00,0 days 03:27:00,207.0,True,207.0,0.0,False,Valid,3.45,3.45,207.0,3.45
SJ048,SpiceJet,MAA,BLR,2026-04-19 22:43:41.701,2026-04-20 00:19:41.701,01:36:00,0 days 01:36:00,96.0,True,96.0,0.0,False,Valid,1.6,1.6,96.0,1.6
SJ114,SpiceJet,HYD,DEL,2026-04-19 22:42:41.702,2026-04-20 02:02:41.702,03:20:00,0 days 03:20:00,200.0,True,200.0,0.0,False,Valid,3.3333333333333335,3.3333333333333335,200.0,3.3333333333333335
SJ146,SpiceJet,HYD,BLR,2026-04-19 22:37:41.702,2026-04-20 00:33:41.702,01:56:00,0 days 01:56:00,116.0,True,116.0,0.0,False,Valid,1.9333333333333333,1.9333333333333333,116.0,1.9333333333333333
UK041,Vistara,HYD,MAA,2026-04-19 22:37:41.701,2026-04-19 23:44:41.701,01:07:00,0 days 01:07:00,67.0,False,67.0,0.0,False,Valid,1.1166666666666667,1.1166666666666667,67.0,1.1166666666666667
6F075,IndiGo,BOM,CCU,2026-04-19 22:20:41.702,2026-04-20 03:02:41.702,04:42:00,0 days 04:42:00,282.0,True,282.0,0.0,False,Valid,4.7,4.7,282.0,4.7
SJ020,SpiceJet,BLR,BOM,2026-04-19 22:18:41.701,2026-04-20 02:27:41.701,04:09:00,0 days 04:09:00,249.0,True,249.0,0.0,False,Valid,4.15,4.15,249.0,4.15
SJ099,SpiceJet,MAA,BLR,2026-04-19 22:14:41.702,2026-04-20 00:34:41.702,02:20:00,0 days 02:20:00,140.0,True,140.0,0.0,False,Valid,2.3333333333333335,2.3333333333333335,140.0,2.3333333333333335
6F078,IndiGo,BOM,CCU,2026-04-19 22:04:41.702,2026-04-19 23:37:41.702,01:33:00,0 days 01:33:00,93.0,False,93.0,0.0,False,Valid,1.55,1.55,93.0,1.55
UK219,Vistara,BOM,HYD,2026-04-19 22:03:41.704,2026-04-20 02:21:41.704,04:18:00,0 days 04:18:00,258.0,True,258.0,0.0,False,Valid,4.3,4.3,258.0,4.3
UK223,Vistara,CCU,DEL,2026-04-19 21:58:41.704,2026-04-19 22:30:41.704,00:32:00,0 days 00:32:00,32.0,False,32.0,0.0,False,Valid,0.5333333333333333,0.5333333333333333,32.0,0.5333333333333333
UK227,Vistara,BOM,HYD,2026-04-19 21:57:41.704,2026-04-20 01:47:41.704,03:50:00,0 days 03:50:00,230.0,True,230.0,0.0,False,Valid,3.8333333333333335,3.8333333333333335,230.0,3.8333333333333335
6F260,IndiGo,CCU,DEL,2026-04-19 21:51:41.702,2026-04-20 01:14:41.702,03:23:00,0 days 03:23:00,203.0,True,203.0,0.0,False,Valid,3.3833333333333333,3.3833333333333333,203.0,3.3833333333333333
AI096,Air India,CCU,DEL,2026-04-19 21:48:41.702,2026-04-20 02:46:41.702,04:58:00,0 days 04:58:00,298.0,True,298.0,0.0,False,Valid,4.966666666666667,4.966666666666667,298.0,4.966666666666667
6F022,IndiGo,MAA,BLR,2026-04-19 21:46:41.701,2026-04-20 02:05:41.701,04:19:00,0 days 04:19:00,259.0,True,259.0,0.0,False,Valid,4.316666666666666,4.316666666666666,259.0,4.316666666666666
6F237,IndiGo,HYD,MAA,2026-04-19 21:41:41.704,2026-04-20 00:44:41.704,03:03:00,0 days 03:03:00,183.0,True,183.0,0.0,False,Valid,3.05,3.05,183.0,3.05
UK146,Vistara,BOM,MAA,2026-04-19 21:40:41.703,2026-04-20 00:08:41.703,02:28:00,0 days 02:28:00,148.0,True,148.0,0.0,False,Valid,2.466666666666667,2.466666666666667,148.0,2.466666666666667
SJ015,SpiceJet,BOM,CCU,2026-04-19 21:40:41.701,2026-04-19 22:52:41.701,01:12:00,0 days 01:12:00,72.0,False,72.0,0.0,False,Valid,1.2,1.2,72.0,1.2
AI108,Air India,BLR,CCU,2026-04-19 21:32:41.702,2026-04-20 00:17:41.702,02:45:00,0 days 02:45:00,165.0,True,165.0,0.0,False,Valid,2.75,2.75,165.0,2.75
UK020,Vistara,MAA,BLR,2026-04-19 21:23:41.701,2026-04-19 22:38:41.701,01:15:00,0 days 01:15:00,75.0,False,75.0,0.0,False,Valid,1.25,1.25,75.0,1.25
6F113,IndiGo,BOM,CCU,2026-04-19 21:04:41.702,2026-04-20 01:30:41.702,04:26:00,0 days 04:26:00,266.0,True,266.0,0.0,False,Valid,4.433333333333334,4.433333333333334,266.0,4.433333333333334
6F112,IndiGo,HYD,DEL,2026-04-19 21:00:41.702,2026-04-19 23:16:41.702,02:16:00,0 days 02:16:00,136.0,False,136.0,0.0,False,Valid,2.2666666666666666,2.2666666666666666,136.0,2.2666666666666666
6F246,IndiGo,HYD,DEL,2026-04-19 21:00:41.702,2026-04-19 23:16:41.702,02:16:00,0 days 02:16:00,136.0,False,136.0,0.0,False,Valid,2.2666666666666666,2.2666666666666666,136.0,2.2666666666666666
UK158,Vistara,BOM,MAA,2026-04-19 20:49:41.703,2026-04-19 21:22:41.703,00:33:00,0 days 00:33:00,33.0,False,33.0,0.0,False,Valid,0.55,0.55,33.0,0.55
UK159,Vistara,CCU,BLR,2026-04-19 20:45:41.703,2026-04-19 23:32:41.703,02:47:00,0 days 02:47:00,167.0,False,167.0,0.0,False,Valid,2.783333333333333,2.783333333333333,167.0,2.783333333333333
UK084,Vistara,MAA,DEL,2026-04-19 20:44:41.702,2026-04-20 00:20:41.702,03:36:00,0 days 03:36:00,216.0,True,216.0,0.0,False,Valid,3.6,3.6,216.0,3.6
SJ206,SpiceJet,DEL,CCU,2026-04-19 20:43:41.703,2026-04-20 01:21:41.703,04:38:00,0 days 04:38:00,278.0,True,278.0,0.0,False,Valid,4.633333333333334,4.633333333333334,278.0,4.633333333333334
UK044,Vistara,BLR,BOM,2026-04-19 20:31:41.701,2026-04-19 23:29:41.701,02:58:00,0 days 02:58:00,178.0,False,178.0,0.0,False,Valid,2.966666666666667,2.966666666666667,178.0,2.966666666666667
SJ036,SpiceJet,DEL,HYD,2026-04-19 20:24:41.701,2026-04-19 23:54:41.701,03:30:00,0 days 03:30:00,210.0,False,210.0,0.0,False,Valid,3.5,3.5,210.0,3.5
6F176,IndiGo,CCU,DEL,2026-04-19 20:23:42.000,2026-04-19 23:23:42.000,03:00:00,0 days 03:00:00,180.0,False,180.0,0.0,False,Valid,3.0,3.0,180.0,3.0
6F148,IndiGo,CCU,BOM,2026-04-19 20:23:41.703,2026-04-19 22:30:41.703,02:07:00,0 days 02:07:00,127.0,False,127.0,0.0,False,Valid,2.1166666666666667,2.1166666666666667,127.0,2.1166666666666667
6F202,IndiGo,HYD,BLR,2026-04-19 20:18:41.703,2026-04-19 23:48:41.703,03:30:00,0 days 03:30:00,210.0,False,210.0,0.0,False,Valid,3.5,3.5,210.0,3.5
6F071,IndiGo,DEL,CCU,2026-04-19 20:18:41.702,2026-04-20 00:31:41.702,04:13:00,0 days 04:13:00,253.0,True,253.0,0.0,False,Valid,4.216666666666667,4.216666666666667,253.0,4.216666666666667
AI105,Air India,CCU,DEL,2026-04-19 20:16:41.702,2026-04-19 22:03:41.702,01:47:00,0 days 01:47:00,107.0,False,107.0,0.0,False,Valid,1.7833333333333334,1.7833333333333334,107.0,1.7833333333333334
AI241,Air India,HYD,BLR,2026-04-19 20:11:41.704,2026-04-19 22:18:41.704,02:07:00,0 days 02:07:00,127.0,False,127.0,0.0,False,Valid,2.1166666666666667,2.1166666666666667,127.0,2.1166666666666667
SJ162,SpiceJet,DEL,HYD,2026-04-19 20:11:41.703,2026-04-19 22:30:41.703,02:19:00,0 days 02:19:00,139.0,False,139.0,0.0,False,Valid,2.316666666666667,2.316666666666667,139.0,2.316666666666667
6F003,IndiGo,HYD,BOM,2026-04-19 20:06:41.700,2026-04-19 23:13:41.700,03:07:00,0 days 03:07:00,187.0,False,187.0,0.0,False,Valid,3.1166666666666667,3.1166666666666667,187.0,3.1166666666666667
6F249,IndiGo,HYD,BOM,2026-04-19 20:06:41.700,2026-04-19 23:13:41.700,03:07:00,0 days 03:07:00,187.0,False,187.0,0.0,False,Valid,3.1166666666666667,3.1166666666666667,187.0,3.1166666666666667
AI237,Air India,BOM,CCU,2026-04-19 19:58:41.704,2026-04-19 23:13:41.704,03:15:00,0 days 03:15:00,195.0,False,195.0,0.0,False,Valid,3.25,3.25,195.0,3.25
SJ134,SpiceJet,BOM,CCU,2026-04-19 19:58:41.702,2026-04-20 00:15:41.702,04:17:00,0 days 04:17:00,257.0,True,257.0,0.0,False,Valid,4.283333333333333,4.283333333333333,257.0,4.283333333333333
AI071,Air India,BOM,MAA,2026-04-19 19:55:41.702,2026-04-19 22:58:41.702,03:03:00,0 days 03:03:00,183.0,False,183.0,0.0,False,Valid,3.05,3.05,183.0,3.05
6F118,IndiGo,CCU,HYD,2026-04-19 19:52:41.702,2026-04-19 21:01:41.702,01:09:00,0 days 01:09:00,69.0,False,69.0,0.0,False,Valid,1.15,1.15,69.0,1.15
6F014,IndiGo,DEL,MAA,2026-04-19 19:42:41.701,2026-04-19 23:15:41.701,03:33:00,0 days 03:33:00,213.0,False,213.0,0.0,False,Valid,3.55,3.55,213.0,3.55
6F065,IndiGo,MAA,BLR,2026-04-19 19:40:41.701,2026-04-19 22:23:41.701,02:43:00,0 days 02:43:00,163.0,False,163.0,0.0,False,Valid,2.716666666666667,2.716666666666667,163.0,2.716666666666667
6F271,IndiGo,HYD,MAA,2026-04-19 19:33:41.702,2026-04-19 22:52:41.702,03:19:00,0 days 03:19:00,199.0,False,199.0,0.0,False,Valid,3.316666666666667,3.316666666666667,199.0,3.316666666666667
SJ070,SpiceJet,MAA,CCU,2026-04-19 18:55:41.701,2026-04-19 20:48:41.701,01:53:00,0 days 01:53:00,113.0,False,113.0,0.0,False,Valid,1.8833333333333333,1.8833333333333333,113.0,1.8833333333333333
6F007,IndiGo,HYD,MAA,2026-04-19 18:55:41.701,2026-04-19 19:54:41.701,00:59:00,0 days 00:59:00,59.0,False,59.0,0.0,False,Valid,0.9833333333333333,0.9833333333333333,59.0,0.9833333333333333
UK007,Vistara,DEL,HYD,2026-04-19 18:50:41.701,2026-04-19 21:04:41.701,02:14:00,0 days 02:14:00,134.0,False,134.0,0.0,False,Valid,2.2333333333333334,2.2333333333333334,134.0,2.2333333333333334
SJ192,SpiceJet,HYD,BOM,2026-04-19 18:45:42.000,2026-04-18 23:45:42.000,1899-12-29 05:00:00,-1 days +05:00:00,-1140.0,False,300.0,-1440.0,True,Anomaly,-19.0,5.0,-1140.0,-19.0
AI097,Air India,HYD,MAA,2026-04-19 18:42:41.702,2026-04-19 23:34:41.702,04:52:00,0 days 04:52:00,292.0,False,292.0,0.0,False,Valid,4.866666666666666,4.866666666666666,292.0,4.866666666666666
6F256,IndiGo,BOM,CCU,2026-04-19 18:40:41.702,2026-04-19 19:13:41.702,00:33:00,0 days 00:33:00,33.0,False,33.0,0.0,False,Valid,0.55,0.55,33.0,0.55
UK047,Vistara,BLR,HYD,2026-04-19 18:40:41.701,2026-04-19 22:45:41.701,04:05:00,0 days 04:05:00,245.0,False,245.0,0.0,False,Valid,4.083333333333333,4.083333333333333,245.0,4.083333333333333
AI024,Air India,MAA,BOM,2026-04-19 18:38:41.701,2026-04-19 19:45:41.701,01:07:00,0 days 01:07:00,67.0,False,67.0,0.0,False,Valid,1.1166666666666667,1.1166666666666667,67.0,1.1166666666666667
UK113,Vistara,CCU,DEL,2026-04-19 18:34:41.702,2026-04-19 22:58:41.702,04:24:00,0 days 04:24:00,264.0,False,264.0,0.0,False,Valid,4.4,4.4,264.0,4.4
SJ163,SpiceJet,DEL,HYD,2026-04-19 18:32:41.703,2026-04-19 23:08:41.703,04:36:00,0 days 04:36:00,276.0,False,276.0,0.0,False,Valid,4.6,4.6,276.0,4.6
SJ208,SpiceJet,DEL,HYD,2026-04-19 18:32:41.703,2026-04-19 19:33:41.703,01:01:00,0 days 01:01:00,61.0,False,61.0,0.0,False,Valid,1.0166666666666666,1.0166666666666666,61.0,1.0166666666666666
SJ221,SpiceJet,MAA,HYD,2026-04-19 18:31:41.703,2026-04-19 23:17:41.703,04:46:00,0 days 04:46:00,286.0,False,286.0,0.0,False,Valid,4.766666666666667,4.766666666666667,286.0,4.766666666666667
SJ084,SpiceJet,HYD,MAA,2026-04-19 18:31:41.702,2026-04-19 19:30:41.702,00:59:00,0 days 00:59:00,59.0,False,59.0,0.0,False,Valid,0.9833333333333333,0.9833333333333333,59.0,0.9833333333333333
6F127,IndiGo,HYD,BOM,2026-04-19 18:27:41.702,2026-04-19 22:28:41.702,04:01:00,0 days 04:01:00,241.0,False,241.0,0.0,False,Valid,4.016666666666667,4.016666666666667,241.0,4.016666666666667
AI122,Air India,BOM,CCU,2026-04-19 18:25:41.702,2026-04-19 22:36:41.702,04:11:00,0 days 04:11:00,251.0,False,251.0,0.0,False,Valid,4.183333333333334,4.183333333333334,251.0,4.183333333333334
AI139,Air India,HYD,MAA,2026-04-19 18:23:41.702,2026-04-19 19:24:41.702,01:01:00,0 days 01:01:00,61.0,False,61.0,0.0,False,Valid,1.0166666666666666,1.0166666666666666,61.0,1.0166666666666666
UK149,Vistara,MAA,DEL,2026-04-19 18:22:41.703,2026-04-19 23:08:41.703,04:46:00,0 days 04:46:00,286.0,False,286.0,0.0,False,Valid,4.766666666666667,4.766666666666667,286.0,4.766666666666667
AI149,Air India,BOM,HYD,2026-04-19 18:19:41.703,2026-04-19 21:36:41.703,03:17:00,0 days 03:17:00,197.0,False,197.0,0.0,False,Valid,3.283333333333333,3.283333333333333,197.0,3.283333333333333
SJ243,SpiceJet,BLR,DEL,2026-04-19 18:17:41.704,2026-04-19 23:03:41.704,04:46:00,0 days 04:46:00,286.0,False,286.0,0.0,False,Valid,4.766666666666667,4.766666666666667,286.0,4.766666666666667
AI053,Air India,CCU,DEL,2026-04-19 18:04:41.701,2026-04-19 22:19:41.701,04:15:00,0 days 04:15:00,255.0,False,255.0,0.0,False,Valid,4.25,4.25,255.0,4.25
UK061,Vistara,BLR,BOM,2026-04-19 17:58:41.701,2026-04-19 19:48:41.701,01:50:00,0 days 01:50:00,110.0,False,110.0,0.0,False,Valid,1.8333333333333333,1.8333333333333333,110.0,1.8333333333333333
SJ004,SpiceJet,MAA,DEL,2026-04-19 17:52:41.701,2026-04-19 21:01:41.701,03:09:00,0 days 03:09:00,189.0,False,189.0,0.0,False,Valid,3.15,3.15,189.0,3.15
AI173,Air India,HYD,DEL,2026-04-19 17:36:41.703,2026-04-19 22:27:41.703,04:51:00,0 days 04:51:00,291.0,False,291.0,0.0,False,Valid,4.85,4.85,291.0,4.85
6F085,IndiGo,HYD,MAA,2026-04-19 17:32:41.702,2026-04-19 19:32:42.000,02:00:00.298000,0 days 02:00:00.298000,120.00496666666666,False,120.0,0.004966666666661013,False,Valid,2.0000827777777777,2.0,120.00496666666666,2.0000827777777777
AI252,Air India,HYD,DEL,2026-04-19 17:30:41.704,2026-04-19 21:54:41.704,04:24:00,0 days 04:24:00,264.0,False,264.0,0.0,False,Valid,4.4,4.4,264.0,4.4
SJ109,SpiceJet,BOM,DEL,2026-04-19 17:24:41.702,2026-04-19 20:28:41.702,03:04:00,0 days 03:04:00,184.0,False,184.0,0.0,False,Valid,3.066666666666667,3.066666666666667,184.0,3.066666666666667
UK123,Vistara,BOM,DEL,2026-04-19 17:24:41.702,2026-04-19 20:18:41.702,02:54:00,0 days 02:54:00,174.0,False,174.0,0.0,False,Valid,2.9,2.9,174.0,2.9
6F125,IndiGo,BOM,CCU,2026-04-19 17:09:41.702,2026-04-19 21:13:41.702,04:04:00,0 days 04:04:00,244.0,False,244.0,0.0,False,Valid,4.066666666666666,4.066666666666666,244.0,4.066666666666666
UK183,Vistara,BLR,CCU,2026-04-19 17:07:41.703,2026-04-19 18:30:41.703,01:23:00,0 days 01:23:00,83.0,False,83.0,0.0,False,Valid,1.3833333333333333,1.3833333333333333,83.0,1.3833333333333333
AI110,Air India,BOM,CCU,2026-04-19 17:07:41.702,2026-04-19 22:00:41.702,04:53:00,0 days 04:53:00,293.0,False,293.0,0.0,False,Valid,4.883333333333334,4.883333333333334,293.0,4.883333333333334
UK105,Vistara,CCU,HYD,2026-04-19 17:04:41.702,2026-04-19 18:11:41.702,01:07:00,0 days 01:07:00,67.0,False,67.0,0.0,False,Valid,1.1166666666666667,1.1166666666666667,67.0,1.1166666666666667
6F128,IndiGo,HYD,DEL,2026-04-19 16:56:41.702,2026-04-19 18:03:41.702,01:07:00,0 days 01:07:00,67.0,False,67.0,0.0,False,Valid,1.1166666666666667,1.1166666666666667,67.0,1.1166666666666667
6F224,IndiGo,DEL,MAA,2026-04-19 16:53:41.704,2026-04-19 18:52:41.704,01:59:00,0 days 01:59:00,119.0,False,119.0,0.0,False,Valid,1.9833333333333334,1.9833333333333334,119.0,1.9833333333333334
SJ130,SpiceJet,BOM,DEL,2026-04-19 16:53:41.702,2026-04-19 20:53:41.702,04:00:00,0 days 04:00:00,240.0,False,240.0,0.0,False,Valid,4.0,4.0,240.0,4.0
AI224,Air India,DEL,HYD,2026-04-19 16:51:41.703,2026-04-19 21:36:41.703,04:45:00,0 days 04:45:00,285.0,False,285.0,0.0,False,Valid,4.75,4.75,285.0,4.75
SJ182,SpiceJet,CCU,BOM,2026-04-19 16:48:41.703,2026-04-19 17:36:41.703,00:48:00,0 days 00:48:00,48.0,False,48.0,0.0,False,Valid,0.8,0.8,48.0,0.8
UK164,Vistara,BOM,HYD,2026-04-19 16:46:41.703,2026-04-19 21:10:41.703,04:24:00,0 days 04:24:00,264.0,False,264.0,0.0,False,Valid,4.4,4.4,264.0,4.4
AI161,Air India,CCU,BOM,2026-04-19 16:40:41.703,2026-04-19 19:40:41.703,03:00:00,0 days 03:00:00,180.0,False,180.0,0.0,False,Valid,3.0,3.0,180.0,3.0
6F206,IndiGo,DEL,BOM,2026-04-19 16:39:41.703,2026-04-19 20:59:41.703,04:20:00,0 days 04:20:00,260.0,False,260.0,0.0,False,Valid,4.333333333333333,4.333333333333333,260.0,4.333333333333333
SJ204,SpiceJet,CCU,DEL,2026-04-19 16:34:41.703,2026-04-19 18:15:41.703,01:41:00,0 days 01:41:00,101.0,False,101.0,0.0,False,Valid,1.6833333333333333,1.6833333333333333,101.0,1.6833333333333333
AI206,Air India,CCU,MAA,2026-04-19 16:30:41.703,2026-04-19 20:01:41.703,03:31:00,0 days 03:31:00,211.0,False,211.0,0.0,False,Valid,3.5166666666666666,3.5166666666666666,211.0,3.5166666666666666
6F140,IndiGo,CCU,HYD,2026-04-19 16:30:41.702,2026-04-19 18:21:41.702,01:51:00,0 days 01:51:00,111.0,False,111.0,0.0,False,Valid,1.85,1.85,111.0,1.85
6F253,IndiGo,MAA,BLR,2026-04-19 16:26:41.703,2026-04-19 18:24:41.703,01:58:00,0 days 01:58:00,118.0,False,118.0,0.0,False,Valid,1.9666666666666666,1.9666666666666666,118.0,1.9666666666666666
SJ203,SpiceJet,DEL,HYD,2026-04-19 16:22:41.703,2026-04-19 18:27:41.703,02:05:00,0 days 02:05:00,125.0,False,125.0,0.0,False,Valid,2.0833333333333335,2.0833333333333335,125.0,2.0833333333333335
SJ161,SpiceJet,MAA,BLR,2026-04-19 16:22:41.703,2026-04-19 17:04:41.703,00:42:00,0 days 00:42:00,42.0,False,42.0,0.0,False,Valid,0.7,0.7,42.0,0.7
AI098,Air India,HYD,MAA,2026-04-19 16:01:41.702,2026-04-19 18:11:41.702,02:10:00,0 days 02:10:00,130.0,False,130.0,0.0,False,Valid,2.1666666666666665,2.1666666666666665,130.0,2.1666666666666665
AI168,Air India,DEL,CCU,2026-04-19 15:50:41.703,2026-04-19 20:20:41.703,04:30:00,0 days 04:30:00,270.0,False,270.0,0.0,False,Valid,4.5,4.5,270.0,4.5
UK190,Vistara,DEL,BLR,2026-04-19 15:49:41.703,2026-04-19 18:53:41.703,03:04:00,0 days 03:04:00,184.0,False,184.0,0.0,False,Valid,3.066666666666667,3.066666666666667,184.0,3.066666666666667
AI085,Air India,DEL,HYD,2026-04-19 15:45:41.702,2026-04-19 20:33:41.702,04:48:00,0 days 04:48:00,288.0,False,288.0,0.0,False,Valid,4.8,4.8,288.0,4.8
AI076,Air India,BLR,BOM,2026-04-19 15:37:41.702,2026-04-19 16:12:41.702,00:35:00,0 days 00:35:00,35.0,False,35.0,0.0,False,Valid,0.5833333333333334,0.5833333333333334,35.0,0.5833333333333334
UK130,Vistara,MAA,BLR,2026-04-19 15:36:41.702,2026-04-19 19:43:41.702,04:07:00,0 days 04:07:00,247.0,False,247.0,0.0,False,Valid,4.116666666666666,4.116666666666666,247.0,4.116666666666666
6F038,IndiGo,HYD,MAA,2026-04-19 15:36:41.701,2026-04-19 19:33:41.701,03:57:00,0 days 03:57:00,237.0,False,237.0,0.0,False,Valid,3.95,3.95,237.0,3.95
UK110,Vistara,HYD,DEL,2026-04-19 15:26:41.702,2026-04-19 20:13:41.702,04:47:00,0 days 04:47:00,287.0,False,287.0,0.0,False,Valid,4.783333333333333,4.783333333333333,287.0,4.783333333333333
SJ013,SpiceJet,DEL,MAA,2026-04-19 15:25:41.701,2026-04-19 19:54:41.701,04:29:00,0 days 04:29:00,269.0,False,269.0,0.0,False,Valid,4.483333333333333,4.483333333333333,269.0,4.483333333333333
AI039,Air India,MAA,BLR,2026-04-19 15:24:41.701,2026-04-19 18:56:41.701,03:32:00,0 days 03:32:00,212.0,False,212.0,0.0,False,Valid,3.533333333333333,3.533333333333333,212.0,3.533333333333333
AI248,Air India,CCU,DEL,2026-04-19 15:17:41.704,2026-04-19 16:35:41.704,01:18:00,0 days 01:18:00,78.0,False,78.0,0.0,False,Valid,1.3,1.3,78.0,1.3
6F199,IndiGo,DEL,MAA,2026-04-19 15:15:41.703,2026-04-19 17:32:41.703,02:17:00,0 days 02:17:00,137.0,False,137.0,0.0,False,Valid,2.283333333333333,2.283333333333333,137.0,2.283333333333333
AI225,Air India,BOM,BLR,2026-04-19 15:05:41.703,2026-04-19 16:01:41.703,00:56:00,0 days 00:56:00,56.0,False,56.0,0.0,False,Valid,0.9333333333333333,0.9333333333333333,56.0,0.9333333333333333
SJ028,SpiceJet,CCU,BOM,2026-04-19 15:04:41.701,2026-04-19 19:32:41.701,04:28:00,0 days 04:28:00,268.0,False,268.0,0.0,False,Valid,4.466666666666667,4.466666666666667,268.0,4.466666666666667
SJ012,SpiceJet,HYD,BLR,2026-04-19 15:01:41.701,2026-04-19 16:12:41.701,01:11:00,0 days 01:11:00,71.0,False,71.0,0.0,False,Valid,1.1833333333333333,1.1833333333333333,71.0,1.1833333333333333
SJ131,SpiceJet,MAA,HYD,2026-04-19 15:00:41.702,2026-04-19 16:07:41.702,01:07:00,0 days 01:07:00,67.0,False,67.0,0.0,False,Valid,1.1166666666666667,1.1166666666666667,67.0,1.1166666666666667
AI010,Air India,BOM,HYD,2026-04-19 15:00:41.701,2026-04-19 19:48:41.701,04:48:00,0 days 04:48:00,288.0,False,288.0,0.0,False,Valid,4.8,4.8,288.0,4.8
6F020,IndiGo,BOM,HYD,2026-04-19 14:58:41.701,2026-04-19 16:43:41.701,01:45:00,0 days 01:45:00,105.0,False,105.0,0.0,False,Valid,1.75,1.75,105.0,1.75
SJ038,SpiceJet,BLR,DEL,2026-04-19 14:57:41.701,2026-04-19 17:46:41.701,02:49:00,0 days 02:49:00,169.0,False,169.0,0.0,False,Valid,2.816666666666667,2.816666666666667,169.0,2.816666666666667
UK204,Vistara,BLR,DEL,2026-04-19 14:46:41.703,2026-04-19 16:24:41.703,01:38:00,0 days 01:38:00,98.0,False,98.0,0.0,False,Valid,1.6333333333333333,1.6333333333333333,98.0,1.6333333333333333
AI036,Air India,BOM,CCU,2026-04-19 14:45:41.701,2026-04-19 16:16:41.701,01:31:00,0 days 01:31:00,91.0,False,91.0,0.0,False,Valid,1.5166666666666666,1.5166666666666666,91.0,1.5166666666666666
AI100,Air India,CCU,BOM,2026-04-19 14:42:41.702,2026-04-19 18:22:41.702,03:40:00,0 days 03:40:00,220.0,False,220.0,0.0,False,Valid,3.6666666666666665,3.6666666666666665,220.0,3.6666666666666665
SJ215,SpiceJet,CCU,DEL,2026-04-19 14:37:41.703,2026-04-19 16:12:41.703,01:35:00,0 days 01:35:00,95.0,False,95.0,0.0,False,Valid,1.5833333333333333,1.5833333333333333,95.0,1.5833333333333333
UK155,Vistara,MAA,HYD,2026-04-19 14:34:41.703,2026-04-19 18:37:41.703,04:03:00,0 days 04:03:00,243.0,False,243.0,0.0,False,Valid,4.05,4.05,243.0,4.05
SJ173,SpiceJet,CCU,HYD,2026-04-19 14:27:41.703,2026-04-19 16:09:41.703,01:42:00,0 days 01:42:00,102.0,False,102.0,0.0,False,Valid,1.7,1.7,102.0,1.7
UK179,Vistara,DEL,HYD,2026-04-19 14:25:41.703,2026-04-19 19:15:41.703,04:50:00,0 days 04:50:00,290.0,False,290.0,0.0,False,Valid,4.833333333333333,4.833333333333333,290.0,4.833333333333333
UK221,Vistara,CCU,DEL,2026-04-19 14:18:41.704,2026-04-19 18:44:41.704,04:26:00,0 days 04:26:00,266.0,False,266.0,0.0,False,Valid,4.433333333333334,4.433333333333334,266.0,4.433333333333334
UK023,Vistara,DEL,MAA,2026-04-19 14:15:41.701,2026-04-19 19:03:41.701,04:48:00,0 days 04:48:00,288.0,False,288.0,0.0,False,Valid,4.8,4.8,288.0,4.8
SJ107,SpiceJet,BOM,MAA,2026-04-19 14:10:41.702,2026-04-19 18:38:41.702,04:28:00,0 days 04:28:00,268.0,False,268.0,0.0,False,Valid,4.466666666666667,4.466666666666667,268.0,4.466666666666667
AI073,Air India,BOM,BLR,2026-04-19 14:08:41.702,2026-04-19 16:10:41.702,02:02:00,0 days 02:02:00,122.0,False,122.0,0.0,False,Valid,2.033333333333333,2.033333333333333,122.0,2.033333333333333
SJ187,SpiceJet,MAA,BLR,2026-04-19 14:07:41.703,2026-04-19 17:30:41.703,03:23:00,0 days 03:23:00,203.0,False,203.0,0.0,False,Valid,3.3833333333333333,3.3833333333333333,203.0,3.3833333333333333
UK058,Vistara,MAA,BOM,2026-04-19 13:46:41.701,2026-04-19 17:04:41.701,03:18:00,0 days 03:18:00,198.0,False,198.0,0.0,False,Valid,3.3,3.3,198.0,3.3
SJ063,SpiceJet,MAA,BOM,2026-04-19 13:38:41.701,2026-04-19 15:23:41.701,01:45:00,0 days 01:45:00,105.0,False,105.0,0.0,False,Valid,1.75,1.75,105.0,1.75
SJ062,SpiceJet,BLR,HYD,2026-04-19 13:37:41.701,2026-04-19 17:06:41.701,03:29:00,0 days 03:29:00,209.0,False,209.0,0.0,False,Valid,3.4833333333333334,3.4833333333333334,209.0,3.4833333333333334
UK048,Vistara,MAA,DEL,2026-04-19 13:36:41.701,2026-04-19 18:21:41.701,04:45:00,0 days 04:45:00,285.0,False,285.0,0.0,False,Valid,4.75,4.75,285.0,4.75
AI181,Air India,MAA,HYD,2026-04-19 13:29:41.703,2026-04-19 16:55:41.703,03:26:00,0 days 03:26:00,206.0,False,206.0,0.0,False,Valid,3.433333333333333,3.433333333333333,206.0,3.433333333333333
AI003,Air India,BLR,HYD,2026-04-19 13:27:41.701,2026-04-19 16:55:41.701,03:28:00,0 days 03:28:00,208.0,False,208.0,0.0,False,Valid,3.466666666666667,3.466666666666667,208.0,3.466666666666667
6F041,IndiGo,MAA,BOM,2026-04-19 13:19:41.701,2026-04-19 16:48:41.701,03:29:00,0 days 03:29:00,209.0,False,209.0,0.0,False,Valid,3.4833333333333334,3.4833333333333334,209.0,3.4833333333333334
6F175,IndiGo,MAA,CCU,2026-04-19 13:18:41.703,2026-04-19 15:13:41.703,01:55:00,0 days 01:55:00,115.0,False,115.0,0.0,False,Valid,1.9166666666666667,1.9166666666666667,115.0,1.9166666666666667
6F013,IndiGo,BOM,CCU,2026-04-19 13:15:41.701,2026-04-19 18:05:41.701,04:50:00,0 days 04:50:00,290.0,False,290.0,0.0,False,Valid,4.833333333333333,4.833333333333333,290.0,4.833333333333333
SJ040,SpiceJet,BOM,CCU,2026-04-19 13:12:41.701,2026-04-19 16:44:41.701,03:32:00,0 days 03:32:00,212.0,False,212.0,0.0,False,Valid,3.533333333333333,3.533333333333333,212.0,3.533333333333333
SJ016,SpiceJet,HYD,CCU,2026-04-19 13:01:41.701,2026-04-19 16:26:41.701,03:25:00,0 days 03:25:00,205.0,False,205.0,0.0,False,Valid,3.4166666666666665,3.4166666666666665,205.0,3.4166666666666665
6F135,IndiGo,MAA,HYD,2026-04-19 12:59:41.702,2026-04-19 13:45:41.702,00:46:00,0 days 00:46:00,46.0,False,46.0,0.0,False,Valid,0.7666666666666667,0.7666666666666667,46.0,0.7666666666666667
6F150,IndiGo,HYD,MAA,2026-04-19 12:55:41.703,2026-04-19 16:53:41.703,03:58:00,0 days 03:58:00,238.0,False,238.0,0.0,False,Valid,3.966666666666667,3.966666666666667,238.0,3.966666666666667
AI083,Air India,DEL,BOM,2026-04-19 12:54:41.702,2026-04-19 13:37:41.702,00:43:00,0 days 00:43:00,43.0,False,43.0,0.0,False,Valid,0.7166666666666667,0.7166666666666667,43.0,0.7166666666666667
SJ166,SpiceJet,CCU,HYD,2026-04-19 12:51:41.703,2026-04-19 16:18:41.703,03:27:00,0 days 03:27:00,207.0,False,207.0,0.0,False,Valid,3.45,3.45,207.0,3.45
SJ027,SpiceJet,BOM,MAA,2026-04-19 12:50:41.701,2026-04-19 17:13:41.701,04:23:00,0 days 04:23:00,263.0,False,263.0,0.0,False,Valid,4.383333333333334,4.383333333333334,263.0,4.383333333333334
6F134,IndiGo,BLR,MAA,2026-04-19 12:47:41.702,2026-04-19 14:06:41.702,01:19:00,0 days 01:19:00,79.0,False,79.0,0.0,False,Valid,1.3166666666666667,1.3166666666666667,79.0,1.3166666666666667
UK225,Vistara,MAA,BLR,2026-04-19 12:46:41.704,2026-04-19 15:02:41.704,02:16:00,0 days 02:16:00,136.0,False,136.0,0.0,False,Valid,2.2666666666666666,2.2666666666666666,136.0,2.2666666666666666
SJ175,SpiceJet,MAA,BLR,2026-04-19 12:46:41.703,2026-04-19 16:50:41.703,04:04:00,0 days 04:04:00,244.0,False,244.0,0.0,False,Valid,4.066666666666666,4.066666666666666,244.0,4.066666666666666
AI182,Air India,HYD,DEL,2026-04-19 12:41:41.703,2026-04-19 17:14:41.703,04:33:00,0 days 04:33:00,273.0,False,273.0,0.0,False,Valid,4.55,4.55,273.0,4.55
AI190,Air India,BOM,CCU,2026-04-19 12:38:41.703,2026-04-19 15:56:41.703,03:18:00,0 days 03:18:00,198.0,False,198.0,0.0,False,Valid,3.3,3.3,198.0,3.3
AI120,Air India,MAA,CCU,2026-04-19 12:12:41.702,2026-04-19 14:18:41.702,02:06:00,0 days 02:06:00,126.0,False,126.0,0.0,False,Valid,2.1,2.1,126.0,2.1
6F132,IndiGo,MAA,BOM,2026-04-19 12:00:41.702,2026-04-19 13:00:42.000,01:00:00.298000,0 days 01:00:00.298000,60.00496666666666,False,60.0,0.004966666666661013,False,Valid,1.0000827777777777,1.0,60.00496666666666,1.0000827777777777
UK102,Vistara,HYD,CCU,2026-04-19 11:58:41.702,2026-04-19 14:01:41.702,02:03:00,0 days 02:03:00,123.0,False,123.0,0.0,False,Valid,2.05,2.05,123.0,2.05
AI045,Air India,HYD,MAA,2026-04-19 11:58:41.701,2026-04-19 14:37:41.701,02:39:00,0 days 02:39:00,159.0,False,159.0,0.0,False,Valid,2.65,2.65,159.0,2.65
UK136,Vistara,HYD,CCU,2026-04-19 11:43:41.703,2026-04-19 15:26:41.703,03:43:00,0 days 03:43:00,223.0,False,223.0,0.0,False,Valid,3.716666666666667,3.716666666666667,223.0,3.716666666666667
SJ238,SpiceJet,MAA,BLR,2026-04-19 11:41:41.704,2026-04-19 15:39:41.704,03:58:00,0 days 03:58:00,238.0,False,238.0,0.0,False,Valid,3.966666666666667,3.966666666666667,238.0,3.966666666666667
AI193,Air India,MAA,HYD,2026-04-19 11:33:41.703,2026-04-19 16:07:41.703,04:34:00,0 days 04:34:00,274.0,False,274.0,0.0,False,Valid,4.566666666666666,4.566666666666666,274.0,4.566666666666666
6F001,IndiGo,HYD,BOM,2026-04-19 11:33:41.700,2026-04-19 13:08:41.700,01:35:00,0 days 01:35:00,95.0,False,95.0,0.0,False,Valid,1.5833333333333333,1.5833333333333333,95.0,1.5833333333333333
6F211,IndiGo,MAA,BLR,2026-04-19 11:29:41.703,2026-04-19 16:20:41.703,04:51:00,0 days 04:51:00,291.0,False,291.0,0.0,False,Valid,4.85,4.85,291.0,4.85
SJ199,SpiceJet,HYD,BOM,2026-04-19 11:29:41.703,2026-04-19 13:59:41.703,02:30:00,0 days 02:30:00,150.0,False,150.0,0.0,False,Valid,2.5,2.5,150.0,2.5
SJ050,SpiceJet,HYD,CCU,2026-04-19 11:24:41.701,2026-04-19 12:03:41.701,00:39:00,0 days 00:39:00,39.0,False,39.0,0.0,False,Valid,0.65,0.65,39.0,0.65
UK115,Vistara,BLR,BOM,2026-04-19 11:20:41.702,2026-04-19 13:20:42.000,02:00:00.298000,0 days 02:00:00.298000,120.00496666666666,False,120.0,0.004966666666661013,False,Valid,2.0000827777777777,2.0,120.00496666666666,2.0000827777777777
AI037,Air India,BOM,BLR,2026-04-19 11:14:41.701,2026-04-19 15:13:41.701,03:59:00,0 days 03:59:00,239.0,False,239.0,0.0,False,Valid,3.9833333333333334,3.9833333333333334,239.0,3.9833333333333334
6F235,IndiGo,HYD,MAA,2026-04-19 11:06:41.704,2026-04-19 13:51:41.704,02:45:00,0 days 02:45:00,165.0,False,165.0,0.0,False,Valid,2.75,2.75,165.0,2.75
UK111,Vistara,MAA,BLR,2026-04-19 11:06:41.702,2026-04-19 12:20:41.702,01:14:00,0 days 01:14:00,74.0,False,74.0,0.0,False,Valid,1.2333333333333334,1.2333333333333334,74.0,1.2333333333333334
6F005,IndiGo,BOM,MAA,2026-04-19 11:04:41.701,2026-04-19 15:27:41.701,04:23:00,0 days 04:23:00,263.0,False,263.0,0.0,False,Valid,4.383333333333334,4.383333333333334,263.0,4.383333333333334
AI198,Air India,CCU,MAA,2026-04-19 10:56:41.703,2026-04-19 14:19:41.703,03:23:00,0 days 03:23:00,203.0,False,203.0,0.0,False,Valid,3.3833333333333333,3.3833333333333333,203.0,3.3833333333333333
UK184,Vistara,MAA,HYD,2026-04-19 10:49:41.703,2026-04-19 13:00:41.703,02:11:00,0 days 02:11:00,131.0,False,131.0,0.0,False,Valid,2.183333333333333,2.183333333333333,131.0,2.183333333333333
6F219,IndiGo,MAA,DEL,2026-04-19 10:32:41.704,2026-04-19 14:37:41.704,04:05:00,0 days 04:05:00,245.0,False,245.0,0.0,False,Valid,4.083333333333333,4.083333333333333,245.0,4.083333333333333
UK066,Vistara,BOM,CCU,2026-04-19 10:29:41.701,2026-04-19 12:07:41.701,01:38:00,0 days 01:38:00,98.0,False,98.0,0.0,False,Valid,1.6333333333333333,1.6333333333333333,98.0,1.6333333333333333
6F220,IndiGo,HYD,BOM,2026-04-19 10:27:41.704,2026-04-19 11:25:41.704,00:58:00,0 days 00:58:00,58.0,False,58.0,0.0,False,Valid,0.9666666666666667,0.9666666666666667,58.0,0.9666666666666667
AI180,Air India,BOM,CCU,2026-04-19 10:19:41.703,2026-04-19 11:00:41.703,00:41:00,0 days 00:41:00,41.0,False,41.0,0.0,False,Valid,0.6833333333333333,0.6833333333333333,41.0,0.6833333333333333
6F098,IndiGo,BLR,MAA,2026-04-19 10:18:41.702,2026-04-19 12:49:41.702,02:31:00,0 days 02:31:00,151.0,False,151.0,0.0,False,Valid,2.5166666666666666,2.5166666666666666,151.0,2.5166666666666666
AI141,Air India,BLR,DEL,2026-04-19 10:16:41.702,2026-04-19 14:53:41.702,04:37:00,0 days 04:37:00,277.0,False,277.0,0.0,False,Valid,4.616666666666666,4.616666666666666,277.0,4.616666666666666
SJ170,SpiceJet,BLR,BOM,2026-04-19 10:11:41.703,2026-04-19 11:56:41.703,01:45:00,0 days 01:45:00,105.0,False,105.0,0.0,False,Valid,1.75,1.75,105.0,1.75
SJ178,SpiceJet,BOM,HYD,2026-04-19 09:58:41.703,2026-04-19 12:27:41.703,02:29:00,0 days 02:29:00,149.0,False,149.0,0.0,False,Valid,2.4833333333333334,2.4833333333333334,149.0,2.4833333333333334
6F172,IndiGo,BOM,BLR,2026-04-19 09:53:41.703,2026-04-19 14:46:41.703,04:53:00,0 days 04:53:00,293.0,False,293.0,0.0,False,Valid,4.883333333333334,4.883333333333334,293.0,4.883333333333334
UK220,Vistara,BLR,BOM,2026-04-19 09:51:41.704,2026-04-19 13:25:41.704,03:34:00,0 days 03:34:00,214.0,False,214.0,0.0,False,Valid,3.566666666666667,3.566666666666667,214.0,3.566666666666667
SJ148,SpiceJet,DEL,BLR,2026-04-19 09:51:41.702,2026-04-19 13:41:41.702,03:50:00,0 days 03:50:00,230.0,False,230.0,0.0,False,Valid,3.8333333333333335,3.8333333333333335,230.0,3.8333333333333335
UK065,Vistara,BOM,CCU,2026-04-19 09:38:41.701,2026-04-19 13:46:41.701,04:08:00,0 days 04:08:00,248.0,False,248.0,0.0,False,Valid,4.133333333333334,4.133333333333334,248.0,4.133333333333334
6F243,IndiGo,BOM,HYD,2026-04-19 09:37:41.704,2026-04-19 10:33:41.704,00:56:00,0 days 00:56:00,56.0,False,56.0,0.0,False,Valid,0.9333333333333333,0.9333333333333333,56.0,0.9333333333333333
SJ193,SpiceJet,CCU,DEL,2026-04-19 09:37:41.703,2026-04-19 12:16:41.703,02:39:00,0 days 02:39:00,159.0,False,159.0,0.0,False,Valid,2.65,2.65,159.0,2.65
UK056,Vistara,HYD,MAA,2026-04-19 09:29:41.701,2026-04-19 10:15:41.701,00:46:00,0 days 00:46:00,46.0,False,46.0,0.0,False,Valid,0.7666666666666667,0.7666666666666667,46.0,0.7666666666666667
AI219,Air India,BLR,DEL,2026-04-19 09:28:41.703,2026-04-19 11:27:41.703,01:59:00,0 days 01:59:00,119.0,False,119.0,0.0,False,Valid,1.9833333333333334,1.9833333333333334,119.0,1.9833333333333334
SJ073,SpiceJet,CCU,BLR,2026-04-19 09:26:41.701,2026-04-19 11:14:41.701,01:48:00,0 days 01:48:00,108.0,False,108.0,0.0,False,Valid,1.8,1.8,108.0,1.8
6F052,IndiGo,BOM,CCU,2026-04-19 09:13:41.701,2026-04-19 12:02:41.701,02:49:00,0 days 02:49:00,169.0,False,169.0,0.0,False,Valid,2.816666666666667,2.816666666666667,169.0,2.816666666666667
SJ201,SpiceJet,BLR,DEL,2026-04-19 09:10:41.703,2026-04-19 11:12:41.703,02:02:00,0 days 02:02:00,122.0,False,122.0,0.0,False,Valid,2.033333333333333,2.033333333333333,122.0,2.033333333333333
UK028,Vistara,HYD,MAA,2026-04-19 09:02:41.701,2026-04-19 10:37:41.701,01:35:00,0 days 01:35:00,95.0,False,95.0,0.0,False,Valid,1.5833333333333333,1.5833333333333333,95.0,1.5833333333333333
SJ119,SpiceJet,BOM,CCU,2026-04-19 08:53:41.702,2026-04-19 11:29:41.702,02:36:00,0 days 02:36:00,156.0,False,156.0,0.0,False,Valid,2.6,2.6,156.0,2.6
AI165,Air India,DEL,CCU,2026-04-19 08:51:41.703,2026-04-19 10:31:41.703,01:40:00,0 days 01:40:00,100.0,False,100.0,0.0,False,Valid,1.6666666666666667,1.6666666666666667,100.0,1.6666666666666667
AI255,Air India,MAA,CCU,2026-04-19 08:45:41.704,2026-04-19 13:12:41.704,04:27:00,0 days 04:27:00,267.0,False,267.0,0.0,False,Valid,4.45,4.45,267.0,4.45
AI202,Air India,HYD,BLR,2026-04-19 08:44:41.703,2026-04-19 10:53:41.703,02:09:00,0 days 02:09:00,129.0,False,129.0,0.0,False,Valid,2.15,2.15,129.0,2.15
SJ039,SpiceJet,MAA,BOM,2026-04-19 08:41:41.701,2026-04-19 12:08:41.701,03:27:00,0 days 03:27:00,207.0,False,207.0,0.0,False,Valid,3.45,3.45,207.0,3.45
SJ051,SpiceJet,BOM,BLR,2026-04-19 08:40:41.701,2026-04-19 12:18:41.701,03:38:00,0 days 03:38:00,218.0,False,218.0,0.0,False,Valid,3.6333333333333333,3.6333333333333333,218.0,3.6333333333333333
UK024,Vistara,MAA,BLR,2026-04-19 08:29:41.701,2026-04-19 13:29:41.701,05:00:00,0 days 05:00:00,300.0,False,300.0,0.0,False,Valid,5.0,5.0,300.0,5.0
SJ006,SpiceJet,HYD,BLR,2026-04-19 08:25:41.701,2026-04-19 08:57:41.701,00:32:00,0 days 00:32:00,32.0,False,32.0,0.0,False,Valid,0.5333333333333333,0.5333333333333333,32.0,0.5333333333333333
AI207,Air India,BOM,MAA,2026-04-19 08:24:41.703,2026-04-19 11:23:41.703,02:59:00,0 days 02:59:00,179.0,False,179.0,0.0,False,Valid,2.9833333333333334,2.9833333333333334,179.0,2.9833333333333334
SJ168,SpiceJet,CCU,BOM,2026-04-19 08:17:41.703,2026-04-19 12:29:41.703,04:12:00,0 days 04:12:00,252.0,False,252.0,0.0,False,Valid,4.2,4.2,252.0,4.2
AI028,Air India,HYD,BOM,2026-04-19 07:53:41.701,2026-04-19 08:35:41.701,00:42:00,0 days 00:42:00,42.0,False,42.0,0.0,False,Valid,0.7,0.7,42.0,0.7
6F094,IndiGo,BLR,BOM,2026-04-19 07:37:41.702,2026-04-19 09:06:41.702,01:29:00,0 days 01:29:00,89.0,False,89.0,0.0,False,Valid,1.4833333333333334,1.4833333333333334,89.0,1.4833333333333334
6F024,IndiGo,BOM,DEL,2026-04-19 07:31:41.701,2026-04-19 11:17:41.701,03:46:00,0 days 03:46:00,226.0,False,226.0,0.0,False,Valid,3.7666666666666666,3.7666666666666666,226.0,3.7666666666666666
6F061,IndiGo,MAA,BOM,2026-04-19 07:28:41.701,2026-04-19 08:09:41.701,00:41:00,0 days 00:41:00,41.0,False,41.0,0.0,False,Valid,0.6833333333333333,0.6833333333333333,41.0,0.6833333333333333
AI032,Air India,MAA,BLR,2026-04-19 07:26:41.701,2026-04-19 09:26:42.000,02:00:00.299000,0 days 02:00:00.299000,120.00498333333333,False,120.0,0.004983333333328233,False,Valid,2.0000830555555553,2.0,120.00498333333333,2.0000830555555553
UK163,Vistara,DEL,HYD,2026-04-19 07:22:41.703,2026-04-19 09:04:41.703,01:42:00,0 days 01:42:00,102.0,False,102.0,0.0,False,Valid,1.7,1.7,102.0,1.7
SJ067,SpiceJet,MAA,BLR,2026-04-19 07:17:41.701,2026-04-19 08:16:41.701,00:59:00,0 days 00:59:00,59.0,False,59.0,0.0,False,Valid,0.9833333333333333,0.9833333333333333,59.0,0.9833333333333333
SJ106,SpiceJet,CCU,DEL,2026-04-19 07:16:41.702,2026-04-19 09:40:41.702,02:24:00,0 days 02:24:00,144.0,False,144.0,0.0,False,Valid,2.4,2.4,144.0,2.4
AI086,Air India,CCU,HYD,2026-04-19 07:13:41.702,2026-04-19 10:09:41.702,02:56:00,0 days 02:56:00,176.0,False,176.0,0.0,False,Valid,2.933333333333333,2.933333333333333,176.0,2.933333333333333
6F263,IndiGo,DEL,HYD,2026-04-19 07:07:41.703,2026-04-19 08:30:41.703,01:23:00,0 days 01:23:00,83.0,False,83.0,0.0,False,Valid,1.3833333333333333,1.3833333333333333,83.0,1.3833333333333333
6F163,IndiGo,MAA,BOM,2026-04-19 06:49:41.703,2026-04-19 10:46:41.703,03:57:00,0 days 03:57:00,237.0,False,237.0,0.0,False,Valid,3.95,3.95,237.0,3.95
SJ064,SpiceJet,CCU,DEL,2026-04-19 06:29:41.701,2026-04-19 08:43:41.701,02:14:00,0 days 02:14:00,134.0,False,134.0,0.0,False,Valid,2.2333333333333334,2.2333333333333334,134.0,2.2333333333333334
UK118,Vistara,HYD,BLR,2026-04-19 06:22:41.702,2026-04-19 07:22:42.000,01:00:00.298000,0 days 01:00:00.298000,60.00496666666666,False,60.0,0.004966666666661013,False,Valid,1.0000827777777777,1.0,60.00496666666666,1.0000827777777777
UK022,Vistara,DEL,HYD,2026-04-19 06:22:41.701,2026-04-19 10:59:41.701,04:37:00,0 days 04:37:00,277.0,False,277.0,0.0,False,Valid,4.616666666666666,4.616666666666666,277.0,4.616666666666666
UK099,Vistara,BOM,MAA,2026-04-19 06:16:41.702,2026-04-19 10:24:41.702,04:08:00,0 days 04:08:00,248.0,False,248.0,0.0,False,Valid,4.133333333333334,4.133333333333334,248.0,4.133333333333334
6F212,IndiGo,BLR,CCU,2026-04-19 06:10:41.703,2026-04-19 10:52:41.703,04:42:00,0 days 04:42:00,282.0,False,282.0,0.0,False,Valid,4.7,4.7,282.0,4.7
AI023,Air India,HYD,BLR,2026-04-19 06:10:41.701,2026-04-19 09:35:41.701,03:25:00,0 days 03:25:00,205.0,False,205.0,0.0,False,Valid,3.4166666666666665,3.4166666666666665,205.0,3.4166666666666665
SJ245,SpiceJet,BOM,DEL,2026-04-19 06:07:41.704,2026-04-19 09:39:41.704,03:32:00,0 days 03:32:00,212.0,False,212.0,0.0,False,Valid,3.533333333333333,3.533333333333333,212.0,3.533333333333333
6F066,IndiGo,BLR,HYD,2026-04-19 06:07:41.701,2026-04-19 07:43:41.701,01:36:00,0 days 01:36:00,96.0,False,96.0,0.0,False,Valid,1.6,1.6,96.0,1.6
AI138,Air India,DEL,CCU,2026-04-19 05:50:41.702,2026-04-19 06:40:41.702,00:50:00,0 days 00:50:00,50.0,False,50.0,0.0,False,Valid,0.8333333333333334,0.8333333333333334,50.0,0.8333333333333334
SJ021,SpiceJet,HYD,BLR,2026-04-19 05:48:41.701,2026-04-19 09:46:41.701,03:58:00,0 days 03:58:00,238.0,False,238.0,0.0,False,Valid,3.966666666666667,3.966666666666667,238.0,3.966666666666667
SJ136,SpiceJet,HYD,BLR,2026-04-19 05:45:41.702,2026-04-19 08:04:41.702,02:19:00,0 days 02:19:00,139.0,False,139.0,0.0,False,Valid,2.316666666666667,2.316666666666667,139.0,2.316666666666667
AI148,Air India,HYD,MAA,2026-04-19 05:41:41.703,2026-04-19 08:32:41.703,02:51:00,0 days 02:51:00,171.0,False,171.0,0.0,False,Valid,2.85,2.85,171.0,2.85
SJ014,SpiceJet,BOM,HYD,2026-04-19 05:40:41.701,2026-04-19 06:39:41.701,00:59:00,0 days 00:59:00,59.0,False,59.0,0.0,False,Valid,0.9833333333333333,0.9833333333333333,59.0,0.9833333333333333
6F104,IndiGo,CCU,BOM,2026-04-19 05:39:41.702,2026-04-19 06:14:41.702,00:35:00,0 days 00:35:00,35.0,False,35.0,0.0,False,Valid,0.5833333333333334,0.5833333333333334,35.0,0.5833333333333334
SJ121,SpiceJet,CCU,DEL,2026-04-19 05:32:41.702,2026-04-19 06:47:41.702,01:15:00,0 days 01:15:00,75.0,False,75.0,0.0,False,Valid,1.25,1.25,75.0,1.25
UK174,Vistara,CCU,DEL,2026-04-19 05:27:41.703,2026-04-19 07:47:41.703,02:20:00,0 days 02:20:00,140.0,False,140.0,0.0,False,Valid,2.3333333333333335,2.3333333333333335,140.0,2.3333333333333335
AI033,Air India,MAA,CCU,2026-04-19 05:25:41.701,2026-04-19 10:21:41.701,04:56:00,0 days 04:56:00,296.0,False,296.0,0.0,False,Valid,4.933333333333334,4.933333333333334,296.0,4.933333333333334
SJ122,SpiceJet,CCU,BOM,2026-04-19 05:22:41.702,2026-04-19 10:09:41.702,04:47:00,0 days 04:47:00,287.0,False,287.0,0.0,False,Valid,4.783333333333333,4.783333333333333,287.0,4.783333333333333
UK095,Vistara,BOM,MAA,2026-04-19 05:22:41.702,2026-04-19 07:36:41.702,02:14:00,0 days 02:14:00,134.0,False,134.0,0.0,False,Valid,2.2333333333333334,2.2333333333333334,134.0,2.2333333333333334
SJ026,SpiceJet,CCU,MAA,2026-04-19 05:22:41.701,2026-04-19 09:40:41.701,04:18:00,0 days 04:18:00,258.0,False,258.0,0.0,False,Valid,4.3,4.3,258.0,4.3
6F221,IndiGo,MAA,DEL,2026-04-19 05:20:41.704,2026-04-19 08:52:41.704,03:32:00,0 days 03:32:00,212.0,False,212.0,0.0,False,Valid,3.533333333333333,3.533333333333333,212.0,3.533333333333333
SJ103,SpiceJet,MAA,BLR,2026-04-19 05:16:41.702,2026-04-19 08:56:41.702,03:40:00,0 days 03:40:00,220.0,False,220.0,0.0,False,Valid,3.6666666666666665,3.6666666666666665,220.0,3.6666666666666665
SJ011,SpiceJet,BOM,MAA,2026-04-19 05:14:41.701,2026-04-19 09:59:41.701,04:45:00,0 days 04:45:00,285.0,False,285.0,0.0,False,Valid,4.75,4.75,285.0,4.75
AI002,Air India,HYD,BLR,2026-04-19 05:12:41.700,2026-04-19 07:12:41.700,02:00:00,0 days 02:00:00,120.0,False,120.0,0.0,False,Valid,2.0,2.0,120.0,2.0
AI046,Air India,DEL,BOM,2026-04-19 05:09:41.701,2026-04-19 08:00:41.701,02:51:00,0 days 02:51:00,171.0,False,171.0,0.0,False,Valid,2.85,2.85,171.0,2.85
SJ053,SpiceJet,CCU,DEL,2026-04-19 05:00:41.701,2026-04-19 06:38:41.701,01:38:00,0 days 01:38:00,98.0,False,98.0,0.0,False,Valid,1.6333333333333333,1.6333333333333333,98.0,1.6333333333333333
AI236,Air India,DEL,BOM,2026-04-19 04:52:41.704,2026-04-19 09:11:41.704,04:19:00,0 days 04:19:00,259.0,False,259.0,0.0,False,Valid,4.316666666666666,4.316666666666666,259.0,4.316666666666666
AI254,Air India,CCU,HYD,2026-04-19 04:46:41.704,2026-04-19 08:06:41.704,03:20:00,0 days 03:20:00,200.0,False,200.0,0.0,False,Valid,3.3333333333333335,3.3333333333333335,200.0,3.3333333333333335
6F063,IndiGo,DEL,HYD,2026-04-19 04:42:41.701,2026-04-19 07:31:41.701,02:49:00,0 days 02:49:00,169.0,False,169.0,0.0,False,Valid,2.816666666666667,2.816666666666667,169.0,2.816666666666667
6F115,IndiGo,MAA,BLR,2026-04-19 04:41:41.702,2026-04-19 06:23:41.702,01:42:00,0 days 01:42:00,102.0,False,102.0,0.0,False,Valid,1.7,1.7,102.0,1.7
UK070,Vistara,BOM,DEL,2026-04-19 04:36:41.701,2026-04-19 06:49:41.701,02:13:00,0 days 02:13:00,133.0,False,133.0,0.0,False,Valid,2.216666666666667,2.216666666666667,133.0,2.216666666666667
SJ147,SpiceJet,BLR,CCU,2026-04-19 04:30:41.702,2026-04-19 08:52:41.702,04:22:00,0 days 04:22:00,262.0,False,262.0,0.0,False,Valid,4.366666666666666,4.366666666666666,262.0,4.366666666666666
UK201,Vistara,HYD,BOM,2026-04-19 04:29:41.703,2026-04-19 06:42:41.703,02:13:00,0 days 02:13:00,133.0,False,133.0,0.0,False,Valid,2.216666666666667,2.216666666666667,133.0,2.216666666666667
SJ234,SpiceJet,BLR,CCU,2026-04-19 04:20:41.704,2026-04-19 06:23:41.704,02:03:00,0 days 02:03:00,123.0,False,123.0,0.0,False,Valid,2.05,2.05,123.0,2.05
AI176,Air India,BLR,DEL,2026-04-19 04:20:41.703,2026-04-19 06:25:41.703,02:05:00,0 days 02:05:00,125.0,False,125.0,0.0,False,Valid,2.0833333333333335,2.0833333333333335,125.0,2.0833333333333335
SJ045,SpiceJet,DEL,MAA,2026-04-19 04:16:41.701,2026-04-19 09:03:41.701,04:47:00,0 days 04:47:00,287.0,False,287.0,0.0,False,Valid,4.783333333333333,4.783333333333333,287.0,4.783333333333333
SJ174,SpiceJet,CCU,DEL,2026-04-19 04:09:41.703,2026-04-19 05:04:41.703,00:55:00,0 days 00:55:00,55.0,False,55.0,0.0,False,Valid,0.9166666666666666,0.9166666666666666,55.0,0.9166666666666666
AI007,Air India,MAA,DEL,2026-04-19 04:01:41.701,2026-04-19 06:01:42.000,02:00:00.299000,0 days 02:00:00.299000,120.00498333333333,False,120.0,0.004983333333328233,False,Valid,2.0000830555555553,2.0,120.00498333333333,2.0000830555555553
AI143,Air India,CCU,DEL,2026-04-19 03:58:41.702,2026-04-19 04:36:41.702,00:38:00,0 days 00:38:00,38.0,False,38.0,0.0,False,Valid,0.6333333333333333,0.6333333333333333,38.0,0.6333333333333333
SJ241,SpiceJet,DEL,HYD,2026-04-19 03:57:41.704,2026-04-19 06:36:41.704,02:39:00,0 days 02:39:00,159.0,False,159.0,0.0,False,Valid,2.65,2.65,159.0,2.65
AI020,Air India,BOM,BLR,2026-04-19 03:53:41.701,2026-04-19 06:21:41.701,02:28:00,0 days 02:28:00,148.0,False,148.0,0.0,False,Valid,2.466666666666667,2.466666666666667,148.0,2.466666666666667
UK031,Vistara,CCU,DEL,2026-04-19 03:45:41.701,2026-04-19 07:20:41.701,03:35:00,0 days 03:35:00,215.0,False,215.0,0.0,False,Valid,3.5833333333333335,3.5833333333333335,215.0,3.5833333333333335
AI013,Air India,HYD,BLR,2026-04-19 03:41:41.701,2026-04-19 04:58:41.701,01:17:00,0 days 01:17:00,77.0,False,77.0,0.0,False,Valid,1.2833333333333334,1.2833333333333334,77.0,1.2833333333333334
AI249,Air India,BLR,HYD,2026-04-19 03:38:41.704,2026-04-19 06:27:41.704,02:49:00,0 days 02:49:00,169.0,False,169.0,0.0,False,Valid,2.816666666666667,2.816666666666667,169.0,2.816666666666667
UK046,Vistara,CCU,DEL,2026-04-19 03:37:41.701,2026-04-19 06:05:41.701,02:28:00,0 days 02:28:00,148.0,False,148.0,0.0,False,Valid,2.466666666666667,2.466666666666667,148.0,2.466666666666667
UK168,Vistara,BLR,CCU,2026-04-19 03:20:41.703,2026-04-19 04:09:41.703,00:49:00,0 days 00:49:00,49.0,False,49.0,0.0,False,Valid,0.8166666666666667,0.8166666666666667,49.0,0.8166666666666667
AI022,Air India,BOM,MAA,2026-04-19 03:15:41.701,2026-04-19 05:10:41.701,01:55:00,0 days 01:55:00,115.0,False,115.0,0.0,False,Valid,1.9166666666666667,1.9166666666666667,115.0,1.9166666666666667
UK218,Vistara,MAA,BLR,2026-04-19 03:12:41.704,2026-04-19 07:22:41.704,04:10:00,0 days 04:10:00,250.0,False,250.0,0.0,False,Valid,4.166666666666667,4.166666666666667,250.0,4.166666666666667
UK142,Vistara,BLR,DEL,2026-04-19 03:03:41.703,2026-04-19 07:13:41.703,04:10:00,0 days 04:10:00,250.0,False,250.0,0.0,False,Valid,4.166666666666667,4.166666666666667,250.0,4.166666666666667
6F067,IndiGo,MAA,BLR,2026-04-19 02:59:41.701,2026-04-19 06:02:41.701,03:03:00,0 days 03:03:00,183.0,False,183.0,0.0,False,Valid,3.05,3.05,183.0,3.05
SJ217,SpiceJet,BOM,CCU,2026-04-19 02:57:41.703,2026-04-19 06:04:41.703,03:07:00,0 days 03:07:00,187.0,False,187.0,0.0,False,Valid,3.1166666666666667,3.1166666666666667,187.0,3.1166666666666667
SJ143,SpiceJet,DEL,BOM,2026-04-19 02:55:41.702,2026-04-19 03:52:41.702,00:57:00,0 days 00:57:00,57.0,False,57.0,0.0,False,Valid,0.95,0.95,57.0,0.95
AI243,Air India,BLR,BOM,2026-04-19 02:50:41.704,2026-04-19 05:09:41.704,02:19:00,0 days 02:19:00,139.0,False,139.0,0.0,False,Valid,2.316666666666667,2.316666666666667,139.0,2.316666666666667
SJ246,SpiceJet,BOM,DEL,2026-04-19 02:47:41.704,2026-04-19 03:47:42.000,01:00:00.296000,0 days 01:00:00.296000,60.004933333333334,False,60.0,0.004933333333333678,False,Valid,1.0000822222222223,1.0,60.004933333333334,1.0000822222222223
6F170,IndiGo,HYD,DEL,2026-04-19 02:44:41.703,2026-04-19 04:14:41.703,01:30:00,0 days 01:30:00,90.0,False,90.0,0.0,False,Valid,1.5,1.5,90.0,1.5
UK157,Vistara,CCU,BOM,2026-04-19 02:41:41.703,2026-04-19 03:41:42.000,01:00:00.297000,0 days 01:00:00.297000,60.00495,False,60.0,0.004950000000000898,False,Valid,1.0000825,1.0,60.00495,1.0000825
UK172,Vistara,DEL,BOM,2026-04-19 02:20:41.703,2026-04-19 05:21:41.703,03:01:00,0 days 03:01:00,181.0,False,181.0,0.0,False,Valid,3.0166666666666666,3.0166666666666666,181.0,3.0166666666666666
SJ139,SpiceJet,DEL,BLR,2026-04-19 02:20:41.702,2026-04-19 06:02:41.702,03:42:00,0 days 03:42:00,222.0,False,222.0,0.0,False,Valid,3.7,3.7,222.0,3.7
UK085,Vistara,MAA,DEL,2026-04-19 02:15:41.702,2026-04-19 03:17:41.702,01:02:00,0 days 01:02:00,62.0,False,62.0,0.0,False,Valid,1.0333333333333334,1.0333333333333334,62.0,1.0333333333333334
6F079,IndiGo,MAA,HYD,2026-04-19 02:14:41.702,2026-04-19 06:18:41.702,04:04:00,0 days 04:04:00,244.0,False,244.0,0.0,False,Valid,4.066666666666666,4.066666666666666,244.0,4.066666666666666
SJ032,SpiceJet,MAA,BOM,2026-04-19 02:11:41.701,2026-04-19 04:33:41.701,02:22:00,0 days 02:22:00,142.0,False,142.0,0.0,False,Valid,2.3666666666666667,2.3666666666666667,142.0,2.3666666666666667
6F182,IndiGo,BOM,CCU,2026-04-19 02:10:41.703,2026-04-19 04:18:41.703,02:08:00,0 days 02:08:00,128.0,False,128.0,0.0,False,Valid,2.1333333333333333,2.1333333333333333,128.0,2.1333333333333333
AI106,Air India,HYD,BLR,2026-04-19 02:07:41.702,2026-04-19 03:20:41.702,01:13:00,0 days 01:13:00,73.0,False,73.0,0.0,False,Valid,1.2166666666666666,1.2166666666666666,73.0,1.2166666666666666
AI200,Air India,HYD,MAA,2026-04-19 02:05:41.703,2026-04-19 05:29:41.703,03:24:00,0 days 03:24:00,204.0,False,204.0,0.0,False,Valid,3.4,3.4,204.0,3.4
6F142,IndiGo,CCU,MAA,2026-04-19 02:05:41.702,2026-04-19 06:04:41.702,03:59:00,0 days 03:59:00,239.0,False,239.0,0.0,False,Valid,3.9833333333333334,3.9833333333333334,239.0,3.9833333333333334
SJ079,SpiceJet,HYD,DEL,2026-04-19 01:58:41.702,2026-04-19 05:02:41.702,03:04:00,0 days 03:04:00,184.0,False,184.0,0.0,False,Valid,3.066666666666667,3.066666666666667,184.0,3.066666666666667
SJ082,SpiceJet,BOM,DEL,2026-04-19 01:54:41.702,2026-04-19 02:33:41.702,00:39:00,0 days 00:39:00,39.0,False,39.0,0.0,False,Valid,0.65,0.65,39.0,0.65
SJ110,SpiceJet,CCU,DEL,2026-04-19 01:47:41.702,2026-04-19 02:20:41.702,00:33:00,0 days 00:33:00,33.0,False,33.0,0.0,False,Valid,0.55,0.55,33.0,0.55
6F262,IndiGo,MAA,DEL,2026-04-19 01:44:41.702,2026-04-19 02:47:41.702,01:03:00,0 days 01:03:00,63.0,False,63.0,0.0,False,Valid,1.05,1.05,63.0,1.05
UK143,Vistara,BLR,BOM,2026-04-19 01:34:41.703,2026-04-19 02:48:41.703,01:14:00,0 days 01:14:00,74.0,False,74.0,0.0,False,Valid,1.2333333333333334,1.2333333333333334,74.0,1.2333333333333334
6F269,IndiGo,HYD,MAA,2026-04-19 01:30:41.702,2026-04-19 02:52:41.702,01:22:00,0 days 01:22:00,82.0,False,82.0,0.0,False,Valid,1.3666666666666667,1.3666666666666667,82.0,1.3666666666666667
6F214,IndiGo,BOM,CCU,2026-04-19 01:21:41.703,2026-04-19 05:20:41.703,03:59:00,0 days 03:59:00,239.0,False,239.0,0.0,False,Valid,3.9833333333333334,3.9833333333333334,239.0,3.9833333333333334
SJ213,SpiceJet,BOM,CCU,2026-04-19 01:19:41.703,2026-04-19 04:48:41.703,03:29:00,0 days 03:29:00,209.0,False,209.0,0.0,False,Valid,3.4833333333333334,3.4833333333333334,209.0,3.4833333333333334
SJ072,SpiceJet,DEL,HYD,2026-04-19 01:18:41.701,2026-04-19 04:08:41.701,02:50:00,0 days 02:50:00,170.0,False,170.0,0.0,False,Valid,2.8333333333333335,2.8333333333333335,170.0,2.8333333333333335
6F059,IndiGo,BOM,DEL,2026-04-19 01:12:41.701,2026-04-19 06:02:41.701,04:50:00,0 days 04:50:00,290.0,False,290.0,0.0,False,Valid,4.833333333333333,4.833333333333333,290.0,4.833333333333333
UK202,Vistara,DEL,HYD,2026-04-19 01:11:41.703,2026-04-19 05:37:41.703,04:26:00,0 days 04:26:00,266.0,False,266.0,0.0,False,Valid,4.433333333333334,4.433333333333334,266.0,4.433333333333334
UK037,Vistara,BLR,BOM,2026-04-19 01:10:41.701,2026-04-19 05:12:41.701,04:02:00,0 days 04:02:00,242.0,False,242.0,0.0,False,Valid,4.033333333333333,4.033333333333333,242.0,4.033333333333333
UK069,Vistara,CCU,DEL,2026-04-19 01:10:41.701,2026-04-19 03:23:41.701,02:13:00,0 days 02:13:00,133.0,False,133.0,0.0,False,Valid,2.216666666666667,2.216666666666667,133.0,2.216666666666667
SJ118,SpiceJet,DEL,BOM,2026-04-19 01:08:41.702,2026-04-19 02:33:41.702,01:25:00,0 days 01:25:00,85.0,False,85.0,0.0,False,Valid,1.4166666666666667,1.4166666666666667,85.0,1.4166666666666667
6F145,IndiGo,CCU,DEL,2026-04-19 01:02:41.703,2026-04-19 02:18:41.703,01:16:00,0 days 01:16:00,76.0,False,76.0,0.0,False,Valid,1.2666666666666666,1.2666666666666666,76.0,1.2666666666666666
UK097,Vistara,HYD,BOM,2026-04-19 00:49:41.702,2026-04-19 05:00:41.702,04:11:00,0 days 04:11:00,251.0,False,251.0,0.0,False,Valid,4.183333333333334,4.183333333333334,251.0,4.183333333333334
6F117,IndiGo,CCU,DEL,2026-04-19 00:46:41.702,2026-04-19 01:51:41.702,01:05:00,0 days 01:05:00,65.0,False,65.0,0.0,False,Valid,1.0833333333333333,1.0833333333333333,65.0,1.0833333333333333
6F226,IndiGo,DEL,BOM,2026-04-19 00:38:41.704,2026-04-19 02:55:41.704,02:17:00,0 days 02:17:00,137.0,False,137.0,0.0,False,Valid,2.283333333333333,2.283333333333333,137.0,2.283333333333333
6F050,IndiGo,DEL,BOM,2026-04-19 00:35:41.701,2026-04-19 04:32:41.701,03:57:00,0 days 03:57:00,237.0,False,237.0,0.0,False,Valid,3.95,3.95,237.0,3.95
UK196,Vistara,BOM,HYD,2026-04-19 00:32:41.703,2026-04-19 04:49:41.703,04:17:00,0 days 04:17:00,257.0,False,257.0,0.0,False,Valid,4.283333333333333,4.283333333333333,257.0,4.283333333333333
SJ086,SpiceJet,CCU,DEL,2026-04-19 00:32:41.702,2026-04-19 04:17:41.702,03:45:00,0 days 03:45:00,225.0,False,225.0,0.0,False,Valid,3.75,3.75,225.0,3.75
AI134,Air India,HYD,BOM,2026-04-19 00:28:41.702,2026-04-19 04:23:41.702,03:55:00,0 days 03:55:00,235.0,False,235.0,0.0,False,Valid,3.9166666666666665,3.9166666666666665,235.0,3.9166666666666665
AI043,Air India,CCU,DEL,2026-04-19 00:28:41.701,2026-04-19 04:37:41.701,04:09:00,0 days 04:09:00,249.0,False,249.0,0.0,False,Valid,4.15,4.15,249.0,4.15
UK119,Vistara,BOM,CCU,2026-04-19 00:21:41.702,2026-04-19 04:38:41.702,04:17:00,0 days 04:17:00,257.0,False,257.0,0.0,False,Valid,4.283333333333333,4.283333333333333,257.0,4.283333333333333
SJ181,SpiceJet,BOM,BLR,2026-04-19 00:20:41.703,2026-04-19 01:49:41.703,01:29:00,0 days 01:29:00,89.0,False,89.0,0.0,False,Valid,1.4833333333333334,1.4833333333333334,89.0,1.4833333333333334
AI070,Air India,CCU,DEL,2026-04-19 00:05:41.702,2026-04-19 01:44:41.702,01:39:00,0 days 01:39:00,99.0,False,99.0,0.0,False,Valid,1.65,1.65,99.0,1.65
6F233,IndiGo,BLR,BOM,2026-04-18 23:56:41.704,2026-04-19 03:53:41.704,03:57:00,0 days 03:57:00,237.0,True,237.0,0.0,False,Valid,3.95,3.95,237.0,3.95
UK013,Vistara,BOM,MAA,2026-04-18 23:52:41.701,2026-04-19 02:52:41.701,03:00:00,0 days 03:00:00,180.0,True,180.0,0.0,False,Valid,3.0,3.0,180.0,3.0
6F015,IndiGo,BOM,CCU,2026-04-18 23:39:41.701,2026-04-19 02:27:41.701,02:48:00,0 days 02:48:00,168.0,True,168.0,0.0,False,Valid,2.8,2.8,168.0,2.8
SJ247,SpiceJet,DEL,BOM,2026-04-18 23:38:41.704,2026-04-19 03:43:41.704,04:05:00,0 days 04:05:00,245.0,True,245.0,0.0,False,Valid,4.083333333333333,4.083333333333333,245.0,4.083333333333333
AI067,Air India,HYD,DEL,2026-04-18 23:36:41.701,2026-04-19 03:09:41.701,03:33:00,0 days 03:33:00,213.0,True,213.0,0.0,False,Valid,3.55,3.55,213.0,3.55
AI211,Air India,DEL,CCU,2026-04-18 23:34:41.703,2026-04-19 01:21:41.703,01:47:00,0 days 01:47:00,107.0,True,107.0,0.0,False,Valid,1.7833333333333334,1.7833333333333334,107.0,1.7833333333333334
UK029,Vistara,DEL,BOM,2026-04-18 23:26:41.701,2026-04-19 02:15:41.701,02:49:00,0 days 02:49:00,169.0,True,169.0,0.0,False,Valid,2.816666666666667,2.816666666666667,169.0,2.816666666666667
SJ200,SpiceJet,BOM,DEL,2026-04-18 23:24:41.703,2026-04-19 02:11:41.703,02:47:00,0 days 02:47:00,167.0,True,167.0,0.0,False,Valid,2.783333333333333,2.783333333333333,167.0,2.783333333333333
6F087,IndiGo,DEL,HYD,2026-04-18 23:24:41.702,2026-04-19 03:10:41.702,03:46:00,0 days 03:46:00,226.0,True,226.0,0.0,False,Valid,3.7666666666666666,3.7666666666666666,226.0,3.7666666666666666
SJ210,SpiceJet,HYD,CCU,2026-04-18 23:21:41.703,2026-04-19 02:54:41.703,03:33:00,0 days 03:33:00,213.0,True,213.0,0.0,False,Valid,3.55,3.55,213.0,3.55
AI101,Air India,DEL,BLR,2026-04-18 23:20:41.702,2026-04-19 02:23:41.702,03:03:00,0 days 03:03:00,183.0,True,183.0,0.0,False,Valid,3.05,3.05,183.0,3.05
UK075,Vistara,MAA,CCU,2026-04-18 23:15:41.702,2026-04-19 03:54:41.702,04:39:00,0 days 04:39:00,279.0,True,279.0,0.0,False,Valid,4.65,4.65,279.0,4.65
SJ091,SpiceJet,BLR,CCU,2026-04-18 23:10:41.702,2026-04-19 00:47:41.702,01:37:00,0 days 01:37:00,97.0,True,97.0,0.0,False,Valid,1.6166666666666667,1.6166666666666667,97.0,1.6166666666666667
AI251,Air India,MAA,DEL,2026-04-18 22:40:41.704,2026-04-18 23:24:41.704,00:44:00,0 days 00:44:00,44.0,False,44.0,0.0,False,Valid,0.7333333333333333,0.7333333333333333,44.0,0.7333333333333333
SJ042,SpiceJet,HYD,CCU,2026-04-18 22:38:41.701,2026-04-19 02:20:41.701,03:42:00,0 days 03:42:00,222.0,True,222.0,0.0,False,Valid,3.7,3.7,222.0,3.7
UK126,Vistara,CCU,DEL,2026-04-18 22:37:41.702,2026-04-19 00:03:41.702,01:26:00,0 days 01:26:00,86.0,True,86.0,0.0,False,Valid,1.4333333333333333,1.4333333333333333,86.0,1.4333333333333333
6F042,IndiGo,HYD,DEL,2026-04-18 22:35:41.701,2026-04-19 02:41:41.701,04:06:00,0 days 04:06:00,246.0,True,246.0,0.0,False,Valid,4.1,4.1,246.0,4.1
AI116,Air India,CCU,BOM,2026-04-18 22:30:41.702,2026-04-19 01:57:41.702,03:27:00,0 days 03:27:00,207.0,True,207.0,0.0,False,Valid,3.45,3.45,207.0,3.45
SJ209,SpiceJet,BLR,BOM,2026-04-18 22:22:41.703,2026-04-19 02:03:41.703,03:41:00,0 days 03:41:00,221.0,True,221.0,0.0,False,Valid,3.683333333333333,3.683333333333333,221.0,3.683333333333333
AI123,Air India,MAA,BOM,2026-04-18 22:19:41.702,2026-04-19 00:45:41.702,02:26:00,0 days 02:26:00,146.0,True,146.0,0.0,False,Valid,2.433333333333333,2.433333333333333,146.0,2.433333333333333
6F016,IndiGo,HYD,BOM,2026-04-18 22:18:41.701,2026-04-18 22:54:41.701,00:36:00,0 days 00:36:00,36.0,False,36.0,0.0,False,Valid,0.6,0.6,36.0,0.6
UK012,Vistara,MAA,BOM,2026-04-18 22:16:41.701,2026-04-19 00:25:41.701,02:09:00,0 days 02:09:00,129.0,True,129.0,0.0,False,Valid,2.15,2.15,129.0,2.15
SJ188,SpiceJet,BLR,BOM,2026-04-18 22:15:41.703,2026-04-18 22:55:41.703,00:40:00,0 days 00:40:00,40.0,False,40.0,0.0,False,Valid,0.6666666666666666,0.6666666666666666,40.0,0.6666666666666666
UK096,Vistara,BLR,HYD,2026-04-18 22:11:41.702,2026-04-19 00:06:41.702,01:55:00,0 days 01:55:00,115.0,True,115.0,0.0,False,Valid,1.9166666666666667,1.9166666666666667,115.0,1.9166666666666667
SJ046,SpiceJet,BOM,MAA,2026-04-18 22:01:41.701,2026-04-19 01:25:41.701,03:24:00,0 days 03:24:00,204.0,True,204.0,0.0,False,Valid,3.4,3.4,204.0,3.4
UK081,Vistara,BLR,DEL,2026-04-18 22:00:41.702,2026-04-18 23:00:41.702,01:00:00,0 days 01:00:00,60.0,False,60.0,0.0,False,Valid,1.0,1.0,60.0,1.0
UK191,Vistara,MAA,BLR,2026-04-18 21:51:41.703,2026-04-18 22:57:41.703,01:06:00,0 days 01:06:00,66.0,False,66.0,0.0,False,Valid,1.1,1.1,66.0,1.1
6F064,IndiGo,CCU,DEL,2026-04-18 21:45:41.701,2026-04-18 22:50:41.701,01:05:00,0 days 01:05:00,65.0,False,65.0,0.0,False,Valid,1.0833333333333333,1.0833333333333333,65.0,1.0833333333333333
AI005,Air India,DEL,CCU,2026-04-18 21:24:41.701,2026-04-18 22:11:41.701,00:47:00,0 days 00:47:00,47.0,False,47.0,0.0,False,Valid,0.7833333333333333,0.7833333333333333,47.0,0.7833333333333333
6F021,IndiGo,BLR,MAA,2026-04-18 21:23:41.701,2026-04-19 01:25:41.701,04:02:00,0 days 04:02:00,242.0,True,242.0,0.0,False,Valid,4.033333333333333,4.033333333333333,242.0,4.033333333333333
AI169,Air India,CCU,DEL,2026-04-18 21:21:41.703,2026-04-19 01:34:41.703,04:13:00,0 days 04:13:00,253.0,True,253.0,0.0,False,Valid,4.216666666666667,4.216666666666667,253.0,4.216666666666667
UK035,Vistara,HYD,BOM,2026-04-18 21:08:41.701,2026-04-18 22:24:41.701,01:16:00,0 days 01:16:00,76.0,False,76.0,0.0,False,Valid,1.2666666666666666,1.2666666666666666,76.0,1.2666666666666666
AI040,Air India,HYD,BLR,2026-04-18 21:01:41.701,2026-04-18 22:42:41.701,01:41:00,0 days 01:41:00,101.0,False,101.0,0.0,False,Valid,1.6833333333333333,1.6833333333333333,101.0,1.6833333333333333
UK042,Vistara,MAA,BOM,2026-04-18 20:59:41.701,2026-04-19 01:38:41.701,04:39:00,0 days 04:39:00,279.0,True,279.0,0.0,False,Valid,4.65,4.65,279.0,4.65
SJ171,SpiceJet,DEL,HYD,2026-04-18 20:52:41.703,2026-04-18 23:52:41.703,03:00:00,0 days 03:00:00,180.0,False,180.0,0.0,False,Valid,3.0,3.0,180.0,3.0
AI250,Air India,BOM,CCU,2026-04-18 20:48:41.704,2026-04-19 00:12:41.704,03:24:00,0 days 03:24:00,204.0,True,204.0,0.0,False,Valid,3.4,3.4,204.0,3.4
SJ195,SpiceJet,BOM,CCU,2026-04-18 20:41:41.703,2026-04-18 23:54:41.703,03:13:00,0 days 03:13:00,193.0,False,193.0,0.0,False,Valid,3.216666666666667,3.216666666666667,193.0,3.216666666666667
UK211,Vistara,MAA,CCU,2026-04-18 20:39:41.704,2026-04-18 22:02:41.704,01:23:00,0 days 01:23:00,83.0,False,83.0,0.0,False,Valid,1.3833333333333333,1.3833333333333333,83.0,1.3833333333333333
UK122,Vistara,HYD,CCU,2026-04-18 20:29:42.000,2026-04-18 23:29:42.000,03:00:00,0 days 03:00:00,180.0,False,180.0,0.0,False,Valid,3.0,3.0,180.0,3.0
AI136,Air India,BLR,DEL,2026-04-18 20:29:41.702,2026-04-18 23:48:41.702,03:19:00,0 days 03:19:00,199.0,False,199.0,0.0,False,Valid,3.316666666666667,3.316666666666667,199.0,3.316666666666667
6F141,IndiGo,BOM,CCU,2026-04-18 20:26:41.702,2026-04-18 22:28:41.702,02:02:00,0 days 02:02:00,122.0,False,122.0,0.0,False,Valid,2.033333333333333,2.033333333333333,122.0,2.033333333333333
6F053,IndiGo,DEL,HYD,2026-04-18 20:26:41.701,2026-04-19 00:39:41.701,04:13:00,0 days 04:13:00,253.0,True,253.0,0.0,False,Valid,4.216666666666667,4.216666666666667,253.0,4.216666666666667
6F136,IndiGo,CCU,DEL,2026-04-18 20:24:41.702,2026-04-18 21:01:41.702,00:37:00,0 days 00:37:00,37.0,False,37.0,0.0,False,Valid,0.6166666666666667,0.6166666666666667,37.0,0.6166666666666667
6F009,IndiGo,BLR,CCU,2026-04-18 20:21:41.701,2026-04-18 23:36:41.701,03:15:00,0 days 03:15:00,195.0,False,195.0,0.0,False,Valid,3.25,3.25,195.0,3.25
6F023,IndiGo,MAA,BLR,2026-04-18 20:18:41.701,2026-04-19 00:14:41.701,03:56:00,0 days 03:56:00,236.0,True,236.0,0.0,False,Valid,3.933333333333333,3.933333333333333,236.0,3.933333333333333
UK006,Vistara,MAA,CCU,2026-04-18 20:16:41.701,2026-04-18 21:55:41.701,01:39:00,0 days 01:39:00,99.0,False,99.0,0.0,False,Valid,1.65,1.65,99.0,1.65
SJ165,SpiceJet,CCU,BOM,2026-04-18 20:08:41.703,2026-04-18 23:18:41.703,03:10:00,0 days 03:10:00,190.0,False,190.0,0.0,False,Valid,3.1666666666666665,3.1666666666666665,190.0,3.1666666666666665
6F189,IndiGo,MAA,BLR,2026-04-18 20:08:41.703,2026-04-18 21:51:41.703,01:43:00,0 days 01:43:00,103.0,False,103.0,0.0,False,Valid,1.7166666666666666,1.7166666666666666,103.0,1.7166666666666666
AI131,Air India,MAA,BOM,2026-04-18 19:55:41.702,2026-04-18 22:35:41.702,02:40:00,0 days 02:40:00,160.0,False,160.0,0.0,False,Valid,2.6666666666666665,2.6666666666666665,160.0,2.6666666666666665
6F004,IndiGo,BOM,CCU,2026-04-18 19:53:41.701,2026-04-18 23:33:41.701,03:40:00,0 days 03:40:00,220.0,False,220.0,0.0,False,Valid,3.6666666666666665,3.6666666666666665,220.0,3.6666666666666665
AI027,Air India,BOM,MAA,2026-04-18 19:41:41.701,2026-04-18 23:23:41.701,03:42:00,0 days 03:42:00,222.0,False,222.0,0.0,False,Valid,3.7,3.7,222.0,3.7
AI238,Air India,CCU,MAA,2026-04-18 19:25:41.704,2026-04-19 00:07:41.704,04:42:00,0 days 04:42:00,282.0,True,282.0,0.0,False,Valid,4.7,4.7,282.0,4.7
SJ105,SpiceJet,BOM,HYD,2026-04-18 19:22:41.702,2026-04-18 22:48:41.702,03:26:00,0 days 03:26:00,206.0,False,206.0,0.0,False,Valid,3.433333333333333,3.433333333333333,206.0,3.433333333333333
UK088,Vistara,MAA,BLR,2026-04-18 19:16:41.702,2026-04-18 23:36:41.702,04:20:00,0 days 04:20:00,260.0,False,260.0,0.0,False,Valid,4.333333333333333,4.333333333333333,260.0,4.333333333333333
6F035,IndiGo,CCU,HYD,2026-04-18 19:16:41.701,2026-04-18 23:40:41.701,04:24:00,0 days 04:24:00,264.0,False,264.0,0.0,False,Valid,4.4,4.4,264.0,4.4
AI133,Air India,DEL,CCU,2026-04-18 19:12:41.702,2026-04-18 21:32:41.702,02:20:00,0 days 02:20:00,140.0,False,140.0,0.0,False,Valid,2.3333333333333335,2.3333333333333335,140.0,2.3333333333333335
AI001,Air India,DEL,HYD,2026-04-18 19:00:41.700,2026-04-18 22:03:41.700,03:03:00,0 days 03:03:00,183.0,False,183.0,0.0,False,Valid,3.05,3.05,183.0,3.05
SJ133,SpiceJet,BOM,CCU,2026-04-18 18:50:41.702,2026-04-18 21:29:41.702,02:39:00,0 days 02:39:00,159.0,False,159.0,0.0,False,Valid,2.65,2.65,159.0,2.65
SJ216,SpiceJet,BOM,CCU,2026-04-18 18:35:41.703,2026-04-18 21:31:41.703,02:56:00,0 days 02:56:00,176.0,False,176.0,0.0,False,Valid,2.933333333333333,2.933333333333333,176.0,2.933333333333333
SJ225,SpiceJet,DEL,HYD,2026-04-18 18:16:41.704,2026-04-18 20:53:41.704,02:37:00,0 days 02:37:00,157.0,False,157.0,0.0,False,Valid,2.6166666666666667,2.6166666666666667,157.0,2.6166666666666667
AI147,Air India,HYD,CCU,2026-04-18 18:14:41.703,2026-04-18 20:10:41.703,01:56:00,0 days 01:56:00,116.0,False,116.0,0.0,False,Valid,1.9333333333333333,1.9333333333333333,116.0,1.9333333333333333
SJ054,SpiceJet,MAA,BLR,2026-04-18 18:13:41.701,2026-04-18 22:46:41.701,04:33:00,0 days 04:33:00,273.0,False,273.0,0.0,False,Valid,4.55,4.55,273.0,4.55
6F197,IndiGo,BOM,BLR,2026-04-18 17:59:41.703,2026-04-18 22:44:41.703,04:45:00,0 days 04:45:00,285.0,False,285.0,0.0,False,Valid,4.75,4.75,285.0,4.75
SJ066,SpiceJet,HYD,CCU,2026-04-18 17:47:41.701,2026-04-18 19:03:41.701,01:16:00,0 days 01:16:00,76.0,False,76.0,0.0,False,Valid,1.2666666666666666,1.2666666666666666,76.0,1.2666666666666666
SJ183,SpiceJet,CCU,DEL,2026-04-18 17:44:41.703,2026-04-18 19:40:41.703,01:56:00,0 days 01:56:00,116.0,False,116.0,0.0,False,Valid,1.9333333333333333,1.9333333333333333,116.0,1.9333333333333333
SJ151,SpiceJet,BOM,CCU,2026-04-18 17:44:41.702,2026-04-18 19:16:41.702,01:32:00,0 days 01:32:00,92.0,False,92.0,0.0,False,Valid,1.5333333333333334,1.5333333333333334,92.0,1.5333333333333334
SJ071,SpiceJet,CCU,MAA,2026-04-18 17:43:41.701,2026-04-18 19:32:41.701,01:49:00,0 days 01:49:00,109.0,False,109.0,0.0,False,Valid,1.8166666666666667,1.8166666666666667,109.0,1.8166666666666667
SJ102,SpiceJet,MAA,CCU,2026-04-18 17:26:41.702,2026-04-18 18:58:41.702,01:32:00,0 days 01:32:00,92.0,False,92.0,0.0,False,Valid,1.5333333333333334,1.5333333333333334,92.0,1.5333333333333334
AI209,Air India,BLR,CCU,2026-04-18 17:25:41.703,2026-04-18 18:37:41.703,01:12:00,0 days 01:12:00,72.0,False,72.0,0.0,False,Valid,1.2,1.2,72.0,1.2
6F111,IndiGo,HYD,DEL,2026-04-18 17:09:41.702,2026-04-18 20:02:41.702,02:53:00,0 days 02:53:00,173.0,False,173.0,0.0,False,Valid,2.8833333333333333,2.8833333333333333,173.0,2.8833333333333333
AI050,Air India,BLR,BOM,2026-04-18 17:07:41.701,2026-04-18 19:42:41.701,02:35:00,0 days 02:35:00,155.0,False,155.0,0.0,False,Valid,2.5833333333333335,2.5833333333333335,155.0,2.5833333333333335
SJ189,SpiceJet,HYD,BLR,2026-04-18 17:05:41.703,2026-04-18 22:01:41.703,04:56:00,0 days 04:56:00,296.0,False,296.0,0.0,False,Valid,4.933333333333334,4.933333333333334,296.0,4.933333333333334
UK112,Vistara,CCU,DEL,2026-04-18 17:05:41.702,2026-04-18 19:47:41.702,02:42:00,0 days 02:42:00,162.0,False,162.0,0.0,False,Valid,2.7,2.7,162.0,2.7
6F171,IndiGo,DEL,BLR,2026-04-18 17:03:41.703,2026-04-18 18:12:41.703,01:09:00,0 days 01:09:00,69.0,False,69.0,0.0,False,Valid,1.15,1.15,69.0,1.15
AI011,Air India,CCU,BOM,2026-04-18 16:58:41.701,2026-04-18 21:01:41.701,04:03:00,0 days 04:03:00,243.0,False,243.0,0.0,False,Valid,4.05,4.05,243.0,4.05
6F027,IndiGo,BLR,DEL,2026-04-18 16:52:41.701,2026-04-18 18:21:41.701,01:29:00,0 days 01:29:00,89.0,False,89.0,0.0,False,Valid,1.4833333333333334,1.4833333333333334,89.0,1.4833333333333334
UK082,Vistara,DEL,BOM,2026-04-18 16:50:41.702,2026-04-18 21:21:41.702,04:31:00,0 days 04:31:00,271.0,False,271.0,0.0,False,Valid,4.516666666666667,4.516666666666667,271.0,4.516666666666667
UK138,Vistara,DEL,BLR,2026-04-18 16:47:41.703,2026-04-18 19:36:41.703,02:49:00,0 days 02:49:00,169.0,False,169.0,0.0,False,Valid,2.816666666666667,2.816666666666667,169.0,2.816666666666667
UK198,Vistara,DEL,BLR,2026-04-18 16:43:41.703,2026-04-18 18:18:41.703,01:35:00,0 days 01:35:00,95.0,False,95.0,0.0,False,Valid,1.5833333333333333,1.5833333333333333,95.0,1.5833333333333333
6F039,IndiGo,MAA,CCU,2026-04-18 16:43:41.701,2026-04-18 21:01:41.701,04:18:00,0 days 04:18:00,258.0,False,258.0,0.0,False,Valid,4.3,4.3,258.0,4.3
6F157,IndiGo,MAA,CCU,2026-04-18 16:37:41.703,2026-04-18 18:04:41.703,01:27:00,0 days 01:27:00,87.0,False,87.0,0.0,False,Valid,1.45,1.45,87.0,1.45
SJ024,SpiceJet,DEL,MAA,2026-04-18 16:29:41.701,2026-04-18 20:21:41.701,03:52:00,0 days 03:52:00,232.0,False,232.0,0.0,False,Valid,3.8666666666666667,3.8666666666666667,232.0,3.8666666666666667
6F167,IndiGo,BLR,BOM,2026-04-18 16:26:41.703,2026-04-18 17:50:41.703,01:24:00,0 days 01:24:00,84.0,False,84.0,0.0,False,Valid,1.4,1.4,84.0,1.4
AI197,Air India,BOM,CCU,2026-04-18 16:25:41.703,2026-04-18 20:00:41.703,03:35:00,0 days 03:35:00,215.0,False,215.0,0.0,False,Valid,3.5833333333333335,3.5833333333333335,215.0,3.5833333333333335
SJ211,SpiceJet,MAA,BOM,2026-04-18 16:22:41.703,2026-04-18 18:34:41.703,02:12:00,0 days 02:12:00,132.0,False,132.0,0.0,False,Valid,2.2,2.2,132.0,2.2
6F055,IndiGo,DEL,CCU,2026-04-18 16:21:41.701,2026-04-18 18:49:41.701,02:28:00,0 days 02:28:00,148.0,False,148.0,0.0,False,Valid,2.466666666666667,2.466666666666667,148.0,2.466666666666667
AI253,Air India,BLR,BOM,2026-04-18 16:13:41.704,2026-04-18 19:51:41.704,03:38:00,0 days 03:38:00,218.0,False,218.0,0.0,False,Valid,3.6333333333333333,3.6333333333333333,218.0,3.6333333333333333
UK060,Vistara,BLR,CCU,2026-04-18 16:09:41.701,2026-04-18 19:42:41.701,03:33:00,0 days 03:33:00,213.0,False,213.0,0.0,False,Valid,3.55,3.55,213.0,3.55
6F257,IndiGo,MAA,CCU,2026-04-18 16:04:41.704,2026-04-18 19:55:41.704,03:51:00,0 days 03:51:00,231.0,False,231.0,0.0,False,Valid,3.85,3.85,231.0,3.85
SJ135,SpiceJet,MAA,CCU,2026-04-18 16:03:41.702,2026-04-18 19:48:41.702,03:45:00,0 days 03:45:00,225.0,False,225.0,0.0,False,Valid,3.75,3.75,225.0,3.75
AI247,Air India,BOM,CCU,2026-04-18 15:58:41.704,2026-04-18 19:02:41.704,03:04:00,0 days 03:04:00,184.0,False,184.0,0.0,False,Valid,3.066666666666667,3.066666666666667,184.0,3.066666666666667
UK127,Vistara,BOM,HYD,2026-04-18 15:56:41.702,2026-04-18 20:00:41.702,04:04:00,0 days 04:04:00,244.0,False,244.0,0.0,False,Valid,4.066666666666666,4.066666666666666,244.0,4.066666666666666
AI109,Air India,BLR,BOM,2026-04-18 15:53:41.702,2026-04-18 20:14:41.702,04:21:00,0 days 04:21:00,261.0,False,261.0,0.0,False,Valid,4.35,4.35,261.0,4.35
AI057,Air India,BOM,CCU,2026-04-18 15:53:41.701,2026-04-18 19:22:41.701,03:29:00,0 days 03:29:00,209.0,False,209.0,0.0,False,Valid,3.4833333333333334,3.4833333333333334,209.0,3.4833333333333334
6F103,IndiGo,CCU,MAA,2026-04-18 15:37:41.702,2026-04-18 18:32:41.702,02:55:00,0 days 02:55:00,175.0,False,175.0,0.0,False,Valid,2.9166666666666665,2.9166666666666665,175.0,2.9166666666666665
SJ144,SpiceJet,BLR,BOM,2026-04-18 15:35:41.702,2026-04-18 19:12:41.702,03:37:00,0 days 03:37:00,217.0,False,217.0,0.0,False,Valid,3.6166666666666667,3.6166666666666667,217.0,3.6166666666666667
6F076,IndiGo,CCU,HYD,2026-04-18 15:35:41.702,2026-04-18 16:20:41.702,00:45:00,0 days 00:45:00,45.0,False,45.0,0.0,False,Valid,0.75,0.75,45.0,0.75
6F240,IndiGo,DEL,HYD,2026-04-18 15:31:41.704,2026-04-18 19:56:41.704,04:25:00,0 days 04:25:00,265.0,False,265.0,0.0,False,Valid,4.416666666666667,4.416666666666667,265.0,4.416666666666667
UK057,Vistara,CCU,DEL,2026-04-18 15:25:41.701,2026-04-18 20:04:41.701,04:39:00,0 days 04:39:00,279.0,False,279.0,0.0,False,Valid,4.65,4.65,279.0,4.65
AI201,Air India,BLR,CCU,2026-04-18 15:19:41.703,2026-04-18 16:40:41.703,01:21:00,0 days 01:21:00,81.0,False,81.0,0.0,False,Valid,1.35,1.35,81.0,1.35
SJ242,SpiceJet,BLR,HYD,2026-04-18 14:55:41.704,2026-04-18 17:42:41.704,02:47:00,0 days 02:47:00,167.0,False,167.0,0.0,False,Valid,2.783333333333333,2.783333333333333,167.0,2.783333333333333
6F037,IndiGo,BOM,MAA,2026-04-18 14:51:41.701,2026-04-18 17:23:41.701,02:32:00,0 days 02:32:00,152.0,False,152.0,0.0,False,Valid,2.533333333333333,2.533333333333333,152.0,2.533333333333333
SJ132,SpiceJet,MAA,DEL,2026-04-18 14:44:41.702,2026-04-18 15:36:41.702,00:52:00,0 days 00:52:00,52.0,False,52.0,0.0,False,Valid,0.8666666666666667,0.8666666666666667,52.0,0.8666666666666667
AI055,Air India,CCU,BOM,2026-04-18 14:39:41.701,2026-04-18 16:18:41.701,01:39:00,0 days 01:39:00,99.0,False,99.0,0.0,False,Valid,1.65,1.65,99.0,1.65
6F252,IndiGo,MAA,BLR,2026-04-18 14:25:41.701,2026-04-18 18:52:41.701,04:27:00,0 days 04:27:00,267.0,False,267.0,0.0,False,Valid,4.45,4.45,267.0,4.45
AI183,Air India,DEL,CCU,2026-04-18 14:24:41.703,2026-04-18 16:06:41.703,01:42:00,0 days 01:42:00,102.0,False,102.0,0.0,False,Valid,1.7,1.7,102.0,1.7
SJ125,SpiceJet,DEL,BLR,2026-04-18 14:21:41.702,2026-04-18 16:55:41.702,02:34:00,0 days 02:34:00,154.0,False,154.0,0.0,False,Valid,2.566666666666667,2.566666666666667,154.0,2.566666666666667
SJ087,SpiceJet,BOM,DEL,2026-04-18 14:20:41.702,2026-04-18 19:09:41.702,04:49:00,0 days 04:49:00,289.0,False,289.0,0.0,False,Valid,4.816666666666666,4.816666666666666,289.0,4.816666666666666
UK182,Vistara,HYD,CCU,2026-04-18 14:19:41.703,2026-04-18 18:25:41.703,04:06:00,0 days 04:06:00,246.0,False,246.0,0.0,False,Valid,4.1,4.1,246.0,4.1
AI016,Air India,BOM,CCU,2026-04-18 14:15:41.701,2026-04-18 18:38:41.701,04:23:00,0 days 04:23:00,263.0,False,263.0,0.0,False,Valid,4.383333333333334,4.383333333333334,263.0,4.383333333333334
6F107,IndiGo,CCU,BLR,2026-04-18 14:14:41.702,2026-04-18 17:14:42.000,03:00:00.298000,0 days 03:00:00.298000,180.0049666666667,False,180.0,0.004966666666689434,False,Valid,3.000082777777778,3.0,180.0049666666667,3.000082777777778
AI026,Air India,DEL,BOM,2026-04-18 14:14:41.701,2026-04-18 15:13:41.701,00:59:00,0 days 00:59:00,59.0,False,59.0,0.0,False,Valid,0.9833333333333333,0.9833333333333333,59.0,0.9833333333333333
AI177,Air India,CCU,HYD,2026-04-18 14:11:41.703,2026-04-18 16:26:41.703,02:15:00,0 days 02:15:00,135.0,False,135.0,0.0,False,Valid,2.25,2.25,135.0,2.25
AI041,Air India,BOM,BLR,2026-04-18 14:08:41.701,2026-04-18 15:59:41.701,01:51:00,0 days 01:51:00,111.0,False,111.0,0.0,False,Valid,1.85,1.85,111.0,1.85
6F264,IndiGo,DEL,HYD,2026-04-18 14:03:41.701,2026-04-18 18:23:41.701,04:20:00,0 days 04:20:00,260.0,False,260.0,0.0,False,Valid,4.333333333333333,4.333333333333333,260.0,4.333333333333333
6F222,IndiGo,HYD,MAA,2026-04-18 14:01:41.704,2026-04-18 16:11:41.704,02:10:00,0 days 02:10:00,130.0,False,130.0,0.0,False,Valid,2.1666666666666665,2.1666666666666665,130.0,2.1666666666666665
AI004,Air India,HYD,MAA,2026-04-18 13:58:41.701,2026-04-18 18:12:41.701,04:14:00,0 days 04:14:00,254.0,False,254.0,0.0,False,Valid,4.233333333333333,4.233333333333333,254.0,4.233333333333333
SJ126,SpiceJet,DEL,BLR,2026-04-18 13:47:41.702,2026-04-18 16:31:41.702,02:44:00,0 days 02:44:00,164.0,False,164.0,0.0,False,Valid,2.7333333333333334,2.7333333333333334,164.0,2.7333333333333334
SJ220,SpiceJet,BOM,CCU,2026-04-18 13:45:41.703,2026-04-18 15:21:41.703,01:36:00,0 days 01:36:00,96.0,False,96.0,0.0,False,Valid,1.6,1.6,96.0,1.6
AI204,Air India,CCU,MAA,2026-04-18 13:40:41.703,2026-04-18 18:38:41.703,04:58:00,0 days 04:58:00,298.0,False,298.0,0.0,False,Valid,4.966666666666667,4.966666666666667,298.0,4.966666666666667
UK098,Vistara,CCU,DEL,2026-04-18 13:38:41.702,2026-04-18 17:54:41.702,04:16:00,0 days 04:16:00,256.0,False,256.0,0.0,False,Valid,4.266666666666667,4.266666666666667,256.0,4.266666666666667
AI090,Air India,MAA,CCU,2026-04-18 13:37:41.702,2026-04-18 16:11:41.702,02:34:00,0 days 02:34:00,154.0,False,154.0,0.0,False,Valid,2.566666666666667,2.566666666666667,154.0,2.566666666666667
AI092,Air India,CCU,BOM,2026-04-18 13:36:41.702,2026-04-18 16:20:41.702,02:44:00,0 days 02:44:00,164.0,False,164.0,0.0,False,Valid,2.7333333333333334,2.7333333333333334,164.0,2.7333333333333334
AI049,Air India,CCU,MAA,2026-04-18 13:35:41.701,2026-04-18 15:48:41.701,02:13:00,0 days 02:13:00,133.0,False,133.0,0.0,False,Valid,2.216666666666667,2.216666666666667,133.0,2.216666666666667
UK117,Vistara,BLR,BOM,2026-04-18 13:17:41.702,2026-04-18 16:54:41.702,03:37:00,0 days 03:37:00,217.0,False,217.0,0.0,False,Valid,3.6166666666666667,3.6166666666666667,217.0,3.6166666666666667
6F227,IndiGo,MAA,BOM,2026-04-18 13:16:41.704,2026-04-18 17:41:41.704,04:25:00,0 days 04:25:00,265.0,False,265.0,0.0,False,Valid,4.416666666666667,4.416666666666667,265.0,4.416666666666667
AI228,Air India,BLR,BOM,2026-04-18 13:16:41.703,2026-04-18 17:44:41.703,04:28:00,0 days 04:28:00,268.0,False,268.0,0.0,False,Valid,4.466666666666667,4.466666666666667,268.0,4.466666666666667
SJ164,SpiceJet,CCU,MAA,2026-04-18 13:14:41.703,2026-04-18 15:14:42.000,02:00:00.297000,0 days 02:00:00.297000,120.00495,False,120.0,0.004949999999993793,False,Valid,2.0000825,2.0,120.00495,2.0000825
AI018,Air India,BOM,CCU,2026-04-18 13:12:41.701,2026-04-18 18:04:41.701,04:52:00,0 days 04:52:00,292.0,False,292.0,0.0,False,Valid,4.866666666666666,4.866666666666666,292.0,4.866666666666666
UK192,Vistara,HYD,DEL,2026-04-18 12:54:41.703,2026-04-18 13:54:42.000,01:00:00.297000,0 days 01:00:00.297000,60.00495,False,60.0,0.004950000000000898,False,Valid,1.0000825,1.0,60.00495,1.0000825
SJ224,SpiceJet,DEL,MAA,2026-04-18 12:41:41.703,2026-04-18 15:33:41.703,02:52:00,0 days 02:52:00,172.0,False,172.0,0.0,False,Valid,2.8666666666666667,2.8666666666666667,172.0,2.8666666666666667
UK050,Vistara,BOM,DEL,2026-04-18 12:39:41.701,2026-04-18 13:18:41.701,00:39:00,0 days 00:39:00,39.0,False,39.0,0.0,False,Valid,0.65,0.65,39.0,0.65
SJ159,SpiceJet,CCU,DEL,2026-04-18 12:22:41.703,2026-04-18 14:05:41.703,01:43:00,0 days 01:43:00,103.0,False,103.0,0.0,False,Valid,1.7166666666666666,1.7166666666666666,103.0,1.7166666666666666
UK038,Vistara,MAA,CCU,2026-04-18 12:22:41.701,2026-04-18 15:31:41.701,03:09:00,0 days 03:09:00,189.0,False,189.0,0.0,False,Valid,3.15,3.15,189.0,3.15
6F192,IndiGo,CCU,BLR,2026-04-18 12:20:41.703,2026-04-18 16:45:41.703,04:25:00,0 days 04:25:00,265.0,False,265.0,0.0,False,Valid,4.416666666666667,4.416666666666667,265.0,4.416666666666667
6F173,IndiGo,BOM,CCU,2026-04-18 12:19:41.703,2026-04-18 13:08:41.703,00:49:00,0 days 00:49:00,49.0,False,49.0,0.0,False,Valid,0.8166666666666667,0.8166666666666667,49.0,0.8166666666666667
AI185,Air India,CCU,BOM,2026-04-18 12:16:41.703,2026-04-18 16:18:41.703,04:02:00,0 days 04:02:00,242.0,False,242.0,0.0,False,Valid,4.033333333333333,4.033333333333333,242.0,4.033333333333333
SJ152,SpiceJet,BOM,DEL,2026-04-18 12:09:41.702,2026-04-18 13:50:41.702,01:41:00,0 days 01:41:00,101.0,False,101.0,0.0,False,Valid,1.6833333333333333,1.6833333333333333,101.0,1.6833333333333333
AI215,Air India,BLR,DEL,2026-04-18 12:07:41.703,2026-04-18 13:43:41.703,01:36:00,0 days 01:36:00,96.0,False,96.0,0.0,False,Valid,1.6,1.6,96.0,1.6
AI074,Air India,CCU,BOM,2026-04-18 12:03:41.702,2026-04-18 12:50:41.702,00:47:00,0 days 00:47:00,47.0,False,47.0,0.0,False,Valid,0.7833333333333333,0.7833333333333333,47.0,0.7833333333333333
6F109,IndiGo,BLR,BOM,2026-04-18 12:00:41.702,2026-04-18 12:51:41.702,00:51:00,0 days 00:51:00,51.0,False,51.0,0.0,False,Valid,0.85,0.85,51.0,0.85
6F144,IndiGo,HYD,BOM,2026-04-18 11:56:41.702,2026-04-18 15:11:41.702,03:15:00,0 days 03:15:00,195.0,False,195.0,0.0,False,Valid,3.25,3.25,195.0,3.25
6F210,IndiGo,HYD,DEL,2026-04-18 11:51:41.703,2026-04-18 15:58:41.703,04:07:00,0 days 04:07:00,247.0,False,247.0,0.0,False,Valid,4.116666666666666,4.116666666666666,247.0,4.116666666666666
SJ111,SpiceJet,DEL,MAA,2026-04-18 11:47:41.702,2026-04-18 12:59:41.702,01:12:00,0 days 01:12:00,72.0,False,72.0,0.0,False,Valid,1.2,1.2,72.0,1.2
UK092,Vistara,MAA,BLR,2026-04-18 11:42:41.702,2026-04-18 13:17:41.702,01:35:00,0 days 01:35:00,95.0,False,95.0,0.0,False,Valid,1.5833333333333333,1.5833333333333333,95.0,1.5833333333333333
UK009,Vistara,BOM,DEL,2026-04-18 11:34:41.701,2026-04-18 13:41:41.701,02:07:00,0 days 02:07:00,127.0,False,127.0,0.0,False,Valid,2.1166666666666667,2.1166666666666667,127.0,2.1166666666666667
AI170,Air India,HYD,DEL,2026-04-18 11:27:41.703,2026-04-18 15:50:41.703,04:23:00,0 days 04:23:00,263.0,False,263.0,0.0,False,Valid,4.383333333333334,4.383333333333334,263.0,4.383333333333334
6F154,IndiGo,CCU,DEL,2026-04-18 11:26:41.703,2026-04-18 12:23:41.703,00:57:00,0 days 00:57:00,57.0,False,57.0,0.0,False,Valid,0.95,0.95,57.0,0.95
6F161,IndiGo,MAA,DEL,2026-04-18 11:24:41.703,2026-04-18 12:21:41.703,00:57:00,0 days 00:57:00,57.0,False,57.0,0.0,False,Valid,0.95,0.95,57.0,0.95
UK128,Vistara,BOM,CCU,2026-04-18 11:22:41.702,2026-04-18 14:11:41.702,02:49:00,0 days 02:49:00,169.0,False,169.0,0.0,False,Valid,2.816666666666667,2.816666666666667,169.0,2.816666666666667
AI186,Air India,DEL,BOM,2026-04-18 11:11:41.703,2026-04-18 13:05:41.703,01:54:00,0 days 01:54:00,114.0,False,114.0,0.0,False,Valid,1.9,1.9,114.0,1.9
AI099,Air India,BLR,BOM,2026-04-18 11:07:41.702,2026-04-18 13:29:41.702,02:22:00,0 days 02:22:00,142.0,False,142.0,0.0,False,Valid,2.3666666666666667,2.3666666666666667,142.0,2.3666666666666667
6F203,IndiGo,BLR,HYD,2026-04-18 11:05:41.703,2026-04-18 12:56:41.703,01:51:00,0 days 01:51:00,111.0,False,111.0,0.0,False,Valid,1.85,1.85,111.0,1.85
UK139,Vistara,BLR,MAA,2026-04-18 10:54:41.703,2026-04-18 14:31:41.703,03:37:00,0 days 03:37:00,217.0,False,217.0,0.0,False,Valid,3.6166666666666667,3.6166666666666667,217.0,3.6166666666666667
SJ008,SpiceJet,HYD,BLR,2026-04-18 10:53:41.701,2026-04-18 15:48:41.701,04:55:00,0 days 04:55:00,295.0,False,295.0,0.0,False,Valid,4.916666666666667,4.916666666666667,295.0,4.916666666666667
AI171,Air India,MAA,BLR,2026-04-18 10:51:41.703,2026-04-18 13:34:41.703,02:43:00,0 days 02:43:00,163.0,False,163.0,0.0,False,Valid,2.716666666666667,2.716666666666667,163.0,2.716666666666667
6F124,IndiGo,BLR,BOM,2026-04-18 10:47:41.702,2026-04-18 15:21:41.702,04:34:00,0 days 04:34:00,274.0,False,274.0,0.0,False,Valid,4.566666666666666,4.566666666666666,274.0,4.566666666666666
6F137,IndiGo,CCU,DEL,2026-04-18 10:45:41.702,2026-04-18 15:01:41.702,04:16:00,0 days 04:16:00,256.0,False,256.0,0.0,False,Valid,4.266666666666667,4.266666666666667,256.0,4.266666666666667
AI008,Air India,BOM,CCU,2026-04-18 10:43:41.701,2026-04-18 12:43:42.000,02:00:00.299000,0 days 02:00:00.299000,120.00498333333333,False,120.0,0.004983333333328233,False,Valid,2.0000830555555553,2.0,120.00498333333333,2.0000830555555553
SJ140,SpiceJet,HYD,DEL,2026-04-18 10:42:41.702,2026-04-18 14:30:41.702,03:48:00,0 days 03:48:00,228.0,False,228.0,0.0,False,Valid,3.8,3.8,228.0,3.8
UK016,Vistara,DEL,CCU,2026-04-18 10:42:41.701,2026-04-18 11:22:41.701,00:40:00,0 days 00:40:00,40.0,False,40.0,0.0,False,Valid,0.6666666666666666,0.6666666666666666,40.0,0.6666666666666666
AI127,Air India,DEL,HYD,2026-04-18 10:37:41.702,2026-04-18 13:45:41.702,03:08:00,0 days 03:08:00,188.0,False,188.0,0.0,False,Valid,3.1333333333333333,3.1333333333333333,188.0,3.1333333333333333
SJ096,SpiceJet,DEL,HYD,2026-04-18 10:29:41.702,2026-04-18 13:45:41.702,03:16:00,0 days 03:16:00,196.0,False,196.0,0.0,False,Valid,3.2666666666666666,3.2666666666666666,196.0,3.2666666666666666
6F048,IndiGo,HYD,DEL,2026-04-18 10:27:41.701,2026-04-18 11:18:41.701,00:51:00,0 days 00:51:00,51.0,False,51.0,0.0,False,Valid,0.85,0.85,51.0,0.85
SJ090,SpiceJet,HYD,MAA,2026-04-18 10:24:41.702,2026-04-18 13:11:41.702,02:47:00,0 days 02:47:00,167.0,False,167.0,0.0,False,Valid,2.783333333333333,2.783333333333333,167.0,2.783333333333333
AI014,Air India,HYD,MAA,2026-04-18 10:24:41.701,2026-04-18 13:51:41.701,03:27:00,0 days 03:27:00,207.0,False,207.0,0.0,False,Valid,3.45,3.45,207.0,3.45
6F131,IndiGo,BLR,HYD,2026-04-18 10:22:41.702,2026-04-18 14:20:41.702,03:58:00,0 days 03:58:00,238.0,False,238.0,0.0,False,Valid,3.966666666666667,3.966666666666667,238.0,3.966666666666667
AI130,Air India,BOM,BLR,2026-04-18 10:18:41.702,2026-04-18 12:59:41.702,02:41:00,0 days 02:41:00,161.0,False,161.0,0.0,False,Valid,2.683333333333333,2.683333333333333,161.0,2.683333333333333
UK151,Vistara,BOM,CCU,2026-04-18 10:11:41.703,2026-04-18 13:30:41.703,03:19:00,0 days 03:19:00,199.0,False,199.0,0.0,False,Valid,3.316666666666667,3.316666666666667,199.0,3.316666666666667
6F165,IndiGo,BLR,BOM,2026-04-18 10:11:41.703,2026-04-18 11:09:41.703,00:58:00,0 days 00:58:00,58.0,False,58.0,0.0,False,Valid,0.9666666666666667,0.9666666666666667,58.0,0.9666666666666667
UK161,Vistara,BLR,BOM,2026-04-18 10:05:41.703,2026-04-18 12:48:41.703,02:43:00,0 days 02:43:00,163.0,False,163.0,0.0,False,Valid,2.716666666666667,2.716666666666667,163.0,2.716666666666667
AI107,Air India,HYD,CCU,2026-04-18 10:03:41.702,2026-04-18 10:49:41.702,00:46:00,0 days 00:46:00,46.0,False,46.0,0.0,False,Valid,0.7666666666666667,0.7666666666666667,46.0,0.7666666666666667
SJ104,SpiceJet,HYD,DEL,2026-04-18 10:00:41.702,2026-04-18 11:00:42.000,01:00:00.298000,0 days 01:00:00.298000,60.00496666666666,False,60.0,0.004966666666661013,False,Valid,1.0000827777777777,1.0,60.00496666666666,1.0000827777777777
AI042,Air India,CCU,DEL,2026-04-18 09:53:41.701,2026-04-18 10:57:41.701,01:04:00,0 days 01:04:00,64.0,False,64.0,0.0,False,Valid,1.0666666666666667,1.0666666666666667,64.0,1.0666666666666667
6F266,IndiGo,CCU,MAA,2026-04-18 09:49:41.703,2026-04-18 11:17:41.703,01:28:00,0 days 01:28:00,88.0,False,88.0,0.0,False,Valid,1.4666666666666666,1.4666666666666666,88.0,1.4666666666666666
6F138,IndiGo,HYD,BLR,2026-04-18 09:49:41.702,2026-04-18 12:53:41.702,03:04:00,0 days 03:04:00,184.0,False,184.0,0.0,False,Valid,3.066666666666667,3.066666666666667,184.0,3.066666666666667
SJ219,SpiceJet,BOM,DEL,2026-04-18 09:32:41.703,2026-04-18 14:09:41.703,04:37:00,0 days 04:37:00,277.0,False,277.0,0.0,False,Valid,4.616666666666666,4.616666666666666,277.0,4.616666666666666
UK197,Vistara,BLR,HYD,2026-04-18 09:22:41.703,2026-04-18 10:54:41.703,01:32:00,0 days 01:32:00,92.0,False,92.0,0.0,False,Valid,1.5333333333333334,1.5333333333333334,92.0,1.5333333333333334
6F119,IndiGo,DEL,BOM,2026-04-18 09:19:41.702,2026-04-18 11:33:41.702,02:14:00,0 days 02:14:00,134.0,False,134.0,0.0,False,Valid,2.2333333333333334,2.2333333333333334,134.0,2.2333333333333334
SJ058,SpiceJet,DEL,HYD,2026-04-18 08:58:41.701,2026-04-18 13:14:41.701,04:16:00,0 days 04:16:00,256.0,False,256.0,0.0,False,Valid,4.266666666666667,4.266666666666667,256.0,4.266666666666667
AI218,Air India,BOM,CCU,2026-04-18 08:55:41.703,2026-04-18 11:55:41.703,03:00:00,0 days 03:00:00,180.0,False,180.0,0.0,False,Valid,3.0,3.0,180.0,3.0
SJ060,SpiceJet,HYD,CCU,2026-04-18 08:51:41.701,2026-04-18 13:46:41.701,04:55:00,0 days 04:55:00,295.0,False,295.0,0.0,False,Valid,4.916666666666667,4.916666666666667,295.0,4.916666666666667
UK121,Vistara,BLR,BOM,2026-04-18 08:36:41.702,2026-04-18 12:36:41.702,04:00:00,0 days 04:00:00,240.0,False,240.0,0.0,False,Valid,4.0,4.0,240.0,4.0
6F208,IndiGo,CCU,BOM,2026-04-18 08:27:41.703,2026-04-18 11:34:41.703,03:07:00,0 days 03:07:00,187.0,False,187.0,0.0,False,Valid,3.1166666666666667,3.1166666666666667,187.0,3.1166666666666667
6F153,IndiGo,CCU,BLR,2026-04-18 08:23:41.703,2026-04-18 12:20:41.703,03:57:00,0 days 03:57:00,237.0,False,237.0,0.0,False,Valid,3.95,3.95,237.0,3.95
AI117,Air India,HYD,BLR,2026-04-18 08:18:41.702,2026-04-18 10:09:41.702,01:51:00,0 days 01:51:00,111.0,False,111.0,0.0,False,Valid,1.85,1.85,111.0,1.85
SJ113,SpiceJet,BLR,BOM,2026-04-18 08:10:41.702,2026-04-18 10:10:42.000,02:00:00.298000,0 days 02:00:00.298000,120.00496666666666,False,120.0,0.004966666666661013,False,Valid,2.0000827777777777,2.0,120.00496666666666,2.0000827777777777
AI191,Air India,BLR,MAA,2026-04-18 07:57:41.703,2026-04-18 11:58:41.703,04:01:00,0 days 04:01:00,241.0,False,241.0,0.0,False,Valid,4.016666666666667,4.016666666666667,241.0,4.016666666666667
6F267,IndiGo,DEL,MAA,2026-04-18 07:56:41.703,2026-04-18 11:49:41.703,03:53:00,0 days 03:53:00,233.0,False,233.0,0.0,False,Valid,3.8833333333333333,3.8833333333333333,233.0,3.8833333333333333
6F185,IndiGo,CCU,DEL,2026-04-18 07:49:41.703,2026-04-18 10:08:41.703,02:19:00,0 days 02:19:00,139.0,False,139.0,0.0,False,Valid,2.316666666666667,2.316666666666667,139.0,2.316666666666667
AI114,Air India,CCU,DEL,2026-04-18 07:48:41.702,2026-04-18 09:03:41.702,01:15:00,0 days 01:15:00,75.0,False,75.0,0.0,False,Valid,1.25,1.25,75.0,1.25
6F155,IndiGo,DEL,BLR,2026-04-18 07:47:41.703,2026-04-18 08:20:41.703,00:33:00,0 days 00:33:00,33.0,False,33.0,0.0,False,Valid,0.55,0.55,33.0,0.55
UK045,Vistara,MAA,HYD,2026-04-18 07:43:41.701,2026-04-18 09:28:41.701,01:45:00,0 days 01:45:00,105.0,False,105.0,0.0,False,Valid,1.75,1.75,105.0,1.75
AI111,Air India,MAA,CCU,2026-04-18 07:40:41.702,2026-04-18 10:39:41.702,02:59:00,0 days 02:59:00,179.0,False,179.0,0.0,False,Valid,2.9833333333333334,2.9833333333333334,179.0,2.9833333333333334
AI156,Air India,CCU,BOM,2026-04-18 07:39:41.703,2026-04-18 09:22:41.703,01:43:00,0 days 01:43:00,103.0,False,103.0,0.0,False,Valid,1.7166666666666666,1.7166666666666666,103.0,1.7166666666666666
SJ128,SpiceJet,CCU,BLR,2026-04-18 07:39:41.702,2026-04-18 10:42:41.702,03:03:00,0 days 03:03:00,183.0,False,183.0,0.0,False,Valid,3.05,3.05,183.0,3.05
AI104,Air India,MAA,HYD,2026-04-18 07:35:41.702,2026-04-18 09:20:41.702,01:45:00,0 days 01:45:00,105.0,False,105.0,0.0,False,Valid,1.75,1.75,105.0,1.75
6F225,IndiGo,HYD,CCU,2026-04-18 07:33:41.704,2026-04-18 12:12:41.704,04:39:00,0 days 04:39:00,279.0,False,279.0,0.0,False,Valid,4.65,4.65,279.0,4.65
6F033,IndiGo,DEL,HYD,2026-04-18 07:08:41.701,2026-04-18 09:08:41.701,02:00:00,0 days 02:00:00,120.0,False,120.0,0.0,False,Valid,2.0,2.0,120.0,2.0
6F244,IndiGo,MAA,CCU,2026-04-18 07:07:41.704,2026-04-18 08:31:41.704,01:24:00,0 days 01:24:00,84.0,False,84.0,0.0,False,Valid,1.4,1.4,84.0,1.4
UK137,Vistara,BOM,MAA,2026-04-18 07:04:41.703,2026-04-18 09:14:41.703,02:10:00,0 days 02:10:00,130.0,False,130.0,0.0,False,Valid,2.1666666666666665,2.1666666666666665,130.0,2.1666666666666665
AI063,Air India,HYD,BLR,2026-04-18 07:03:41.701,2026-04-18 11:26:41.701,04:23:00,0 days 04:23:00,263.0,False,263.0,0.0,False,Valid,4.383333333333334,4.383333333333334,263.0,4.383333333333334
SJ156,SpiceJet,BOM,DEL,2026-04-18 06:59:41.703,2026-04-18 07:34:41.703,00:35:00,0 days 00:35:00,35.0,False,35.0,0.0,False,Valid,0.5833333333333334,0.5833333333333334,35.0,0.5833333333333334
UK125,Vistara,HYD,BOM,2026-04-18 06:58:41.702,2026-04-18 11:44:41.702,04:46:00,0 days 04:46:00,286.0,False,286.0,0.0,False,Valid,4.766666666666667,4.766666666666667,286.0,4.766666666666667
AI232,Air India,DEL,BLR,2026-04-18 06:43:41.704,2026-04-18 10:13:41.704,03:30:00,0 days 03:30:00,210.0,False,210.0,0.0,False,Valid,3.5,3.5,210.0,3.5
AI167,Air India,BLR,DEL,2026-04-18 06:43:41.703,2026-04-18 11:10:41.703,04:27:00,0 days 04:27:00,267.0,False,267.0,0.0,False,Valid,4.45,4.45,267.0,4.45
UK160,Vistara,BLR,BOM,2026-04-18 06:42:41.703,2026-04-18 10:58:41.703,04:16:00,0 days 04:16:00,256.0,False,256.0,0.0,False,Valid,4.266666666666667,4.266666666666667,256.0,4.266666666666667
UK129,Vistara,HYD,MAA,2026-04-18 06:29:41.702,2026-04-18 07:29:42.000,01:00:00.298000,0 days 01:00:00.298000,60.00496666666666,False,60.0,0.004966666666661013,False,Valid,1.0000827777777777,1.0,60.00496666666666,1.0000827777777777
SJ230,SpiceJet,BOM,CCU,2026-04-18 06:22:41.704,2026-04-18 10:57:41.704,04:35:00,0 days 04:35:00,275.0,False,275.0,0.0,False,Valid,4.583333333333333,4.583333333333333,275.0,4.583333333333333
SJ056,SpiceJet,HYD,DEL,2026-04-18 06:11:41.701,2026-04-18 07:10:41.701,00:59:00,0 days 00:59:00,59.0,False,59.0,0.0,False,Valid,0.9833333333333333,0.9833333333333333,59.0,0.9833333333333333
SJ137,SpiceJet,CCU,DEL,2026-04-18 06:08:41.702,2026-04-18 10:14:41.702,04:06:00,0 days 04:06:00,246.0,False,246.0,0.0,False,Valid,4.1,4.1,246.0,4.1
6F081,IndiGo,MAA,BLR,2026-04-18 06:04:41.702,2026-04-18 07:43:41.702,01:39:00,0 days 01:39:00,99.0,False,99.0,0.0,False,Valid,1.65,1.65,99.0,1.65
6F088,IndiGo,CCU,BLR,2026-04-18 05:51:41.702,2026-04-18 08:22:41.702,02:31:00,0 days 02:31:00,151.0,False,151.0,0.0,False,Valid,2.5166666666666666,2.5166666666666666,151.0,2.5166666666666666
6F121,IndiGo,HYD,MAA,2026-04-18 05:44:41.702,2026-04-18 10:42:41.702,04:58:00,0 days 04:58:00,298.0,False,298.0,0.0,False,Valid,4.966666666666667,4.966666666666667,298.0,4.966666666666667
UK214,Vistara,HYD,DEL,2026-04-18 05:30:41.704,2026-04-18 09:10:41.704,03:40:00,0 days 03:40:00,220.0,False,220.0,0.0,False,Valid,3.6666666666666665,3.6666666666666665,220.0,3.6666666666666665
6F060,IndiGo,DEL,BLR,2026-04-18 05:29:41.701,2026-04-18 07:29:42.000,02:00:00.299000,0 days 02:00:00.299000,120.00498333333333,False,120.0,0.004983333333328233,False,Valid,2.0000830555555553,2.0,120.00498333333333,2.0000830555555553
SJ101,SpiceJet,CCU,DEL,2026-04-18 05:17:41.702,2026-04-18 06:57:41.702,01:40:00,0 days 01:40:00,100.0,False,100.0,0.0,False,Valid,1.6666666666666667,1.6666666666666667,100.0,1.6666666666666667
AI017,Air India,CCU,BOM,2026-04-18 05:15:41.701,2026-04-18 08:48:41.701,03:33:00,0 days 03:33:00,213.0,False,213.0,0.0,False,Valid,3.55,3.55,213.0,3.55
6F120,IndiGo,BLR,BOM,2026-04-18 05:14:41.702,2026-04-18 06:14:41.702,01:00:00,0 days 01:00:00,60.0,False,60.0,0.0,False,Valid,1.0,1.0,60.0,1.0
6F217,IndiGo,BLR,BOM,2026-04-18 05:13:41.704,2026-04-18 08:01:41.704,02:48:00,0 days 02:48:00,168.0,False,168.0,0.0,False,Valid,2.8,2.8,168.0,2.8
AI194,Air India,MAA,BLR,2026-04-18 05:09:41.703,2026-04-18 09:38:41.703,04:29:00,0 days 04:29:00,269.0,False,269.0,0.0,False,Valid,4.483333333333333,4.483333333333333,269.0,4.483333333333333
AI095,Air India,DEL,MAA,2026-04-18 05:00:41.702,2026-04-18 08:18:41.702,03:18:00,0 days 03:18:00,198.0,False,198.0,0.0,False,Valid,3.3,3.3,198.0,3.3
SJ190,SpiceJet,BOM,CCU,2026-04-18 04:57:41.703,2026-04-18 09:25:41.703,04:28:00,0 days 04:28:00,268.0,False,268.0,0.0,False,Valid,4.466666666666667,4.466666666666667,268.0,4.466666666666667
6F139,IndiGo,HYD,MAA,2026-04-18 04:55:41.702,2026-04-18 08:17:41.702,03:22:00,0 days 03:22:00,202.0,False,202.0,0.0,False,Valid,3.3666666666666667,3.3666666666666667,202.0,3.3666666666666667
6F062,IndiGo,CCU,DEL,2026-04-18 04:55:41.701,2026-04-18 06:22:41.701,01:27:00,0 days 01:27:00,87.0,False,87.0,0.0,False,Valid,1.45,1.45,87.0,1.45
UK011,Vistara,CCU,DEL,2026-04-18 04:41:41.701,2026-04-18 06:25:41.701,01:44:00,0 days 01:44:00,104.0,False,104.0,0.0,False,Valid,1.7333333333333334,1.7333333333333334,104.0,1.7333333333333334
6F100,IndiGo,BOM,BLR,2026-04-18 04:40:41.702,2026-04-18 07:49:41.702,03:09:00,0 days 03:09:00,189.0,False,189.0,0.0,False,Valid,3.15,3.15,189.0,3.15
6F228,IndiGo,HYD,MAA,2026-04-18 04:36:41.704,2026-04-18 09:27:41.704,04:51:00,0 days 04:51:00,291.0,False,291.0,0.0,False,Valid,4.85,4.85,291.0,4.85
UK033,Vistara,HYD,DEL,2026-04-18 04:34:41.701,2026-04-18 09:18:41.701,04:44:00,0 days 04:44:00,284.0,False,284.0,0.0,False,Valid,4.733333333333333,4.733333333333333,284.0,4.733333333333333
SJ231,SpiceJet,DEL,BLR,2026-04-18 04:23:41.704,2026-04-18 05:48:41.704,01:25:00,0 days 01:25:00,85.0,False,85.0,0.0,False,Valid,1.4166666666666667,1.4166666666666667,85.0,1.4166666666666667
AI166,Air India,BOM,CCU,2026-04-18 04:20:41.703,2026-04-18 07:23:41.703,03:03:00,0 days 03:03:00,183.0,False,183.0,0.0,False,Valid,3.05,3.05,183.0,3.05
SJ176,SpiceJet,DEL,BOM,2026-04-18 04:15:41.703,2026-04-18 06:17:41.703,02:02:00,0 days 02:02:00,122.0,False,122.0,0.0,False,Valid,2.033333333333333,2.033333333333333,122.0,2.033333333333333
SJ065,SpiceJet,MAA,BLR,2026-04-18 04:10:41.701,2026-04-18 06:54:41.701,02:44:00,0 days 02:44:00,164.0,False,164.0,0.0,False,Valid,2.7333333333333334,2.7333333333333334,164.0,2.7333333333333334
6F160,IndiGo,MAA,BLR,2026-04-18 04:09:41.703,2026-04-18 08:26:41.703,04:17:00,0 days 04:17:00,257.0,False,257.0,0.0,False,Valid,4.283333333333333,4.283333333333333,257.0,4.283333333333333
AI089,Air India,CCU,BOM,2026-04-18 04:05:41.702,2026-04-18 04:47:41.702,00:42:00,0 days 00:42:00,42.0,False,42.0,0.0,False,Valid,0.7,0.7,42.0,0.7
UK226,Vistara,MAA,HYD,2026-04-18 03:58:41.704,2026-04-18 05:01:41.704,01:03:00,0 days 01:03:00,63.0,False,63.0,0.0,False,Valid,1.05,1.05,63.0,1.05
SJ123,SpiceJet,BOM,CCU,2026-04-18 03:57:41.702,2026-04-18 05:25:41.702,01:28:00,0 days 01:28:00,88.0,False,88.0,0.0,False,Valid,1.4666666666666666,1.4666666666666666,88.0,1.4666666666666666
AI054,Air India,HYD,CCU,2026-04-18 03:44:41.701,2026-04-18 08:10:41.701,04:26:00,0 days 04:26:00,266.0,False,266.0,0.0,False,Valid,4.433333333333334,4.433333333333334,266.0,4.433333333333334
UK019,Vistara,BOM,HYD,2026-04-18 03:41:41.701,2026-04-18 04:35:41.701,00:54:00,0 days 00:54:00,54.0,False,54.0,0.0,False,Valid,0.9,0.9,54.0,0.9
UK032,Vistara,BLR,BOM,2026-04-18 03:31:41.701,2026-04-18 07:28:41.701,03:57:00,0 days 03:57:00,237.0,False,237.0,0.0,False,Valid,3.95,3.95,237.0,3.95
SJ100,SpiceJet,MAA,BLR,2026-04-18 03:28:41.702,2026-04-18 06:50:41.702,03:22:00,0 days 03:22:00,202.0,False,202.0,0.0,False,Valid,3.3666666666666667,3.3666666666666667,202.0,3.3666666666666667
SJ094,SpiceJet,MAA,HYD,2026-04-18 03:23:41.702,2026-04-18 08:07:41.702,04:44:00,0 days 04:44:00,284.0,False,284.0,0.0,False,Valid,4.733333333333333,4.733333333333333,284.0,4.733333333333333
6F101,IndiGo,BOM,MAA,2026-04-18 03:18:41.702,2026-04-18 08:15:41.702,04:57:00,0 days 04:57:00,297.0,False,297.0,0.0,False,Valid,4.95,4.95,297.0,4.95
6F006,IndiGo,BOM,BLR,2026-04-18 03:06:41.701,2026-04-18 05:06:42.000,02:00:00.299000,0 days 02:00:00.299000,120.00498333333333,False,120.0,0.004983333333328233,False,Valid,2.0000830555555553,2.0,120.00498333333333,2.0000830555555553
AI006,Air India,BOM,BLR,2026-04-18 03:04:41.701,2026-04-18 05:54:41.701,02:50:00,0 days 02:50:00,170.0,False,170.0,0.0,False,Valid,2.8333333333333335,2.8333333333333335,170.0,2.8333333333333335
AI195,Air India,CCU,MAA,2026-04-18 02:58:41.703,2026-04-18 04:57:41.703,01:59:00,0 days 01:59:00,119.0,False,119.0,0.0,False,Valid,1.9833333333333334,1.9833333333333334,119.0,1.9833333333333334
UK072,Vistara,BOM,BLR,2026-04-18 02:55:41.702,2026-04-18 05:55:42.000,03:00:00.298000,0 days 03:00:00.298000,180.0049666666667,False,180.0,0.004966666666689434,False,Valid,3.000082777777778,3.0,180.0049666666667,3.000082777777778
AI244,Air India,BLR,BOM,2026-04-18 02:50:41.704,2026-04-18 03:25:41.704,00:35:00,0 days 00:35:00,35.0,False,35.0,0.0,False,Valid,0.5833333333333334,0.5833333333333334,35.0,0.5833333333333334
SJ059,SpiceJet,CCU,DEL,2026-04-18 02:50:41.701,2026-04-18 04:06:41.701,01:16:00,0 days 01:16:00,76.0,False,76.0,0.0,False,Valid,1.2666666666666666,1.2666666666666666,76.0,1.2666666666666666
SJ009,SpiceJet,CCU,BLR,2026-04-18 02:48:41.701,2026-04-18 04:23:41.701,01:35:00,0 days 01:35:00,95.0,False,95.0,0.0,False,Valid,1.5833333333333333,1.5833333333333333,95.0,1.5833333333333333
AI121,Air India,HYD,MAA,2026-04-18 02:42:41.702,2026-04-18 06:11:41.702,03:29:00,0 days 03:29:00,209.0,False,209.0,0.0,False,Valid,3.4833333333333334,3.4833333333333334,209.0,3.4833333333333334
6F265,IndiGo,DEL,HYD,2026-04-18 02:27:41.703,2026-04-18 03:24:41.703,00:57:00,0 days 00:57:00,57.0,False,57.0,0.0,False,Valid,0.95,0.95,57.0,0.95
6F110,IndiGo,HYD,DEL,2026-04-18 02:27:41.702,2026-04-18 05:48:41.702,03:21:00,0 days 03:21:00,201.0,False,201.0,0.0,False,Valid,3.35,3.35,201.0,3.35
UK018,Vistara,BOM,CCU,2026-04-18 02:15:41.701,2026-04-18 04:08:41.701,01:53:00,0 days 01:53:00,113.0,False,113.0,0.0,False,Valid,1.8833333333333333,1.8833333333333333,113.0,1.8833333333333333
6F072,IndiGo,BLR,CCU,2026-04-18 02:14:41.702,2026-04-18 03:11:41.702,00:57:00,0 days 00:57:00,57.0,False,57.0,0.0,False,Valid,0.95,0.95,57.0,0.95
6F159,IndiGo,CCU,BOM,2026-04-18 02:08:41.703,2026-04-18 02:43:41.703,00:35:00,0 days 00:35:00,35.0,False,35.0,0.0,False,Valid,0.5833333333333334,0.5833333333333334,35.0,0.5833333333333334
6F095,IndiGo,BLR,MAA,2026-04-18 01:53:41.702,2026-04-18 05:34:41.702,03:41:00,0 days 03:41:00,221.0,False,221.0,0.0,False,Valid,3.683333333333333,3.683333333333333,221.0,3.683333333333333
SJ129,SpiceJet,CCU,BOM,2026-04-18 01:48:41.702,2026-04-18 05:48:41.702,04:00:00,0 days 04:00:00,240.0,False,240.0,0.0,False,Valid,4.0,4.0,240.0,4.0
UK039,Vistara,HYD,BOM,2026-04-18 01:40:41.701,2026-04-18 02:53:41.701,01:13:00,0 days 01:13:00,73.0,False,73.0,0.0,False,Valid,1.2166666666666666,1.2166666666666666,73.0,1.2166666666666666
6F130,IndiGo,DEL,HYD,2026-04-18 01:27:41.702,2026-04-18 02:45:41.702,01:18:00,0 days 01:18:00,78.0,False,78.0,0.0,False,Valid,1.3,1.3,78.0,1.3
6F247,IndiGo,DEL,HYD,2026-04-18 01:27:41.702,2026-04-18 02:45:41.702,01:18:00,0 days 01:18:00,78.0,False,78.0,0.0,False,Valid,1.3,1.3,78.0,1.3
SJ233,SpiceJet,DEL,HYD,2026-04-18 01:18:41.704,2026-04-18 02:56:41.704,01:38:00,0 days 01:38:00,98.0,False,98.0,0.0,False,Valid,1.6333333333333333,1.6333333333333333,98.0,1.6333333333333333
6F231,IndiGo,HYD,MAA,2026-04-18 01:16:41.704,2026-04-18 05:43:41.704,04:27:00,0 days 04:27:00,267.0,False,267.0,0.0,False,Valid,4.45,4.45,267.0,4.45
AI125,Air India,CCU,DEL,2026-04-18 01:12:41.702,2026-04-18 04:51:41.702,03:39:00,0 days 03:39:00,219.0,False,219.0,0.0,False,Valid,3.65,3.65,219.0,3.65
6F102,IndiGo,HYD,MAA,2026-04-18 01:10:41.702,2026-04-18 02:24:41.702,01:14:00,0 days 01:14:00,74.0,False,74.0,0.0,False,Valid,1.2333333333333334,1.2333333333333334,74.0,1.2333333333333334
UK078,Vistara,BOM,HYD,2026-04-18 01:03:41.702,2026-04-18 04:32:41.702,03:29:00,0 days 03:29:00,209.0,False,209.0,0.0,False,Valid,3.4833333333333334,3.4833333333333334,209.0,3.4833333333333334
UK043,Vistara,DEL,HYD,2026-04-18 00:48:41.701,2026-04-18 04:52:41.701,04:04:00,0 days 04:04:00,244.0,False,244.0,0.0,False,Valid,4.066666666666666,4.066666666666666,244.0,4.066666666666666
AI144,Air India,MAA,BOM,2026-04-18 00:43:41.702,2026-04-18 03:36:41.702,02:53:00,0 days 02:53:00,173.0,False,173.0,0.0,False,Valid,2.8833333333333333,2.8833333333333333,173.0,2.8833333333333333
UK054,Vistara,BLR,BOM,2026-04-18 00:37:41.701,2026-04-18 05:30:41.701,04:53:00,0 days 04:53:00,293.0,False,293.0,0.0,False,Valid,4.883333333333334,4.883333333333334,293.0,4.883333333333334
UK108,Vistara,DEL,BLR,2026-04-18 00:28:41.702,2026-04-18 03:46:41.702,03:18:00,0 days 03:18:00,198.0,False,198.0,0.0,False,Valid,3.3,3.3,198.0,3.3
6F008,IndiGo,DEL,BOM,2026-04-18 00:14:41.701,2026-04-18 04:59:41.701,04:45:00,0 days 04:45:00,285.0,False,285.0,0.0,False,Valid,4.75,4.75,285.0,4.75
6F106,IndiGo,BOM,CCU,2026-04-18 00:10:41.702,2026-04-18 01:52:41.702,01:42:00,0 days 01:42:00,102.0,False,102.0,0.0,False,Valid,1.7,1.7,102.0,1.7
AI203,Air India,BOM,CCU,2026-04-18 00:09:41.703,2026-04-18 02:56:41.703,02:47:00,0 days 02:47:00,167.0,False,167.0,0.0,False,Valid,2.783333333333333,2.783333333333333,167.0,2.783333333333333
AI065,Air India,MAA,BLR,2026-04-18 00:09:41.701,2026-04-18 05:00:41.701,04:51:00,0 days 04:51:00,291.0,False,291.0,0.0,False,Valid,4.85,4.85,291.0,4.85
UK053,Vistara,BLR,BOM,2026-04-17 23:56:41.701,2026-04-18 02:46:41.701,02:50:00,0 days 02:50:00,170.0,True,170.0,0.0,False,Valid,2.8333333333333335,2.8333333333333335,170.0,2.8333333333333335
UK086,Vistara,CCU,BLR,2026-04-17 23:55:41.702,2026-04-18 02:27:41.702,02:32:00,0 days 02:32:00,152.0,True,152.0,0.0,False,Valid,2.533333333333333,2.533333333333333,152.0,2.533333333333333
SJ223,SpiceJet,HYD,MAA,2026-04-17 23:54:41.703,2026-04-18 01:08:41.703,01:14:00,0 days 01:14:00,74.0,True,74.0,0.0,False,Valid,1.2333333333333334,1.2333333333333334,74.0,1.2333333333333334
6F069,IndiGo,MAA,BLR,2026-04-17 23:44:41.701,2026-04-18 03:17:41.701,03:33:00,0 days 03:33:00,213.0,True,213.0,0.0,False,Valid,3.55,3.55,213.0,3.55
6F032,IndiGo,DEL,BOM,2026-04-17 23:43:41.701,2026-04-18 02:22:41.701,02:39:00,0 days 02:39:00,159.0,True,159.0,0.0,False,Valid,2.65,2.65,159.0,2.65
UK178,Vistara,DEL,BLR,2026-04-17 23:41:41.703,2026-04-18 04:09:41.703,04:28:00,0 days 04:28:00,268.0,True,268.0,0.0,False,Valid,4.466666666666667,4.466666666666667,268.0,4.466666666666667
6F108,IndiGo,DEL,HYD,2026-04-17 23:41:41.702,2026-04-18 03:23:41.702,03:42:00,0 days 03:42:00,222.0,True,222.0,0.0,False,Valid,3.7,3.7,222.0,3.7
UK147,Vistara,CCU,DEL,2026-04-17 23:35:41.703,2026-04-18 02:55:41.703,03:20:00,0 days 03:20:00,200.0,True,200.0,0.0,False,Valid,3.3333333333333335,3.3333333333333335,200.0,3.3333333333333335
AI187,Air India,BLR,HYD,2026-04-17 23:32:41.703,2026-04-18 01:16:41.703,01:44:00,0 days 01:44:00,104.0,True,104.0,0.0,False,Valid,1.7333333333333334,1.7333333333333334,104.0,1.7333333333333334
UK213,Vistara,BOM,CCU,2026-04-17 23:21:41.704,2026-04-18 01:01:41.704,01:40:00,0 days 01:40:00,100.0,True,100.0,0.0,False,Valid,1.6666666666666667,1.6666666666666667,100.0,1.6666666666666667
AI035,Air India,DEL,MAA,2026-04-17 23:17:41.701,2026-04-18 00:48:41.701,01:31:00,0 days 01:31:00,91.0,True,91.0,0.0,False,Valid,1.5166666666666666,1.5166666666666666,91.0,1.5166666666666666
UK186,Vistara,BOM,BLR,2026-04-17 23:05:41.703,2026-04-18 02:22:41.703,03:17:00,0 days 03:17:00,197.0,True,197.0,0.0,False,Valid,3.283333333333333,3.283333333333333,197.0,3.283333333333333
6F045,IndiGo,BOM,HYD,2026-04-17 23:04:41.701,2026-04-18 03:38:41.701,04:34:00,0 days 04:34:00,274.0,True,274.0,0.0,False,Valid,4.566666666666666,4.566666666666666,274.0,4.566666666666666
UK025,Vistara,DEL,BOM,2026-04-17 22:55:41.701,2026-04-18 02:47:41.701,03:52:00,0 days 03:52:00,232.0,True,232.0,0.0,False,Valid,3.8666666666666667,3.8666666666666667,232.0,3.8666666666666667
UK162,Vistara,BOM,CCU,2026-04-17 22:47:41.703,2026-04-18 00:21:41.703,01:34:00,0 days 01:34:00,94.0,True,94.0,0.0,False,Valid,1.5666666666666667,1.5666666666666667,94.0,1.5666666666666667
AI157,Air India,BLR,CCU,2026-04-17 22:45:41.703,2026-04-18 01:33:41.703,02:48:00,0 days 02:48:00,168.0,True,168.0,0.0,False,Valid,2.8,2.8,168.0,2.8
6F096,IndiGo,MAA,BLR,2026-04-17 22:45:41.702,2026-04-18 02:58:41.702,04:13:00,0 days 04:13:00,253.0,True,253.0,0.0,False,Valid,4.216666666666667,4.216666666666667,253.0,4.216666666666667
SJ229,SpiceJet,CCU,DEL,2026-04-17 22:25:41.704,2026-04-18 00:27:41.704,02:02:00,0 days 02:02:00,122.0,True,122.0,0.0,False,Valid,2.033333333333333,2.033333333333333,122.0,2.033333333333333
AI214,Air India,CCU,DEL,2026-04-17 22:23:41.703,2026-04-18 02:49:41.703,04:26:00,0 days 04:26:00,266.0,True,266.0,0.0,False,Valid,4.433333333333334,4.433333333333334,266.0,4.433333333333334
6F205,IndiGo,HYD,BOM,2026-04-17 22:16:41.703,2026-04-18 00:02:41.703,01:46:00,0 days 01:46:00,106.0,True,106.0,0.0,False,Valid,1.7666666666666666,1.7666666666666666,106.0,1.7666666666666666
SJ157,SpiceJet,DEL,HYD,2026-04-17 22:11:41.703,2026-04-18 01:05:41.703,02:54:00,0 days 02:54:00,174.0,True,174.0,0.0,False,Valid,2.9,2.9,174.0,2.9
UK114,Vistara,HYD,CCU,2026-04-17 22:10:41.702,2026-04-17 23:58:41.702,01:48:00,0 days 01:48:00,108.0,False,108.0,0.0,False,Valid,1.8,1.8,108.0,1.8
6F054,IndiGo,HYD,BLR,2026-04-17 22:00:41.701,2026-04-18 01:25:41.701,03:25:00,0 days 03:25:00,205.0,True,205.0,0.0,False,Valid,3.4166666666666665,3.4166666666666665,205.0,3.4166666666666665
6F216,IndiGo,BLR,DEL,2026-04-17 21:58:41.704,2026-04-18 02:51:41.704,04:53:00,0 days 04:53:00,293.0,True,293.0,0.0,False,Valid,4.883333333333334,4.883333333333334,293.0,4.883333333333334
AI231,Air India,DEL,HYD,2026-04-17 21:52:41.704,2026-04-17 23:51:41.704,01:59:00,0 days 01:59:00,119.0,False,119.0,0.0,False,Valid,1.9833333333333334,1.9833333333333334,119.0,1.9833333333333334
UK103,Vistara,MAA,DEL,2026-04-17 21:52:41.702,2026-04-18 01:06:41.702,03:14:00,0 days 03:14:00,194.0,True,194.0,0.0,False,Valid,3.2333333333333334,3.2333333333333334,194.0,3.2333333333333334
AI066,Air India,HYD,MAA,2026-04-17 21:51:41.701,2026-04-18 00:11:41.701,02:20:00,0 days 02:20:00,140.0,True,140.0,0.0,False,Valid,2.3333333333333335,2.3333333333333335,140.0,2.3333333333333335
6F186,IndiGo,HYD,BOM,2026-04-17 21:48:41.703,2026-04-18 02:02:41.703,04:14:00,0 days 04:14:00,254.0,True,254.0,0.0,False,Valid,4.233333333333333,4.233333333333333,254.0,4.233333333333333
AI021,Air India,DEL,HYD,2026-04-17 21:39:41.701,2026-04-18 01:38:41.701,03:59:00,0 days 03:59:00,239.0,True,239.0,0.0,False,Valid,3.9833333333333334,3.9833333333333334,239.0,3.9833333333333334
AI113,Air India,CCU,HYD,2026-04-17 21:21:41.702,2026-04-17 23:51:41.702,02:30:00,0 days 02:30:00,150.0,False,150.0,0.0,False,Valid,2.5,2.5,150.0,2.5
SJ031,SpiceJet,DEL,BOM,2026-04-17 21:20:41.701,2026-04-17 22:29:41.701,01:09:00,0 days 01:09:00,69.0,False,69.0,0.0,False,Valid,1.15,1.15,69.0,1.15
UK217,Vistara,MAA,CCU,2026-04-17 21:19:41.704,2026-04-17 22:14:41.704,00:55:00,0 days 00:55:00,55.0,False,55.0,0.0,False,Valid,0.9166666666666666,0.9166666666666666,55.0,0.9166666666666666
SJ120,SpiceJet,MAA,BLR,2026-04-17 21:19:41.702,2026-04-18 00:56:41.702,03:37:00,0 days 03:37:00,217.0,True,217.0,0.0,False,Valid,3.6166666666666667,3.6166666666666667,217.0,3.6166666666666667
UK180,Vistara,CCU,MAA,2026-04-17 21:18:41.703,2026-04-17 23:29:41.703,02:11:00,0 days 02:11:00,131.0,False,131.0,0.0,False,Valid,2.183333333333333,2.183333333333333,131.0,2.183333333333333
6F242,IndiGo,BLR,MAA,2026-04-17 21:10:41.704,2026-04-18 01:04:41.704,03:54:00,0 days 03:54:00,234.0,True,234.0,0.0,False,Valid,3.9,3.9,234.0,3.9
UK080,Vistara,BLR,MAA,2026-04-17 21:09:41.702,2026-04-17 22:29:41.702,01:20:00,0 days 01:20:00,80.0,False,80.0,0.0,False,Valid,1.3333333333333333,1.3333333333333333,80.0,1.3333333333333333
SJ124,SpiceJet,HYD,DEL,2026-04-17 21:05:41.702,2026-04-18 01:12:41.702,04:07:00,0 days 04:07:00,247.0,True,247.0,0.0,False,Valid,4.116666666666666,4.116666666666666,247.0,4.116666666666666
SJ115,SpiceJet,BOM,HYD,2026-04-17 21:05:41.702,2026-04-17 23:10:41.702,02:05:00,0 days 02:05:00,125.0,False,125.0,0.0,False,Valid,2.0833333333333335,2.0833333333333335,125.0,2.0833333333333335
AI081,Air India,CCU,BOM,2026-04-17 21:03:41.702,2026-04-17 22:51:41.702,01:48:00,0 days 01:48:00,108.0,False,108.0,0.0,False,Valid,1.8,1.8,108.0,1.8
AI142,Air India,BOM,DEL,2026-04-17 20:49:41.702,2026-04-17 23:03:41.702,02:14:00,0 days 02:14:00,134.0,False,134.0,0.0,False,Valid,2.2333333333333334,2.2333333333333334,134.0,2.2333333333333334
UK052,Vistara,BLR,CCU,2026-04-17 20:48:41.701,2026-04-17 21:40:41.701,00:52:00,0 days 00:52:00,52.0,False,52.0,0.0,False,Valid,0.8666666666666667,0.8666666666666667,52.0,0.8666666666666667
UK014,Vistara,HYD,MAA,2026-04-17 20:41:41.701,2026-04-17 22:06:41.701,01:25:00,0 days 01:25:00,85.0,False,85.0,0.0,False,Valid,1.4166666666666667,1.4166666666666667,85.0,1.4166666666666667
AI230,Air India,CCU,BLR,2026-04-17 20:37:41.704,2026-04-18 00:22:41.704,03:45:00,0 days 03:45:00,225.0,True,225.0,0.0,False,Valid,3.75,3.75,225.0,3.75
6F268,IndiGo,DEL,MAA,2026-04-17 20:29:41.701,2026-04-17 21:58:41.701,01:29:00,0 days 01:29:00,89.0,False,89.0,0.0,False,Valid,1.4833333333333334,1.4833333333333334,89.0,1.4833333333333334
AI124,Air India,CCU,HYD,2026-04-17 20:28:41.702,2026-04-18 00:00:41.702,03:32:00,0 days 03:32:00,212.0,True,212.0,0.0,False,Valid,3.533333333333333,3.533333333333333,212.0,3.533333333333333
6F082,IndiGo,BOM,BLR,2026-04-17 20:26:41.702,2026-04-17 22:26:41.702,02:00:00,0 days 02:00:00,120.0,False,120.0,0.0,False,Valid,2.0,2.0,120.0,2.0
SJ035,SpiceJet,CCU,DEL,2026-04-17 20:15:41.701,2026-04-17 21:15:42.000,01:00:00.299000,0 days 01:00:00.299000,60.004983333333335,False,60.0,0.004983333333335338,False,Valid,1.0000830555555555,1.0,60.004983333333335,1.0000830555555555
SJ095,SpiceJet,DEL,MAA,2026-04-17 20:09:41.702,2026-04-17 23:13:41.702,03:04:00,0 days 03:04:00,184.0,False,184.0,0.0,False,Valid,3.066666666666667,3.066666666666667,184.0,3.066666666666667
UK230,Vistara,BLR,BOM,2026-04-17 20:02:41.704,2026-04-17 21:35:41.704,01:33:00,0 days 01:33:00,93.0,False,93.0,0.0,False,Valid,1.55,1.55,93.0,1.55
UK171,Vistara,HYD,CCU,2026-04-17 19:59:41.703,2026-04-17 22:53:41.703,02:54:00,0 days 02:54:00,174.0,False,174.0,0.0,False,Valid,2.9,2.9,174.0,2.9
6F147,IndiGo,HYD,MAA,2026-04-17 19:57:41.703,2026-04-18 00:31:41.703,04:34:00,0 days 04:34:00,274.0,True,274.0,0.0,False,Valid,4.566666666666666,4.566666666666666,274.0,4.566666666666666
SJ212,SpiceJet,MAA,BLR,2026-04-17 19:49:41.703,2026-04-17 21:44:41.703,01:55:00,0 days 01:55:00,115.0,False,115.0,0.0,False,Valid,1.9166666666666667,1.9166666666666667,115.0,1.9166666666666667
6F080,IndiGo,HYD,MAA,2026-04-17 19:47:41.702,2026-04-17 23:13:41.702,03:26:00,0 days 03:26:00,206.0,False,206.0,0.0,False,Valid,3.433333333333333,3.433333333333333,206.0,3.433333333333333
UK049,Vistara,HYD,BOM,2026-04-17 19:47:41.701,2026-04-17 20:32:41.701,00:45:00,0 days 00:45:00,45.0,False,45.0,0.0,False,Valid,0.75,0.75,45.0,0.75
AI152,Air India,BLR,CCU,2026-04-17 19:21:41.703,2026-04-17 20:26:41.703,01:05:00,0 days 01:05:00,65.0,False,65.0,0.0,False,Valid,1.0833333333333333,1.0833333333333333,65.0,1.0833333333333333
AI162,Air India,MAA,DEL,2026-04-17 19:20:41.703,2026-04-17 22:40:41.703,03:20:00,0 days 03:20:00,200.0,False,200.0,0.0,False,Valid,3.3333333333333335,3.3333333333333335,200.0,3.3333333333333335
SJ037,SpiceJet,BLR,BOM,2026-04-17 19:14:41.701,2026-04-17 22:31:41.701,03:17:00,0 days 03:17:00,197.0,False,197.0,0.0,False,Valid,3.283333333333333,3.283333333333333,197.0,3.283333333333333
AI172,Air India,BOM,CCU,2026-04-17 19:08:41.703,2026-04-17 19:53:41.703,00:45:00,0 days 00:45:00,45.0,False,45.0,0.0,False,Valid,0.75,0.75,45.0,0.75
UK205,Vistara,HYD,MAA,2026-04-17 18:57:41.703,2026-04-17 21:46:41.703,02:49:00,0 days 02:49:00,169.0,False,169.0,0.0,False,Valid,2.816666666666667,2.816666666666667,169.0,2.816666666666667
AI199,Air India,HYD,DEL,2026-04-17 18:47:41.703,2026-04-17 22:26:41.703,03:39:00,0 days 03:39:00,219.0,False,219.0,0.0,False,Valid,3.65,3.65,219.0,3.65
6F241,IndiGo,DEL,HYD,2026-04-17 18:27:41.704,2026-04-17 19:02:41.704,00:35:00,0 days 00:35:00,35.0,False,35.0,0.0,False,Valid,0.5833333333333334,0.5833333333333334,35.0,0.5833333333333334
SJ041,SpiceJet,CCU,HYD,2026-04-17 18:24:41.701,2026-04-17 22:59:41.701,04:35:00,0 days 04:35:00,275.0,False,275.0,0.0,False,Valid,4.583333333333333,4.583333333333333,275.0,4.583333333333333
AI064,Air India,BLR,MAA,2026-04-17 18:24:41.701,2026-04-17 20:07:41.701,01:43:00,0 days 01:43:00,103.0,False,103.0,0.0,False,Valid,1.7166666666666666,1.7166666666666666,103.0,1.7166666666666666
UK169,Vistara,HYD,DEL,2026-04-17 18:12:41.703,2026-04-17 23:01:41.703,04:49:00,0 days 04:49:00,289.0,False,289.0,0.0,False,Valid,4.816666666666666,4.816666666666666,289.0,4.816666666666666
UK144,Vistara,BOM,CCU,2026-04-17 18:07:41.703,2026-04-17 20:59:41.703,02:52:00,0 days 02:52:00,172.0,False,172.0,0.0,False,Valid,2.8666666666666667,2.8666666666666667,172.0,2.8666666666666667
AI118,Air India,HYD,MAA,2026-04-17 17:50:41.702,2026-04-17 19:59:41.702,02:09:00,0 days 02:09:00,129.0,False,129.0,0.0,False,Valid,2.15,2.15,129.0,2.15
SJ145,SpiceJet,BLR,HYD,2026-04-17 17:41:41.702,2026-04-17 20:38:41.702,02:57:00,0 days 02:57:00,177.0,False,177.0,0.0,False,Valid,2.95,2.95,177.0,2.95
SJ077,SpiceJet,BLR,MAA,2026-04-17 17:32:41.701,2026-04-17 19:40:41.701,02:08:00,0 days 02:08:00,128.0,False,128.0,0.0,False,Valid,2.1333333333333333,2.1333333333333333,128.0,2.1333333333333333
AI126,Air India,MAA,HYD,2026-04-17 17:26:41.702,2026-04-17 20:48:41.702,03:22:00,0 days 03:22:00,202.0,False,202.0,0.0,False,Valid,3.3666666666666667,3.3666666666666667,202.0,3.3666666666666667
SJ033,SpiceJet,HYD,DEL,2026-04-17 17:26:41.701,2026-04-17 18:51:41.701,01:25:00,0 days 01:25:00,85.0,False,85.0,0.0,False,Valid,1.4166666666666667,1.4166666666666667,85.0,1.4166666666666667
SJ180,SpiceJet,HYD,CCU,2026-04-17 17:12:41.703,2026-04-17 22:00:41.703,04:48:00,0 days 04:48:00,288.0,False,288.0,0.0,False,Valid,4.8,4.8,288.0,4.8
6F183,IndiGo,MAA,HYD,2026-04-17 17:08:41.703,2026-04-17 19:52:41.703,02:44:00,0 days 02:44:00,164.0,False,164.0,0.0,False,Valid,2.7333333333333334,2.7333333333333334,164.0,2.7333333333333334
AI145,Air India,DEL,BOM,2026-04-17 17:06:41.702,2026-04-17 21:31:41.702,04:25:00,0 days 04:25:00,265.0,False,265.0,0.0,False,Valid,4.416666666666667,4.416666666666667,265.0,4.416666666666667
6F089,IndiGo,DEL,HYD,2026-04-17 17:06:41.702,2026-04-17 19:10:41.702,02:04:00,0 days 02:04:00,124.0,False,124.0,0.0,False,Valid,2.066666666666667,2.066666666666667,124.0,2.066666666666667
6F207,IndiGo,BOM,HYD,2026-04-17 16:59:41.703,2026-04-17 21:00:41.703,04:01:00,0 days 04:01:00,241.0,False,241.0,0.0,False,Valid,4.016666666666667,4.016666666666667,241.0,4.016666666666667
AI229,Air India,HYD,MAA,2026-04-17 16:48:41.703,2026-04-17 18:40:41.703,01:52:00,0 days 01:52:00,112.0,False,112.0,0.0,False,Valid,1.8666666666666667,1.8666666666666667,112.0,1.8666666666666667
6F223,IndiGo,MAA,BLR,2026-04-17 16:47:41.704,2026-04-17 17:21:41.704,00:34:00,0 days 00:34:00,34.0,False,34.0,0.0,False,Valid,0.5666666666666667,0.5666666666666667,34.0,0.5666666666666667
6F116,IndiGo,MAA,CCU,2026-04-17 16:43:41.702,2026-04-17 19:02:41.702,02:19:00,0 days 02:19:00,139.0,False,139.0,0.0,False,Valid,2.316666666666667,2.316666666666667,139.0,2.316666666666667
SJ240,SpiceJet,BOM,HYD,2026-04-17 16:42:41.704,2026-04-17 20:21:41.704,03:39:00,0 days 03:39:00,219.0,False,219.0,0.0,False,Valid,3.65,3.65,219.0,3.65
SJ184,SpiceJet,CCU,DEL,2026-04-17 16:32:41.703,2026-04-17 21:00:41.703,04:28:00,0 days 04:28:00,268.0,False,268.0,0.0,False,Valid,4.466666666666667,4.466666666666667,268.0,4.466666666666667
AI087,Air India,MAA,DEL,2026-04-17 16:32:41.702,2026-04-17 20:30:41.702,03:58:00,0 days 03:58:00,238.0,False,238.0,0.0,False,Valid,3.966666666666667,3.966666666666667,238.0,3.966666666666667
UK148,Vistara,HYD,BOM,2026-04-17 16:31:41.703,2026-04-17 18:43:41.703,02:12:00,0 days 02:12:00,132.0,False,132.0,0.0,False,Valid,2.2,2.2,132.0,2.2
AI210,Air India,BLR,BOM,2026-04-17 16:13:41.703,2026-04-17 18:50:41.703,02:37:00,0 days 02:37:00,157.0,False,157.0,0.0,False,Valid,2.6166666666666667,2.6166666666666667,157.0,2.6166666666666667
6F093,IndiGo,CCU,DEL,2026-04-17 16:09:41.702,2026-04-17 20:00:41.702,03:51:00,0 days 03:51:00,231.0,False,231.0,0.0,False,Valid,3.85,3.85,231.0,3.85
SJ080,SpiceJet,CCU,MAA,2026-04-17 16:04:41.702,2026-04-17 17:59:41.702,01:55:00,0 days 01:55:00,115.0,False,115.0,0.0,False,Valid,1.9166666666666667,1.9166666666666667,115.0,1.9166666666666667
SJ005,SpiceJet,DEL,MAA,2026-04-17 16:03:41.701,2026-04-17 17:24:41.701,01:21:00,0 days 01:21:00,81.0,False,81.0,0.0,False,Valid,1.35,1.35,81.0,1.35
6F040,IndiGo,HYD,CCU,2026-04-17 15:52:41.701,2026-04-17 20:33:41.701,04:41:00,0 days 04:41:00,281.0,False,281.0,0.0,False,Valid,4.683333333333334,4.683333333333334,281.0,4.683333333333334
AI212,Air India,DEL,CCU,2026-04-17 15:31:41.703,2026-04-17 20:13:41.703,04:42:00,0 days 04:42:00,282.0,False,282.0,0.0,False,Valid,4.7,4.7,282.0,4.7
AI154,Air India,HYD,MAA,2026-04-17 15:25:41.703,2026-04-17 19:16:41.703,03:51:00,0 days 03:51:00,231.0,False,231.0,0.0,False,Valid,3.85,3.85,231.0,3.85
6F239,IndiGo,CCU,BOM,2026-04-17 15:24:41.704,2026-04-17 17:37:41.704,02:13:00,0 days 02:13:00,133.0,False,133.0,0.0,False,Valid,2.216666666666667,2.216666666666667,133.0,2.216666666666667
UK199,Vistara,BOM,CCU,2026-04-17 15:24:41.703,2026-04-17 18:55:41.703,03:31:00,0 days 03:31:00,211.0,False,211.0,0.0,False,Valid,3.5166666666666666,3.5166666666666666,211.0,3.5166666666666666
6F218,IndiGo,BLR,BOM,2026-04-17 15:16:41.704,2026-04-17 19:03:41.704,03:47:00,0 days 03:47:00,227.0,False,227.0,0.0,False,Valid,3.783333333333333,3.783333333333333,227.0,3.783333333333333
6F011,IndiGo,MAA,BLR,2026-04-17 15:16:41.701,2026-04-17 17:16:42.000,02:00:00.299000,0 days 02:00:00.299000,120.00498333333333,False,120.0,0.004983333333328233,False,Valid,2.0000830555555553,2.0,120.00498333333333,2.0000830555555553
UK106,Vistara,BOM,CCU,2026-04-17 15:12:41.702,2026-04-17 17:23:41.702,02:11:00,0 days 02:11:00,131.0,False,131.0,0.0,False,Valid,2.183333333333333,2.183333333333333,131.0,2.183333333333333
UK030,Vistara,CCU,DEL,2026-04-17 15:11:41.701,2026-04-17 19:38:41.701,04:27:00,0 days 04:27:00,267.0,False,267.0,0.0,False,Valid,4.45,4.45,267.0,4.45
6F090,IndiGo,HYD,BLR,2026-04-17 15:10:41.702,2026-04-17 19:22:41.702,04:12:00,0 days 04:12:00,252.0,False,252.0,0.0,False,Valid,4.2,4.2,252.0,4.2
AI184,Air India,BOM,CCU,2026-04-17 15:03:41.703,2026-04-17 17:03:42.000,02:00:00.297000,0 days 02:00:00.297000,120.00495,False,120.0,0.004949999999993793,False,Valid,2.0000825,2.0,120.00495,2.0000825
SJ232,SpiceJet,MAA,BLR,2026-04-17 15:02:41.704,2026-04-17 19:22:41.704,04:20:00,0 days 04:20:00,260.0,False,260.0,0.0,False,Valid,4.333333333333333,4.333333333333333,260.0,4.333333333333333
AI153,Air India,BOM,CCU,2026-04-17 15:02:41.703,2026-04-17 16:30:41.703,01:28:00,0 days 01:28:00,88.0,False,88.0,0.0,False,Valid,1.4666666666666666,1.4666666666666666,88.0,1.4666666666666666
UK101,Vistara,DEL,HYD,2026-04-17 15:00:41.702,2026-04-17 17:43:41.702,02:43:00,0 days 02:43:00,163.0,False,163.0,0.0,False,Valid,2.716666666666667,2.716666666666667,163.0,2.716666666666667
6F200,IndiGo,HYD,DEL,2026-04-17 14:54:41.703,2026-04-17 19:41:41.703,04:47:00,0 days 04:47:00,287.0,False,287.0,0.0,False,Valid,4.783333333333333,4.783333333333333,287.0,4.783333333333333
6F162,IndiGo,CCU,BOM,2026-04-17 14:50:41.703,2026-04-17 17:44:41.703,02:54:00,0 days 02:54:00,174.0,False,174.0,0.0,False,Valid,2.9,2.9,174.0,2.9
SJ197,SpiceJet,HYD,BLR,2026-04-17 14:49:41.703,2026-04-17 17:33:41.703,02:44:00,0 days 02:44:00,164.0,False,164.0,0.0,False,Valid,2.7333333333333334,2.7333333333333334,164.0,2.7333333333333334
AI174,Air India,DEL,CCU,2026-04-17 14:45:41.703,2026-04-17 17:01:41.703,02:16:00,0 days 02:16:00,136.0,False,136.0,0.0,False,Valid,2.2666666666666666,2.2666666666666666,136.0,2.2666666666666666
UK090,Vistara,HYD,MAA,2026-04-17 14:44:41.702,2026-04-17 17:24:41.702,02:40:00,0 days 02:40:00,160.0,False,160.0,0.0,False,Valid,2.6666666666666665,2.6666666666666665,160.0,2.6666666666666665
UK124,Vistara,MAA,BLR,2026-04-17 14:35:41.702,2026-04-17 17:09:41.702,02:34:00,0 days 02:34:00,154.0,False,154.0,0.0,False,Valid,2.566666666666667,2.566666666666667,154.0,2.566666666666667
AI239,Air India,BOM,HYD,2026-04-17 14:33:41.704,2026-04-17 17:47:41.704,03:14:00,0 days 03:14:00,194.0,False,194.0,0.0,False,Valid,3.2333333333333334,3.2333333333333334,194.0,3.2333333333333334
UK002,Vistara,CCU,MAA,2026-04-17 14:28:41.700,2026-04-17 19:20:41.700,04:52:00,0 days 04:52:00,292.0,False,292.0,0.0,False,Valid,4.866666666666666,4.866666666666666,292.0,4.866666666666666
SJ055,SpiceJet,HYD,MAA,2026-04-17 14:17:41.701,2026-04-17 17:56:41.701,03:39:00,0 days 03:39:00,219.0,False,219.0,0.0,False,Valid,3.65,3.65,219.0,3.65
UK132,Vistara,BOM,DEL,2026-04-17 14:12:41.702,2026-04-17 16:19:41.702,02:07:00,0 days 02:07:00,127.0,False,127.0,0.0,False,Valid,2.1166666666666667,2.1166666666666667,127.0,2.1166666666666667
6F002,IndiGo,BLR,MAA,2026-04-17 14:11:41.700,2026-04-17 17:34:41.700,03:23:00,0 days 03:23:00,203.0,False,203.0,0.0,False,Valid,3.3833333333333333,3.3833333333333333,203.0,3.3833333333333333
UK005,Vistara,BOM,MAA,2026-04-17 14:02:41.701,2026-04-17 18:14:41.701,04:12:00,0 days 04:12:00,252.0,False,252.0,0.0,False,Valid,4.2,4.2,252.0,4.2
6F258,IndiGo,BOM,DEL,2026-04-17 13:54:41.703,2026-04-17 16:49:41.703,02:55:00,0 days 02:55:00,175.0,False,175.0,0.0,False,Valid,2.9166666666666665,2.9166666666666665,175.0,2.9166666666666665
SJ244,SpiceJet,BLR,DEL,2026-04-17 13:51:41.704,2026-04-17 15:39:41.704,01:48:00,0 days 01:48:00,108.0,False,108.0,0.0,False,Valid,1.8,1.8,108.0,1.8
AI075,Air India,CCU,DEL,2026-04-17 13:51:41.702,2026-04-17 16:49:41.702,02:58:00,0 days 02:58:00,178.0,False,178.0,0.0,False,Valid,2.966666666666667,2.966666666666667,178.0,2.966666666666667
AI160,Air India,MAA,DEL,2026-04-17 13:41:41.703,2026-04-17 17:01:41.703,03:20:00,0 days 03:20:00,200.0,False,200.0,0.0,False,Valid,3.3333333333333335,3.3333333333333335,200.0,3.3333333333333335
UK091,Vistara,CCU,BOM,2026-04-17 13:37:41.702,2026-04-17 17:31:41.702,03:54:00,0 days 03:54:00,234.0,False,234.0,0.0,False,Valid,3.9,3.9,234.0,3.9
UK195,Vistara,HYD,BOM,2026-04-17 13:35:41.703,2026-04-17 16:35:41.703,03:00:00,0 days 03:00:00,180.0,False,180.0,0.0,False,Valid,3.0,3.0,180.0,3.0
6F044,IndiGo,DEL,HYD,2026-04-17 13:25:41.701,2026-04-17 17:36:41.701,04:11:00,0 days 04:11:00,251.0,False,251.0,0.0,False,Valid,4.183333333333334,4.183333333333334,251.0,4.183333333333334
6F248,IndiGo,DEL,HYD,2026-04-17 13:25:41.701,2026-04-17 17:36:41.701,04:11:00,0 days 04:11:00,251.0,False,251.0,0.0,False,Valid,4.183333333333334,4.183333333333334,251.0,4.183333333333334
6F204,IndiGo,DEL,CCU,2026-04-17 13:23:41.703,2026-04-17 16:04:41.703,02:41:00,0 days 02:41:00,161.0,False,161.0,0.0,False,Valid,2.683333333333333,2.683333333333333,161.0,2.683333333333333
SJ092,SpiceJet,BLR,MAA,2026-04-17 13:19:41.702,2026-04-17 17:56:41.702,04:37:00,0 days 04:37:00,277.0,False,277.0,0.0,False,Valid,4.616666666666666,4.616666666666666,277.0,4.616666666666666
AI119,Air India,MAA,BLR,2026-04-17 13:15:41.702,2026-04-17 15:57:41.702,02:42:00,0 days 02:42:00,162.0,False,162.0,0.0,False,Valid,2.7,2.7,162.0,2.7
AI151,Air India,MAA,HYD,2026-04-17 13:14:41.703,2026-04-17 14:10:41.703,00:56:00,0 days 00:56:00,56.0,False,56.0,0.0,False,Valid,0.9333333333333333,0.9333333333333333,56.0,0.9333333333333333
UK107,Vistara,HYD,BOM,2026-04-17 13:09:41.702,2026-04-17 14:25:41.702,01:16:00,0 days 01:16:00,76.0,False,76.0,0.0,False,Valid,1.2666666666666666,1.2666666666666666,76.0,1.2666666666666666
SJ019,SpiceJet,BLR,DEL,2026-04-17 13:07:41.701,2026-04-17 15:56:41.701,02:49:00,0 days 02:49:00,169.0,False,169.0,0.0,False,Valid,2.816666666666667,2.816666666666667,169.0,2.816666666666667
AI052,Air India,CCU,MAA,2026-04-17 13:06:41.701,2026-04-17 15:42:41.701,02:36:00,0 days 02:36:00,156.0,False,156.0,0.0,False,Valid,2.6,2.6,156.0,2.6
SJ177,SpiceJet,BOM,CCU,2026-04-17 13:04:41.703,2026-04-17 17:37:41.703,04:33:00,0 days 04:33:00,273.0,False,273.0,0.0,False,Valid,4.55,4.55,273.0,4.55
6F215,IndiGo,DEL,BLR,2026-04-17 13:00:41.703,2026-04-17 17:30:41.703,04:30:00,0 days 04:30:00,270.0,False,270.0,0.0,False,Valid,4.5,4.5,270.0,4.5
AI223,Air India,BOM,CCU,2026-04-17 12:53:41.703,2026-04-17 14:42:41.703,01:49:00,0 days 01:49:00,109.0,False,109.0,0.0,False,Valid,1.8166666666666667,1.8166666666666667,109.0,1.8166666666666667
SJ069,SpiceJet,HYD,BLR,2026-04-17 12:53:41.701,2026-04-17 14:17:41.701,01:24:00,0 days 01:24:00,84.0,False,84.0,0.0,False,Valid,1.4,1.4,84.0,1.4
6F198,IndiGo,HYD,BLR,2026-04-17 12:40:41.703,2026-04-17 17:39:41.703,04:59:00,0 days 04:59:00,299.0,False,299.0,0.0,False,Valid,4.983333333333333,4.983333333333333,299.0,4.983333333333333
AI093,Air India,BOM,BLR,2026-04-17 12:35:41.702,2026-04-17 17:28:41.702,04:53:00,0 days 04:53:00,293.0,False,293.0,0.0,False,Valid,4.883333333333334,4.883333333333334,293.0,4.883333333333334
UK062,Vistara,HYD,DEL,2026-04-17 12:33:41.701,2026-04-17 15:35:41.701,03:02:00,0 days 03:02:00,182.0,False,182.0,0.0,False,Valid,3.033333333333333,3.033333333333333,182.0,3.033333333333333
6F057,IndiGo,MAA,DEL,2026-04-17 12:32:41.701,2026-04-17 15:50:41.701,03:18:00,0 days 03:18:00,198.0,False,198.0,0.0,False,Valid,3.3,3.3,198.0,3.3
UK064,Vistara,BOM,DEL,2026-04-17 12:25:41.701,2026-04-17 14:55:41.701,02:30:00,0 days 02:30:00,150.0,False,150.0,0.0,False,Valid,2.5,2.5,150.0,2.5
