first_name,last_name,age,gender,date_of_birth,passenger_id_hash,aadhaar_masked,phone_masked,email_masked
Vivaan,Chatterjee,52,F,1974-04-08,031a60e86398d41d18e79ffcedc168a3e137eec8e808ff3a26712c897d0c854a,43**********,+9************,vi*************************
Krishna,Reddy,15,M,2011-03-07,61d0f276b7160f04f92ce7d852f04296612a23d85e104124985a1e3f1afb6a25,38**********,+9************,kr***********************
Myra,Naidu,72,M,1954-09-10,c5baeafae225ad4d584ec322dd47d1bdde1c4e989d7169403652ed2e9779be5e,61**********,+9************,my********************
Myra,Mishra,61,F,1965-03-12,eeae6e0fb3e9e763d79dde942b8480b918448aefc3d5384988bcfc2c7863997a,31**********,+9************,my*********************
Saanvi,Banerjee,21,M,2005-11-11,6533dc26f5dafb4abea1d39bc6d918a37c172db64bb11d63cbdb7fb274083d15,41**********,+9************,sa*************************
Reyansh,Joshi,83,M,1943-03-09,eb2dfae377ce8e908f0e80b3afbdc98f2ed93b2f5a500c636a2d717fb642eb90,56*********,+9************,re*********************
Kavya,Nair,87,M,1939-02-25,6db11620a17d5f39a6f4f347ad59e54eab82425e10237ae79bae9fc7f0c73224,88**********,+9************,ka******************
Sara,Joshi,75,M,1951-11-24,6be38161a7cef8c4ab45de42d2e5fca136a4a7606fe53008106bf958e1fa0b73,26**********,+9************,sa******************
Kavya,Pillai,75,M,1951-11-10,79d3e921288b3e1edc7d0293236688e782d509d35365d799481a628bbf783ecb,51**********,+9************,ka********************
Sai,Kulkarni,88,M,1938-04-02,f22c8323f1e52afbe516baef22b167bdfdbf8f0e5ee95b36f2a65fdbff743d7d,52**********,+9************,sa**********************
Sai,Agarwal,24,M,2002-04-18,1c77e2c0ae663dbb710db96779fc9565bb5d430e26051ac48b48268eb6f31c09,71**********,+9************,sa*******************
Sara,Naidu,3,M,2023-04-19,c778c14fe604ebd8110269e845512adeb743b9756d3c57402cb17a108a3de500,57**********,+9************,sa******************
Arjun,Patel,22,M,2004-03-24,b452f773ffff3926beaaad32ab667feca29d88e78d63af3d188e475c318f0619,31*********,+9************,ar*******************
Sara,Iyer,53,M,1973-01-13,b096a49f0236663227b9349e270cc5f2ad32d485d93865e0d4cb2488c769f768,76**********,+9************,sa*******************
Anika,Banerjee,2,F,2024-09-04,c779f512085d330483b1cafebadd103b9f1bebac4f9330906ad987c973bdfc72,33**********,+9************,an************************
Aadhya,Verma,88,F,1938-05-26,79bfd5dc59b585de98a96bc123673a45df114171ea2f649f20cdb96008c54d3e,32**********,+9************,aa********************
Vivaan,Naidu,30,M,1996-01-19,a41aa336bdc7df1d3bea1213766b0634d96c32553c29944da7da1b2c140dbf6f,87**********,+9************,vi*************************
Reyansh,Chatterjee,38,F,1988-10-02,cb4595eab2647a242da165867fc7547acb0bcb9b371785952c592621033867d4,81**********,+9************,re*******************************
Ira,Ghosh,2,F,2024-08-11,dd9d5b3ecfa8ddc2ce35509e8abc8cec15eeae4151b6e7075104f4d8ad41ba38,99**********,+9************,ir*******************
Diya,Patel,64,M,1962-06-10,ad18c2be469e3664cc92c52ab98aec9203c0c3fb68b9d8eabb7487c6e41e1afd,99**********,+9************,di******************
Ananya,Khan,60,M,1966-12-18,4106a53da67785e5d50e3c3b7495c032f8b5ea65429f48c6ac715ffb1db71025,84**********,+9************,an*******************
Kavya,Naidu,21,M,2005-01-01,e0e2366795c5e0973e998f3a4294b93191952341b72bdd3213725e35ca90dd16,93**********,+9************,ka*******************
Shaurya,Joshi,33,F,1993-06-19,cfe9e2dabda3328515ce374a5902a6d5eced9c183013b07cddba84f59197a99a,42**********,+9************,sh***********************
Aditya,Patel,76,F,1950-10-24,b502debe7f09d395199c85c9dc20b9edbc7eb055b4499ff2ea811a2cf747ddfb,20**********,+9************,ad**********************
Vivaan,Sharma,58,M,1968-08-08,9ab181240ed03a0587f533cac6caa7fa5ae0aacac783e8ab8d4a8728a0568ac7,26**********,+9************,vi*********************
Aarav,Chatterjee,22,M,2004-07-22,06cf5fba4db048c6700c1058a21ce384bf0093a18e77441744df25a610cba230,43**********,+9************,aa************************
Ira,Ghosh,89,M,1937-10-17,a3a748f0e1d1d03123dca2f1ec659ecfa1e3393ea2b8f22a46ae8c38d64eea8a,14**********,+9************,ir********************
Reyansh,Banerjee,49,F,1977-10-11,8fe4a9cee575ed16d908c362cb41ce216bda4d23211d948dbf7c837197a1dc9d,34**********,+9************,re************************
Aadhya,Mishra,59,F,1967-10-10,323969a7963eafc6513bc14886c789e73bb1919adde854ed931330089747a1aa,46**********,+9************,aa*********************
Diya,Ghosh,42,F,1984-12-06,30526d8cf7234489d1cde5671afdf32096dd3ae80a8cc90f105d50fe0eab5f3c,43**********,+9************,di***********************
Aditya,Kulkarni,60,F,1966-10-28,48d0441e3c09dcd5670121d6361a6d933c03274afe1b985e939e761d08ce4230,95**********,+9************,ad***********************
Shaurya,Patel,80,M,1946-12-17,93847cd98056474b065afd1edea5da9e9bba3a8cf5497abeb29724dee06524e0,93**********,+9************,sh*********************
Kavya,Gupta,15,M,2011-07-27,93ed78d28301c6046a446cd641339e9f5edfa98bb3f6d39a6d29972dbcb0b816,31**********,+9************,ka************************
Aadhya,Kulkarni,62,M,1964-04-09,bf96c740475045fb1786249fe2e468ebbfb7f344c8c9e37c7fc645650e6c64cb,77**********,+9************,aa*************************
Ishaan,Iyer,62,M,1964-08-14,e3db7804c5e9aca984701556de98dcb6d99d1cf06dbde53ffe9ba4c5c265d0d8,12**********,+9************,is*********************
Ishaan,Iyer,62,M,1964-09-24,e3db7804c5e9aca984701556de98dcb6d99d1cf06dbde53ffe9ba4c5c265d0d8,66**********,+9************,is*******************
Vivaan,Ghosh,47,F,1979-09-01,5e19490d12047195ffdd39cb92fc81aba599130df8ef5debe7f3e5c2245c27c7,34**********,+9************,vi**********************
Riya,Reddy,62,F,1964-07-09,6ec4e1e528492a65f2ea39d1af0eea8bb76ad5957e63b496e148edb2a37093cc,62**********,+9************,ri***********************
Muhammad,Ghosh,51,M,1975-01-20,04c31ead0dacb627c690602a1aa6e9a1d82a08b75fce9493dce8c3c852365ce2,17**********,+9************,mu***************************
Ira,Patel,55,M,1971-05-04,7eaf6cc62251837e276f3b2ba719536902af6aa6480014bb7a13b3f383e6f9d7,71**********,+9************,ir*****************
Shaurya,Agarwal,64,F,1962-01-12,bef65d5816919aa848435812911d327d0d9fd6431a1b7b855528946390f56843,96**********,+9************,sh*************************
Muhammad,Joshi,3,M,2023-07-06,5b64e90446f263c765a08d7c340c9275d27caf42436eb8879ade7a094c6cd73c,51**********,+9************,mu************************
Shaurya,Gupta,51,F,1975-08-19,ce0196be80de68aa6f4cff9ed81521ba378f6c2d294fc7981e9d8189d65e5b4c,87**********,+9************,sh***********************
Arjun,Kulkarni,7,M,2019-09-01,c41e22451e59b0e98396ed0845c83d6ae55ba09dd2329ba6443e486d5cbd6404,75*********,+9************,ar************************
Arjun,Reddy,21,M,2005-07-23,5401007eaa7f94ad6fd4a52cf1c19e59a8c1e9c5e6f70932b5efce97b21bc334,36**********,+9************,ar*********************
Sai,Iyer,73,M,1953-05-09,86440084cd4e8eb1e485a67574f7915fd8413e862da355224359a4f4804510f7,95**********,+9************,sa****************
Kavya,Reddy,39,M,1987-05-04,d0cc71254d0d0f29502c4dae62dacdd6712a8b1a3d7c76cd815c0b67e7cb65c3,35**********,+9************,ka*******************
Saanvi,Sharma,18,M,2008-11-28,22835d7fd4e730004943432a725d5399017d2cc18d365af87afbd06573c156c6,52**********,+9************,sa*********************
Ishaan,Chatterjee,4,M,2022-07-16,c6426f3821621a96c322041be3da22576d1af502063470ec59fb19ea1471a1e1,94**********,+9************,is******************************
Sai,Mishra,89,M,1937-09-13,02ea7959f1cef0cf60aa1b07edf10b7c4499f2c2b318683470b865f437352fc0,29**********,+9************,sa******************
Aadhya,Joshi,60,F,1966-03-08,e1983cc03bd1e15f304800638b3586b3f744df3249efb51aa3f4cd8b0c105f37,96**********,+9************,aa*************************
Aarav,Das,14,F,2012-11-08,91d46efeb9c1ecd916a62857d2bcb0e07955223b7cf4cd40817fc0bfb04391b1,67*********,+9************,aa*****************
Aadhya,Chatterjee,9,F,2017-05-15,c3b65a7f63cdf9077407c656298c53cf2f5eb3571bcc4fa8c5d8b5aa74f4d8bc,18**********,+9************,aa***************************
Sai,Khan,53,F,1973-10-09,e71aecf5c85c1563c0d170ad78b68833121b0e9212d6e36fc3c6c20e63dfbb7d,46**********,+9************,sa****************
Myra,Banerjee,2,F,2024-10-14,871dfa1b8e0501d52e9e8b2657892aeade4e9af589bea9c8ba574345ebb9b80f,99**********,+9************,my*********************
Muhammad,Patel,84,M,1942-01-15,7479b485d6c497f2eafed263974a6571223da78f69365e29bf98ae736d82626b,56**********,+9************,mu***************************
Ishaan,Chatterjee,60,M,1966-10-25,579c05dbb5c7c7fac1b3b612ec1481807fecb721127aaf95214a8afa6555856b,51**********,+9************,is*************************
Saanvi,Das,71,F,1955-12-06,9e2f9c24c28060dfb0d26c450d358ff0a1919faefff2cb04462ad2ef0384b5af,34*********,+9************,sa***********************
Ishaan,Gupta,44,M,1982-08-16,c24146553498b11133c73b471f128c4034fbbc101da3d55d16b786b97abc6fc3,61**********,+9************,is**********************
Diya,Mehta,8,F,2018-01-10,c1a316f03b3ae5a203bbe1db1b8f5b4dbac55098aca918d8902272408387712a,26**********,+9************,di******************
Ishaan,Banerjee,47,F,1979-10-13,0669854a969bcd54ef9b4e00cea98eac24127874b83cb68a2b9c141578eac258,78**********,+9************,is*************************
Riya,Singh,35,M,1991-08-04,be968607e3d4af09faac24d0cb598bd705562e11e0b5171442770867b2b13589,57**********,+9************,ri******************
Sai,Ghosh,78,M,1948-07-11,b47b4015cd417df26ad71a3fe85ac082a29f9740562eee3d135e79e814ec0d7f,26**********,+9************,sa*******************
Aarav,Singh,81,M,1945-01-11,98c32c82462e2f705c66cf0222eacbc791df2e7c685621dff8d55abee310bc14,13**********,+9************,aa************************
Shaurya,Mishra,36,F,1990-07-20,44095b416ec47fb21c8b6f1953f3931c1cfc2f9c0971d99fdf5baa95f0a9425a,56**********,+9************,sh**********************
Kavya,Kulkarni,50,M,1976-08-12,cf1e1d2dbc1d71598cd0c7186785b8dee691f02b88b931be5ec3512e2c4bb389,23**********,+9************,ka**********************
Ishaan,Kulkarni,4,F,2022-10-10,44f4c40b2d4180be174e74764b2fa93a31e9acf2f95cffd3d99e341557a6e008,64**********,+9************,is*************************
Riya,Singh,2,F,2024-11-07,65a2662c1c42b2211936fff433a5270c57aa2d66ebcaa8a672b3d6f51cf31cfe,64**********,+9************,ri********************
Reyansh,Pillai,6,F,2020-12-14,ea46dd84b5852d6a0786d10cb63d4356a3d58f11549b85d6843e902052304a85,21**********,+9************,re************************
Sai,Banerjee,54,M,1972-02-05,2160872f2e614a13bff2e81412b0948c5fdc0e77ddbb5981e2fc4ff99c926561,85**********,+9************,sa********************
Krishna,Nair,4,M,2022-07-27,19e6df3eeb202a02ed4e1e0f8866f45558337bbbb2e80ceae25e0d804a6b4379,85**********,+9************,kr********************
Ira,Sharma,54,F,1972-02-05,10ec5467b62dbd27378d1fff18fea368e3c6a52b3c796c8ea97fe8fbf30db16f,37**********,+9************,ir********************
Saanvi,Ghosh,63,M,1963-12-24,8e3db6260921f94bb9ae157f337c44374facb3a9d586ffbf3e2154d807ab9e9f,71**********,+9************,sa********************
Krishna,Banerjee,18,M,2008-02-22,08cb2d3a1162156fae3f8de8547a4392bc4947f04eba00d88607c9bff433f76a,17**********,+9************,kr************************
Ananya,Pillai,44,M,1982-03-26,af515aa38deed73c0e79390494936b3c5062c3d6fb1d4125a6878ac6ff9c7c14,64**********,+9************,an***********************
Riya,Patel,34,F,1992-09-09,066e3f7ad551ebc85b6358a7f4ce340b5ef470aec1821bdc38353d6f5fa81165,83**********,+9************,ri********************
Krishna,Khan,74,F,1952-12-14,a741b6dd8a5b8f1543b96f75d81f04debe9ac7dcb9e5ac7f7c4a3de6ce352b3d,20*********,+9************,kr********************
Kavya,Joshi,62,M,1964-12-26,cf0bd36b153a266eb96b097d42c94bd518d2ed773ff0aff4196954277e36fb9c,17**********,+9************,ka*********************
Myra,Singh,14,F,2012-03-03,56ac957fbf6d574aff8980401d9a663b0bafd4f07ff726a17b52d8e0dfcc63eb,76********,+9************,my********************
Reyansh,Reddy,48,M,1978-12-04,a965c821df17a512bfcddb4713aabf5da605a30c3b3e016e047f14523f413b2f,98**********,+9************,re*********************
Diya,Mishra,15,M,2011-06-05,22f5364f6c8f0c8db0f321ec12aea86f86d69e1a586d1bb54287b3200b45ddf2,73**********,+9************,di*********************
Shaurya,Chatterjee,72,M,1954-11-04,e28db43493031d3380190920ce064fc921aa38b822d79e3cc7ce1870c495ce38,11**********,+9************,sh*******************************
Kavya,Ghosh,78,M,1948-04-28,2fa8ad9bc1180c9e7016de60dbd6a76bd214ce8b72b8ae6637e164c4dfeba8e0,60**********,+9************,ka************************
Sai,Joshi,87,F,1939-11-27,fff5e2b2b327cbbbd75cfa1cec294713fdec51c162b57a10856ce07ffc06c27d,51**********,+9************,sa*****************
Arjun,Banerjee,62,F,1964-02-24,906ea2a505d51fd41a2b2f02d9dfc962d3831101cd8232792ccfed55ec6303da,44**********,+9************,ar************************
Aditya,Patel,40,F,1986-03-25,c9a061d04a6e0a5d88cffda77b795792bfeebad00ac005bbf03dfd8987a6a0ea,67**********,+9************,ad***********************
Diya,Naidu,85,M,1941-06-14,588df506ea4da5834e6f14e61a648232d728e8fdf5576a3d7c78f590ecee346e,14**********,+9************,di********************
Vivaan,Chatterjee,80,M,1946-04-25,59bb3895ec6cab8477bbdd61a6a5cb78c2c9b5764db4b1249ce00abd5ffa79aa,97**********,+9************,vi**************************
Vivaan,Sharma,82,M,1944-11-26,20b9e93328f9dc45dc27349f0f7696fade7ba7c458afa65afa6d861282c1479c,51**********,+9************,vi**********************
Ira,Chatterjee,53,F,1973-02-13,5f15e3dfcafa4e505c913e16d6334d69fb68aa524ee722b20586b86941b40f08,60*********,+9************,ir************************
Ishaan,Mishra,24,M,2002-07-28,9f2f59aa1afc6e3ea30f02b73476f19278f1836a70249a7315963ed68f307055,97**********,+9************,is*********************
Vivaan,Reddy,26,F,2000-02-05,89b838af3563d06bd281ffd294bd47fee3a54113f63f7076dd031563c4a41c3f,52**********,+9************,vi**********************
Ira,Sharma,89,F,1937-11-11,a5f805bedc69ac04a4429722e8f4996b31bc58cec4192c50a80db8b00e0e010d,92**********,+9************,ir*********************
Reyansh,Verma,60,F,1966-01-02,6f2e7545bf6891bce54a08268e1cd0f112e247db566b7e31baf6851c5c4738c6,77**********,+9************,re*********************
Anika,Pillai,41,F,1985-06-20,e97a5097f13547f716704e510302ec2f3a7dc61d789f8a9418409c00f02cf1ac,19**********,+9************,an**********************
Kavya,Agarwal,29,F,1997-10-06,88ef79684e5b90ab55fd8a6787eca92d1ce121fe0568f37798af6752367003d7,71**********,+9************,ka**************************
Anika,Verma,15,F,2011-05-24,eea59efe826221c1fe4889154cc5648cc8f434005a8022814d6a6f829ed019a2,66**********,+9************,an*********************
Myra,Agarwal,45,M,1981-11-26,a127a8803a3e57ffce80e796794ceae7d7cf7baa68f9a542a02f23268e490a95,19**********,+9************,my**********************
Shaurya,Mehta,65,M,1961-04-08,804ac90b07e39e12ca6788b04f5b81c01cf56ce3ae3bf451323a4576367f7dbb,81**********,+9************,sh***********************
Reyansh,Chatterjee,89,F,1937-03-06,a283a09aa25e74844adbaa72805adfee5de273ca179f93f31826cf2ad4dc9551,41**********,+9************,re**************************
Vivaan,Agarwal,71,F,1955-05-26,8249f45e7acc37f4632d0a259fbec44a4ed875f9ba9f655e0c57b224d001a1f9,70**********,+9************,vi************************
Muhammad,Joshi,9,M,2017-05-02,89fef259b03bd24a0b841cd92ec8accc906ac07ab48804c073e5facfc880bcc5,97**********,+9************,mu***************************
Shaurya,Agarwal,88,F,1938-04-27,bfaab51e35ad7b3d1666f7469bc4c42bc87bfa7807198d84cc0d59c656fc92f3,18**********,+9************,sh****************************
Myra,Kulkarni,1,F,2025-02-27,63ac4a24e48cfe89f1218e7981373d1f1de2eac52e71435d035341619ce8ab8d,60**********,+9************,my**************************
Myra,Kulkarni,1,F,2025-03-18,63ac4a24e48cfe89f1218e7981373d1f1de2eac52e71435d035341619ce8ab8d,47*********,+9************,my***********************
Ishaan,Banerjee,8,M,2018-10-18,24fc7c6096a40eed288c35c622b441eb6bbde8a9aec94edb595f67cc2e17b907,43**********,+9************,is*************************
Vivaan,Verma,88,F,1938-06-03,3a1ef3bd6458cdd86d219afc3397bce9c7b12d5dcf92fdbba3fa61a29c57af42,24**********,+9************,vi********************
Vivaan,Verma,88,F,1938-12-25,3a1ef3bd6458cdd86d219afc3397bce9c7b12d5dcf92fdbba3fa61a29c57af42,70**********,+9************,vi**********************
Vivaan,Verma,88,F,1938-04-02,3a1ef3bd6458cdd86d219afc3397bce9c7b12d5dcf92fdbba3fa61a29c57af42,58**********,+9************,vi**********************
Muhammad,Singh,63,F,1963-05-04,10d6d6ecb2a19a228670bab3cf934566fd9976ff05b8628d509958a3af826188,48**********,+9************,mu**********************
Sara,Nair,11,F,2015-07-20,4f71e4b68e1c4f755132482b1224b2fba9e88327c1538bb5e649b33133d4fd49,76**********,+9************,sa*******************
Anika,Joshi,81,M,1945-01-24,a67fe15ec195c0757d702c939febc0866eca4be87924bd323d05c58e314b2c9f,11**********,+9************,an*******************
Ishaan,Kulkarni,8,M,2018-02-08,696200fd839848b14ea262f6d11b23f059a1f0a6d4d9a7e2ff44462bd08d35b5,16*********,+9************,is*************************
IshaanKulkarni,Unknown,8,M,2018-06-13,696200fd839848b14ea262f6d11b23f059a1f0a6d4d9a7e2ff44462bd08d35b5,90**********,+9************,is*****************************
Vivaan,Chatterjee,35,M,1991-10-10,f1d739f512c450f969c939fd3f217f0fddf242e851b7d2846b7212281ddf879d,10**********,+9************,vi***************************
Ira,Khan,35,F,1991-05-28,9c17e0c3a343e7d8fe3ee9a640f4dd1488f86ef1daba992c327cee8fe7745b5e,21**********,+9************,ir*********************
Krishna,Sharma,33,F,1993-06-15,ee3da88980fa26dbadf8dc499b411a800bfc6c8773ee8629c6e2cf19ae2a84bc,58**********,+9************,kr**********************
Sara,Mishra,5,M,2021-11-03,c738cacf8050444d547c7e1f0d16e1c8d8ac14fc717d6d82ca209ce5dd1c5d09,11**********,+9************,sa*********************
Anika,Pillai,41,F,1985-03-10,c30107be7574bf2559c6d6fd9791e99507b3c0ae8cae21d031b4e65c787a4c13,85**********,+9************,an*************************
Anika,Sharma,28,F,1998-09-03,c7ccf6a417208a4d93399733f39ed59bee1b97558dd765c7045aa071123b4d68,35**********,+9************,an********************
Sara,Singh,7,F,2019-05-21,c4ee8c15b7b11fb6a289c9ff36834cd9df78760722ceb6677013710b62cba213,92**********,+9************,sa********************
Vivaan,Ghosh,73,F,1953-03-15,f82a60e2bbf27d94e8721e47f2b4b031cfbd46b5601b4b93cbc8e7ce409d28ec,78*********,+9************,vi********************
Aarav,Pillai,72,F,1954-02-11,310dc04b8b2e90cc5e57432ee3e994687607119f7a60d5d7b4dcae30b6b7bc1f,35**********,+9************,aa*************************
Vivaan,Reddy,12,M,2014-06-19,ccdb01a2d78f0fbd71d65c2847060f5b328a7ea986e34d8788822f4e246d68f5,47**********,+9************,vi********************
Aditya,Joshi,34,F,1992-04-07,c3dff13cf88641c7b2dc10b3fcc8c009d6b74c47a8c8ac87b68a0e14f1aca665,27**********,+9************,ad**********************
Aarav,Ghosh,33,M,1993-12-12,2dc43d859714a78e509c0d7143436d2f896de5518e1837c78151c59ccd78bcf1,47*********,+9************,aa*********************
Riya,Gupta,48,F,1978-09-09,9e7e782126568ca4d9c6eedc94e7e4de5eaea5af61ef57f02ee49a53a68b0901,60**********,+9************,ri***********************
Ananya,Verma,23,M,2003-01-02,5c67efc01eb595f27aba409d16d77d677572da560aa9687a3dd588f0763782dd,16**********,+9************,an**********************
Sara,Khan,62,F,1964-07-20,e2c4ba708d3aa844351a96f7b0cbce35807cd6d22e6a06738a2ea95340b5efcf,57**********,+9************,sa*****************
Myra,Verma,88,M,1938-05-26,350e0f62c4ee94195e1183d75e282cfded48d109a4bbdd7d0142aa704d43a3c2,88**********,+9************,my********************
Reyansh,Reddy,37,F,1989-01-19,3c5a756d3cd50af2c1cceb589f32a40d1a67aed43e64136cfbab05982a63230e,99**********,+9************,re*********************
Ira,Gupta,44,M,1982-09-07,5858bc7ccd523f52e41c0e7f14e2f07d960f32053c6be04e295553082bfc785e,75**********,+9************,ir*****************
Myra,Singh,86,F,1940-08-07,8a2fb82f4b37d5cee1f5630d4b60dc7b4459b5d83135d79c3bf57613d614d9fe,78**********,+9************,my*********************
Diya,Patel,35,M,1991-02-19,9c8b72e9309f1ca4a801e836ae3ee548e4fab5ba18437be41dbac15e14aa7c97,43**********,+9************,di******************
Vivaan,Joshi,65,F,1961-09-09,0211dba0308362d09d12cce5048bc85a2ef253da3e6168f427992abe6729bcef,52**********,+9************,vi**********************
Shaurya,Sharma,47,M,1979-06-23,5f77afa3d4c2de29a329918512584b72196ce1432c866ae54e161e3a5aebcf8a,19**********,+9************,sh************************
Shaurya,Banerjee,78,M,1948-02-21,085cac3f18db7c3b7445b5e01e3f6cfdf53523ead6b3a0d7f9248e620b03418b,20**********,+9************,sh*****************************
Ishaan,Banerjee,3,F,2023-10-20,9c2461755b69c4ab97fdebbf778d8d1282e65164f889ae51c6c255fe6d33f20e,26*********,+9************,is**************************
Sai,Banerjee,1,F,2025-12-15,e258099877a0dfa862dd5ceb6874fed7650bfd2c8be2a10fe73abf73296ec40c,78**********,+9************,sa********************
Ira,Verma,5,M,2021-11-04,94d09aefe5b0378573bba2e8efcf05679e66ab8407b11368e1e1b574fed44ef0,54**********,+9************,ir*******************
Shaurya,Banerjee,14,F,2012-01-09,3002d4d79ac294e97c6a46976ad1ca00a99da547a523d7c6ea6b05c7014c8b5d,53**********,+9************,sh************************
Aadhya,Verma,27,M,1999-04-05,a23a32c91af035e12834819b51c2781e7adb28126771f5db1c654d22f68fb8bd,17**********,+9************,aa**********************
Aditya,Iyer,9,M,2017-09-23,636e3ffecb1f7eae33e7e178f88b4c2de5e9b828826f43ac563c67c64b11a7de,95**********,+9************,ad************************
Saanvi,Mehta,79,M,1947-02-22,f1f58d998de0d7ee37881e3c74ed382741c723ad260b60c0acb6992675a46475,10**********,+9************,sa**********************
Aarav,Agarwal,15,F,2011-11-26,ddb723773923fb83eddc5684a1b82d5841819a41e1397eb83c585f4829b3e5f6,87**********,+9************,aa*********************
Shaurya,Singh,42,M,1984-08-02,9b57b5fc7625f88f57e8fe4555294eaeef9b619337085e95fb71928be130113b,40**********,+9************,sh***********************
Shaurya,Singh,42,M,1984-03-18,9b57b5fc7625f88f57e8fe4555294eaeef9b619337085e95fb71928be130113b,26**********,+9************,sh************************
Sai,Kulkarni,77,M,1949-06-05,8a6f76d2523094770af8f2ceb6a11a6f4cc729bf3d9e1ec6b5c84ede8072d848,30**********,+9************,sa*************************
SaiKulkarni,Unknown,77,M,1949-10-22,8a6f76d2523094770af8f2ceb6a11a6f4cc729bf3d9e1ec6b5c84ede8072d848,10**********,+9************,sa**************************
Saanvi,Naidu,51,F,1975-06-19,51a7fa0dd59bfd6da269989ac286fec3b22d87ca00fea3eddf735ee72d2aa6ea,67*********,+9************,sa********************
Arjun,Nair,63,F,1963-09-16,fe31257e17d3e90525e09aca5aa6e17bf802824282552023f0a1b5291e996c1d,42**********,+9************,ar********************
Aadhya,Mehta,52,F,1974-04-10,5aa3a0cdf5c964b09afb93d282cf7344d84e566efb1822cd286fcf9e7495c6b9,68**********,+9************,aa********************
Ananya,Pillai,4,F,2022-08-28,9feaf3cbcf88f00a6be9a5b871e6dd47c6bee76eb8c5a751689bb4c97a8023e4,86**********,+9************,an*********************
Krishna,Khan,23,M,2003-08-07,69a6cc9a43e3fa4f08d1f6928b084edeb87715a0b7f74321d9f8a50e9ec623ee,30**********,+9************,kr**********************
Reyansh,Pillai,15,M,2011-07-15,04bbea631794eeba00495a58de32de31264a97c27ff8cd1395c445e7ec0c6bd7,33**********,+9************,re************************
Muhammad,Chatterjee,43,M,1983-01-19,f20ce3cb543f67bc821a65bd2b3e7b00675b3ea0919d18456fa618faaeb38386,45**********,+9************,mu*****************************
Ishaan,Nair,29,M,1997-04-16,8c032fa2e7fa614df341181caf802873c2b310da6a8bbd341529120c3cf6fea9,48**********,+9************,is*******************
Anika,Agarwal,36,F,1990-09-02,d919d64853c17571619e08bc55da50d4057ae1495ca9cffd26b4990b2fe4aa2a,77**********,+9************,an***********************
Krishna,Sharma,13,M,2013-10-21,ef37de264f43134bb58644960511d37c1e230dcb677673e413f03ee85f32b193,62*********,+9************,kr**********************
Diya,Joshi,32,M,1994-01-17,448e628481ab8a8379ecc20c077dc8fe5c213bd5675ccb10c8e3ae3be06e316e,70**********,+9************,di********************
Ira,Kulkarni,71,F,1955-06-13,3f715847a9392ecbb19371b87b579428887f42cee6e90793063b5507f8eaf808,18**********,+9************,ir*************************
Myra,Chatterjee,59,M,1967-12-06,d75c257d39aa173edf1c85ac45eed5dc6790641ef6443b76f87887cb235a65f7,34**********,+9************,my****************************
Diya,Naidu,86,M,1940-11-09,b92071c63156ca50ca7142a45c0bfeba434b590b0c7dc91dbe4730c878964c4c,59**********,+9************,di******************
Reyansh,Mehta,28,M,1998-07-22,ed8e122bd68a569887c16b079ba6288e80df60b41575461820db1a931bbd1a3f,50**********,+9************,re***********************
Arjun,Agarwal,66,M,1960-10-13,4a6add987cf788a4b9d925cf7495e0b62399b75355bfea4e79eeb1b51656f843,21**********,+9************,ar***********************
Muhammad,Joshi,42,M,1984-10-10,2a70a1e3d06827e26ea66f3dd26bdf35011631c2ff7ec0f502e86ac82152fcd0,47**********,+9************,mu************************
Arjun,Banerjee,45,M,1981-06-25,b4954eb5f8adac01583efbd9f90428e49b092853c02402437e89bbcce3bcae03,42**********,+9************,ar**********************
Ananya,Joshi,62,F,1964-09-03,da273dc1a032c58510a0f5c40b7fb445a2c5d7764c0948ba9af184c805cbed4f,12**********,+9************,an**********************
Krishna,Agarwal,57,F,1969-03-09,cdc2e6ec383396f644a32ca366118b4a309e0ffe202578b23ed4ccdd0d0099d4,46*********,+9************,kr*************************
Reyansh,Reddy,6,M,2020-12-21,2422ac137399fb009399c29994dc1c1caa83bd6e21dae0c0af8ea801ef199d66,21**********,+9************,re***********************
Anika,Naidu,28,M,1998-11-20,98f64af87828e68c5446f617d8b8d9bc67bb157a9b3e4b7162551a53fab7f206,12**********,+9************,an************************
Sara,Kulkarni,28,F,1998-07-09,d6924f8f6cbec09c93ba5b011267018aa6db6a13213c56958f965d378301df01,93**********,+9************,sa*********************
Ira,Singh,44,M,1982-07-22,8f17adbeae4fc7c3ee6893ebd6558cfd4943303f3c27ddd33e31e307de8a659e,93**********,+9************,ir**********************
Krishna,Banerjee,84,M,1942-09-17,fb96f6804a99a12f7236eb188f60df8faf71dff19b717a27691417808a27d6f4,43**********,+9************,kr*****************************
Riya,Mehta,30,M,1996-06-26,ced36cbc027c7f0350c506aa1646c093df184f8492f790d71d61309b37171966,58**********,+9************,ri***********************
Myra,Agarwal,62,F,1964-08-25,593fee80959859d7d383c3e69ce7c146283f30f8e4abba15916346fcac056ee8,14**********,+9************,my*************************
Krishna,Reddy,75,M,1951-04-17,bfae7d5e9f0627aa946fd758a1deadf6b2365d7c5858da6b4865292f4babb50a,71*********,+9************,kr************************
Aditya,Mehta,89,F,1937-12-08,10001017dbdb645c950f1db621963558fa08bb4cf1469e76b4524f9d0b3bb48c,17**********,+9************,ad*************************
Ishaan,Banerjee,62,M,1964-12-20,11e7405e976ffe2fd78666cff7c08b5698c1ab4dc4b8917abe86e0e24ee45002,25**********,+9************,is**************************
Sara,Banerjee,1,F,2025-06-07,872ce3ad7cd88dc979b90e4a798b5a58bad12953f5433bbf4125c0fea3b9c0c8,66**********,+9************,sa*********************
Aadhya,Mehta,27,F,1999-10-06,d74aca86f92c65cafecdfff785341967ab44bd2039bb62550cf700740e5c15a3,78**********,+9************,aa*************************
Shaurya,Naidu,62,M,1964-10-05,a18c8d61292fbac0bcd92288bf258b9f1210dc8d0485f776ffcac7b59a470a5f,25**********,+9************,sh***********************
Muhammad,Mishra,77,F,1949-10-02,664e6259d692132aaef87baf236f845816865482d3f2a11793222f291385e249,27**********,+9************,mu*************************
Riya,Patel,3,M,2023-02-19,bf48561cbe6354bd05170df0e5c70e2de450c9ec017c39f9f217afad9fdd4ebb,23**********,+9************,ri********************
Reyansh,Patel,70,F,1956-10-04,f5e5a48665b27bc28a31b48c6ff38c2db7804a6ec70eb016e57beb4c196a6c1f,43*********,+9************,re*********************
Kavya,Naidu,72,M,1954-02-15,9cdc77171c559a430d5c7f780dd030909be63ebf20f63ec90393f79f9bad913d,78*********,+9************,ka*********************
Kavyanaidu,Unknown,72,M,1954-09-09,9cdc77171c559a430d5c7f780dd030909be63ebf20f63ec90393f79f9bad913d,95**********,+9************,ka***********************
Sai,Naidu,27,M,1999-04-05,2a9ba5ba82be53cbc2d6cfc2ae99a7903dca89a2ad8b53b0bb6331025fc27597,44**********,+9************,sa*******************
Anika,Gupta,9,F,2017-12-09,54a5a8bf692038b5094da0eaf787b6f064af2ca56dd6c67c7bece857b05866c4,67**********,+9************,an*********************
Shaurya,Chatterjee,62,M,1964-08-09,31992dce7e9c9433e21177f4b93370fbe1796e7ac7ccc3e608ea5e32af4c2512,59**********,+9************,sh****************************
Aarav,Das,37,M,1989-03-15,851bc6d69e11741e5ce0a8cc1c4ea65a6d36f3ae7a82a8b3c902043d39c79a69,89**********,+9************,aa*******************
Shaurya,Pillai,51,F,1975-07-21,f30bcb86e2639e8a694c7ae6c0b416d42e2508e1f6664514a06b024ac0a216f5,32**********,+9************,sh***************************
Shaurya,Singh,44,M,1982-01-23,fdcfb58a86ee16c211c21adf467a51d66d90e97a3693d2317b0ebf9f827cef40,11**********,+9************,sh************************
Aditya,Kulkarni,24,M,2002-07-25,120b27eb84582f377b5f050d3db3c581e073d05d4a308369ec0e71d4364d324b,27**********,+9************,ad*************************
Sara,Mishra,79,F,1947-04-03,6e3bf1fbe8842e4fb711056e506f5e69467892c32e545a3e4929ec473b3eb207,89**********,+9************,sa*******************
Aditya,Das,59,F,1967-10-20,d4b256a73ebbf0e5b9719293cd5872b7a42284f944c914c2bd3b5a53a3ea41fd,19**********,+9************,ad******************
Ananya,Agarwal,32,M,1994-07-04,bb0d8aec406fa066859ca542bed16b4cf1706a0a5fa24218ea423cf6e6a8ae25,43*********,+9************,an************************
Aditya,Mehta,88,M,1938-11-06,e911937ab6b917b56f2fe4e3bbf1769a27e0959e28545c256c9bc61ad653f20e,91**********,+9************,ad********************
Aarav,Ghosh,52,F,1974-07-23,3899f2cee880c6392ecfba88a6c3ce2aa9f14cd349fb156e01fa34ecede20b3b,91**********,+9************,aa************************
Aditya,Mishra,62,F,1964-06-13,687eea855b2141c9b9b456d62f95581bc6ee5de2ee9f5f5a62c04e8464f8bf98,88**********,+9************,ad**************************
Aarav,Iyer,58,M,1968-11-24,47cde9ac574dea55b4e5965e1e72826de94533efed85f9d26af2982a47d64688,63**********,+9************,aa********************
Ira,Das,52,F,1974-12-04,3d3cfec6f98ca0b309ecafd68e1be32a32bb4be9d735b346a83538e2f4b5cffc,20**********,+9************,ir***************
Ananya,Das,12,M,2014-08-28,6da5c98a0e976031563964f81b319886e196349ae9f369ba8040a279181cfcee,64**********,+9************,an******************
Aditya,Das,39,M,1987-08-12,d1d80b986ad4f3aafa8583e4811c98eed91e241db225479fb96a1bc2f062c30f,24**********,+9************,ad********************
Shaurya,Patel,2,M,2024-02-17,2ecf542bc3058af0e6dece0cc2edd4a44dc3f2ae722b97a458bad48f0c4093a0,86*********,+9************,sh**************************
Krishna,Nair,3,M,2023-06-07,4501ed1c58dd1fd2e579358f8d11c8862f6f538680eb712ec38db5827d52e883,80**********,+9************,kr********************
Kavya,Naidu,56,M,1970-01-08,a3f9db27c556b278010e59f5f28449b842f638807f70365c644a7b56a2e3dfde,93**********,+9************,ka**********************
Aditya,Pillai,81,F,1945-03-23,2af52ca08bb9fbb89df00853ffc63d8669d9d91595d5543e8e0537bbcce1272d,50*********,+9************,ad***********************
Saanvi,Kulkarni,59,F,1967-10-19,826d7eee04de5765a3f2815d200f4e6e2c18d1df330d929150130b68521790f0,38**********,+9************,sa*************************
Myra,Reddy,2,F,2024-04-05,34cb09016abab11b69dcee3588cddc1f6bf194d04269a66a7f3d5d152f0b98d5,23**********,+9************,my******************
Aarav,Mishra,2,F,2024-08-09,1ad9508f8d51fe4d388b36a8b588d1e92cee002ecc6da00179a7020a09c34af3,12**********,+9************,aa**********************
Aadhya,Nair,54,M,1972-11-10,383b01dfc4b4451a547935fff6c78f551e330aa833ad796209db30958a18a15d,49**********,+9************,aa*******************
Shaurya,Sharma,87,M,1939-04-05,e958f2dc756a3c1c4d30f40512bdcd9baf35851950e7e1014c5429fad541b219,67**********,+9************,sh************************
Sai,Naidu,1,M,2025-02-02,dbe9cc3aec6ee0cc91048f46a9ed2f20f4d08e0249e8ab6cf78ec0d14930f3f1,19**********,+9************,sa*****************
Diya,Banerjee,19,M,2007-05-15,f6d76e21aea6b49de13c55f6d86f3cd1e23d2c30760b76b2896ba7bc18ee7707,96**********,+9************,di**************************
Sai,Ghosh,2,F,2024-03-14,1beed7d23e2d1c4909736ea917fc62445217e0090173c58c386af3e43d18ba28,99**********,+9************,sa*****************
Aarav,Joshi,53,M,1973-05-06,d7828af53487e3e70a2326cfe122d3c6ccb1ec727038aeda38c7093ad8a9cb91,80**********,+9************,aa*******************
Arjun,Mishra,44,M,1982-11-08,bdc50ba48d0be6aa003dd8438cee8b3fb28a6d39822633c122919b3043491d3a,30**********,+9************,ar********************
Saanvi,Sharma,32,F,1994-12-23,022b671b6c1a787f8e18f8f36dbe7fcbf50142158932d527006569dbebe96b3d,39**********,+9************,sa***********************
Ishaan,Agarwal,70,F,1956-01-17,df5b29f2ff7bba8607f3a0e88336de8a46fdaface5e5b3177310f9a192d55512,37**********,+9************,is************************
Shaurya,Joshi,32,F,1994-09-28,d3246c0f5d623a71c982c4b1a6b3ff8f6c8b4059269f23e99bc84b9425d086b3,93**********,+9************,sh**************************
Sai,Pillai,68,F,1958-12-18,479494608e848a1d5d0d63f7eca2960cb719fa53a73d3843775867fd73e68570,69**********,+9************,sa********************
Riya,Mishra,55,M,1971-03-20,304f4d73814c7a525c525b9a96053ef9d930c17a0f3b9888f8d7c5242bf8daec,92**********,+9************,ri*********************
Ira,Naidu,75,M,1951-08-01,e60442d25bc5f693c6cfc0937063c635de3a5baf3a0221977d97fdfdb824e54b,91**********,+9************,ir*******************
Riya,Sharma,56,F,1970-07-12,70a5bef1dba0a1f8694796704830dcefd2d3a7b27f7a3d0572a82eaed8f9a0e6,15**********,+9************,ri*********************
Riya,Sharma,56,F,1970-02-11,70a5bef1dba0a1f8694796704830dcefd2d3a7b27f7a3d0572a82eaed8f9a0e6,79**********,+9************,ri*********************
Krishna,Iyer,17,M,2009-03-02,252b1f4fb0c859e1f5fe4dd3f39223ac31dff1968ab3d2b5930b6909e6d1777c,18**********,+9************,kr********************
Ira,Iyer,38,M,1988-09-27,dfc6b0d0a6818f3de448f70c8c058a24b13b6aac4a0e824afa19291f3b042db4,36**********,+9************,ir****************
Muhammad,Nair,24,M,2002-11-10,f578969533b3f6b3dab72ec2fdc7d0592f61427e461cec167f4c481805ab303e,50**********,+9************,mu**************************
Shaurya,Singh,69,F,1957-03-15,9eabf0d062f2e17b6c93dfb21197af90d5f6f152aa5aa7f9fb548382ef5da74f,46**********,+9************,sh*********************
Diya,Nair,70,M,1956-10-08,dab551ca1c235e7c6d058329449bfead01b12059fbaec69f65cd8414f170965d,74**********,+9************,di*****************
Muhammad,Verma,86,F,1940-10-17,50199e82687945a48a32d61eeaa6776a7610a818ac2218152429693b186bed22,86**********,+9************,mu************************
Sara,Das,11,M,2015-10-09,03b33537d8a0c7abb68d200245c1e25b4cc8abbaf304b4a46c71816670e60eb9,72**********,+9************,sa******************
Aadhya,Ghosh,16,M,2010-07-04,bf52b129e3eaf405810ca84e9b5879fbe3dfd274912e85dd7d400b405aa7b6c2,68**********,+9************,aa**********************
Muhammad,Gupta,73,M,1953-07-21,680933683d5650204f499668478e9ceed7b994ffc70329e2e7e8993996f3cbdc,99**********,+9************,mu***************************
Kavya,Chatterjee,59,F,1967-12-16,360aedd4c530685d1e43c10ce4c08b4b058c3d72906b4d4ddc621c898663fb49,24**********,+9************,ka*****************************
Aadhya,Reddy,70,M,1956-12-14,2e06fe05d97653f378e15a1f549233d5975eeffe396e222055ed3921fa4a9de9,54**********,+9************,aa**********************
Anika,Iyer,80,F,1946-07-05,af73e26b43f653fd66c79ebf74dc6440a04dc060b0b4fadc2ff2726a16a2c325,73**********,+9************,an********************
Arjun,Das,3,F,2023-09-13,1aa298804347e327930ff846a03c7bbe5b950766bf36a0c2ba0dd1c55076acdf,33**********,+9************,ar*******************
Kavya,Mehta,20,F,2006-12-27,afbe1d334c79478b8e5626b3ba334e5e23163f59e7cf271ac0ca60d0fef851fb,57**********,+9************,ka*******************
Riya,Das,59,M,1967-11-01,6dbf5c97b3972bc33cc630fd9406dd1e2957e28daf5a308f8093967137802876,60**********,+9************,ri****************
Ishaan,Kulkarni,36,M,1990-05-07,e418a33441293cc1bdedf9aaf5268b3bd55d10b8eafe856461cfa59230986bff,29**********,+9************,is****************************
Ishaan,Agarwal,19,M,2007-05-22,36de8c394ea20850f7f2d64db77546deb8febea37f85ff31161770db64ff0db7,89**********,+9************,is***************************
Ananya,Banerjee,67,M,1959-07-22,11bfb207a6af40b89d6f9fea27b5195675e39b3e90275c4269ae478ae5a32711,54**********,+9************,an***********************
Arjun,Ghosh,19,F,2007-12-23,5f7e0863cdbd3370639e380a6ebd3f2003c8fb7411fd3cdbc9babbee32357e8f,74*********,+9************,ar*********************
Myra,Sharma,20,F,2006-03-22,2be53f37298895795632144e52510d368f55e0345c1caa035315f419bb8c795f,58**********,+9************,my*******************
MyraSharma,Unknown,20,F,2006-01-28,2be53f37298895795632144e52510d368f55e0345c1caa035315f419bb8c795f,53**********,+9************,my*************************
Ishaan,Kulkarni,71,F,1955-07-19,f783d91c35c828950d9d1abbde14b046134cb69597db8e0d62057cc1deb4984d,38**********,+9************,is**************************
Ishaan,Mishra,52,M,1974-10-25,23d2a290c26dccd5672c4167820cc3aa033038f25abee69afd105b6fe064c3b4,21**********,+9************,is**************************
Ananya,Singh,33,F,1993-04-24,d89f457da2c18257c6a1bb679b23f47cdc3028a2b1602941915d555c0069a2bb,12**********,+9************,an********************
Anika,Ghosh,40,M,1986-10-10,ccc098f9b3016d60ae1daa4eb5f952e98ea37e0641de12322ff95edbcb5150a2,83**********,+9************,an*********************
Aadhya,Chatterjee,39,F,1987-06-25,111d44677eca30b0ea72fd94c344984b58bc07fe9b893b14d57973583646ad42,44*********,+9************,aa*************************
Ishaan,Nair,82,M,1944-12-21,29cf2d89c3589449b2bdfaefe119244ad02151ae58570028b87fba3e1219c6bb,60**********,+9************,is********************
Aadhya,Chatterjee,1,M,2025-07-04,2b02232c958f1607f52bcb9a52298be186b284426ff53a827413c26508d082ca,48**********,+9************,aa*************************
Saanvi,Singh,11,F,2015-02-17,0b411ee3ec9648d9fa895746ee2ed2a856d2878ca8aec3c18bd43cd80587ea9a,23**********,+9************,sa**********************
Arjun,Chatterjee,57,F,1969-03-02,bf4ff98420fadf43b6c000838d75a055de2f506c98c68535320fa5759aa300cd,11**********,+9************,ar**************************
Ira,Iyer,89,F,1937-02-24,d02be7417e51fe7552ab07353c60563ed8030b794204745e691005408e715941,75**********,+9************,ir******************
Arjun,Agarwal,50,F,1976-07-24,6ab8a8743eee13a379d2cdc3e72ce0519cad4434e395705b497796e2feb00f0a,37**********,+9************,ar*********************
Saanvi,Gupta,23,M,2003-03-04,7fb7ffdbd85a3ce3777e234c2a13df6ecd93b7417cd5370936f89514d8f28124,22********,+9************,sa********************
Kavya,Pillai,31,F,1995-08-26,29b1d4689d2d492e0dc85259d203f7265a42f6f09b1989dc6872e657395b4d41,46**********,+9************,ka*************************
Arjun,Singh,42,F,1984-02-09,c06f7e72b998fc9e261e8d3ddfd20ab26150349272c2872e7cdc582105ae227a,96**********,+9************,ar*********************
Aarav,Pillai,7,F,2019-06-22,54a9645bd4276951211373d35b7ca4d150a476d23892b75d87a1eb9891a95dcc,89**********,+9************,aa**********************
Aadhya,Agarwal,16,M,2010-04-11,88659952d7f5e68c9a08f77a0ec08ebc2d007999fc6bb89770907d04ec125d69,89**********,+9************,aa***************************
Aadhya,Agarwal,16,M,2010-08-11,88659952d7f5e68c9a08f77a0ec08ebc2d007999fc6bb89770907d04ec125d69,38**********,+9************,aa************************
Aditya,Mishra,60,M,1966-09-18,d89496e015069848ee3b53848160288d726a08afe12ed03a7a712e071b976f88,16*********,+9************,ad*********************
Muhammad,Khan,2,F,2024-02-25,54880709cf829c2d0d703d6ee6f77deed4c47aeb026f35def2f7a6b2e789432d,50**********,+9************,mu*********************
Aadhya,Chatterjee,1,M,2025-05-20,3e07b24d68cceb8f5990bbe9ddead6b3884030d562f4a7d373834ee6a19c26ce,54**********,+9************,aa**************************
Krishna,Mehta,48,F,1978-11-19,5759cbbd9ff560db9f32097191f1ffaa36e0af9a58641ad1312045e947e97f1d,63**********,+9************,kr*********************
Ishaan,Banerjee,12,M,2014-02-13,6a614ec471009595426243a693f68a392894036d727277d632e4bd75ba4595b1,80*********,+9************,is**************************
Diya,Pillai,69,M,1957-10-23,5a9ab6e12ec4e942348d18b895371cf4040979263f639ba05335af4e3c09d3fd,66**********,+9************,di*********************
Reyansh,Pillai,37,M,1989-09-23,b11b2b07b8e9e629cac2cb3d8bddbfd980fb7ce7e8423952eca200faf0729060,85**********,+9************,re*************************
Ananya,Mishra,32,M,1994-01-13,bc76842e61ebedca26bcd9eaf418e5a4f40d29050372a9af629044dc36ec1983,58**********,+9************,an***********************
Saanvi,Nair,9,F,2017-06-27,a30633b70ec54da39307b1bca0ed52f5492ce95ffb250816dc2340e12043d255,34*********,+9************,sa*******************
Vivaan,Ghosh,19,F,2007-09-02,5ec00c52e5294492876a97164da5db93ef32b58ed8cf01d68226c1ed7b81a3e9,83**********,+9************,vi*************************
Riya,Das,48,F,1978-11-03,0271a1d8f8a99a208013ae3a75d36081e26d30472bc25ced8ac6dd1fcde8a2a0,97**********,+9************,ri*****************
Anika,Ghosh,80,M,1946-01-11,f544e84b3ee2afb7600700cd34508a9e137204a1f55bf2f05f7c9c793a06c5e6,81**********,+9************,an*******************
Aarav,Nair,3,F,2023-09-08,3c8495b8071ff5be77dccfa98c0a08010ac000350401b693a5f4b961b81520c9,25**********,+9************,aa***********************
Aditya,Kulkarni,20,F,2006-06-10,3803ac7fb64c7eeb9a408f241b02c35acff29c60c4d586f144124c8fd24a24ee,82**********,+9************,ad***********************
Saanvi,Khan,24,F,2002-07-09,78021f5e58967b662c6fc543fe4abe5260c2e255491284fbbf49db28798a9b65,15*********,+9************,sa*******************
Krishna,Kulkarni,54,M,1972-02-06,d3b928029d494708eb591e8d42c935363494bd162fb1cb01829009349f88a1cb,85**********,+9************,kr**************************
Aarav,Verma,33,M,1993-12-11,bfbd09d804a4325c66b9ca8d063a804f83a8267bfe9f0ec618ca9ab999247225,13**********,+9************,aa*********************
Reyansh,Nair,24,M,2002-07-11,9a57d7ee1548ab67caf8771c78d3e18274a374f4171abf9c1204676920d8051c,24*********,+9************,re********************
Muhammad,Pillai,75,F,1951-11-10,b946ce82312468e724eab57f3262a23b6c9132c8e6e30713a8848f6e7ba5688f,18**********,+9************,mu***********************
Sai,Chatterjee,72,F,1954-11-05,d875da9e30d8c13cf9ffaf98a173908efd97998420362dbb0b645c106a87a144,76**********,+9************,sa************************
Kavya,Banerjee,36,F,1990-05-07,0b711589c85c0598cb8cefd7c1e81df861d5a2f114aac38b9b00ae407209b7fe,88**********,+9************,ka************************
Sara,Ghosh,38,M,1988-09-15,025863560afc7b8c9b2bb07f8c9b0b0e121df2fbbbe2f5a805e4307afc34d9a0,82**********,+9************,sa********************
Anika,Iyer,84,M,1942-10-03,299bf2b46c2d2014c31c4e663242cf1252c7b080d88cce3b4a92f83b74d0b156,14**********,+9************,an*********************
Kavya,Mishra,89,F,1937-01-11,40c03dbcde9c7d0fc0b823cf6267f85696cca251dc443accf6ac27f6de5bba48,75**********,+9************,ka********************
Sai,Mishra,25,M,2001-02-06,d9b6a9917a89ffe75a69702b745bac5690f52c4610df6ffa7c927dbe92f70f16,64**********,+9************,sa******************
Aditya,Naidu,18,M,2008-10-07,e34d7953edffb5aa7d573df25e747cf0750e426691648d08082ee9d74512c5f9,28**********,+9************,ad**********************
Ira,Reddy,82,M,1944-02-13,856bbb0eb3f62ba53d9232d061765401395111a87959203e6a069e16a3df57fd,87**********,+9************,ir*****************
Anika,Pillai,66,M,1960-06-02,142269fb0b4837a6e59968db67dd27409803d9d8ee3cfcd2f7b6e12f15b26ada,39**********,+9************,an***********************
Krishna,Joshi,54,F,1972-01-21,8902a17473b6c437ff8c43e32cd934e7c42b00cb9b0bcc915a31c2c87b31af06,14**********,+9************,kr*********************
Kavya,Chatterjee,35,M,1991-09-09,a5d7ccdbaa33ef6ad8ff6cdca600e6bb1ab3186089c6286d1695f87fd374721f,84**********,+9************,ka**************************
Sara,Mishra,80,M,1946-02-17,15474c9cee1beba259edfb2b489818d89d5317ad2ef1ad85bcc0b9f471eec72b,65**********,+9************,sa************************
Vivaan,Mishra,61,M,1965-04-19,92eb1a7f77b6b0b1587404e822cb87abcada05c31c4923f5f5cb4cc9bdeeff95,22**********,+9************,vi***********************
Riya,Agarwal,41,M,1985-03-09,ab354da3fa71b24d589ecd87a5023da29288a6d317b2edd06829a827f500fbb6,30**********,+9************,ri********************
Aditya,Mishra,33,F,1993-10-05,d0ddeec2f73049c694df5642f7a851d610be1cb9190b8ca2b666a56e54da51f6,90**********,+9************,ad*********************
Ishaan,Kulkarni,68,F,1958-02-01,83c85f81da982d4c9ed3c2fcc836cdf2659cfb58f416a0ba429b205847099db5,84**********,+9************,is**************************
Riya,Khan,33,M,1993-08-22,ef8c824a356b9f1c99470aab441219594cad3791ef47a5d4746382ddf37d2180,29**********,+9************,ri*****************
Reyansh,Reddy,14,M,2012-12-25,b68bc56e81ae3ddb848d16e8612aa85a267d40112a60717adb62a778ba985b80,68**********,+9************,re**********************
Aditya,Mishra,21,M,2005-12-24,08198b0acd2a75c2621123be72730f105a8950937931312ed96e5ffdd406f017,24**********,+9************,ad***********************
Anika,Verma,48,M,1978-09-14,24cc460298985b5aee0c677b130089b61b88652596bf3938bcd37a68cedc582f,63*********,+9************,an*******************
Myra,Ghosh,20,M,2006-05-10,a29b0b8a8a5283bcac0ee3f87fc316a362732ca213d0d6508e9fe78f2c82a662,46**********,+9************,my********************
Aditya,Reddy,8,M,2018-10-23,79b28ae955b3e4fefb94b8b120f761c3a799d2a1cf92e007cbf832f205ab5658,62**********,+9************,ad**********************
Ira,Naidu,7,F,2019-10-02,f87eec8033c9a4a2b206329ce8f33d3fa1bfbf179aa265e4669aad0ed345f56d,12*********,+9************,ir*****************
Muhammad,Agarwal,67,M,1959-01-26,80585c698e1ff4e323dfc9b3e5e89160f4cf219321b27396c167f1ab4b57b3e5,84**********,+9************,mu*****************************
Aarav,Joshi,17,F,2009-10-07,05eea77c075ff7329e9eb383df908cc03d91db1aad14d9e93f0e534a08c2d972,20**********,+9************,aa*********************
Anika,Khan,33,F,1993-08-13,b4b2afa486548039f1dedde245ee37b6266f06f8eca7239e552a678ca08a0588,11**********,+9************,an********************
Ananya,Kulkarni,48,M,1978-09-27,fb8fab599298ca767005a6c1027c660a1c2d3ffd621b3543c2e094475a60f63a,26**********,+9************,an*************************
Aadhya,Mishra,76,F,1950-05-03,ed0d591e1541e972df852ab1f85f0151ede892b9b811f3e4020bc5d4f00046e5,76**********,+9************,aa***********************
Vivaan,Agarwal,59,F,1967-11-24,cf1439f7f4c5ac458c8f45afbe1d9edcfd81d976c3b1ef5c84b956777ebc0feb,35**********,+9************,vi***************************
Reyansh,Patel,86,F,1940-12-08,2f421b3dbb240a28a434b83b1cd56f07a31b837f7ed07d6d7286da17287b5bdd,27**********,+9************,re***********************
Arjun,Kulkarni,22,F,2004-01-28,529dec5beaa31232a407ae3d6252f982c310cccdfa7e03ee0b760e4365e74602,33**********,+9************,ar************************
Ira,Nair,30,F,1996-01-17,04dc00943c6cc896642b413a0bca1fa231546546ab965f8f9d290a068e3bae06,57**********,+9************,ir*********************
Myra,Khan,38,F,1988-11-07,048c0b96060f4d3b4701bde452d4b9f8fd255421f16e96394f39d7a6660db18c,85*********,+9************,my**********************
Shaurya,Kulkarni,51,M,1975-03-16,1e78041380d764e5549aa2ac4322bd122bbcfe26a54e5cb0f6f210f11b89c73f,59**********,+9************,sh*****************************
Shaurya,Verma,54,F,1972-04-18,745580e3e72a6d677b2701237c5fa67d1f5021ffee40ff003262efd750cb6349,55**********,+9************,sh**************************
Aadhya,Iyer,8,F,2018-05-09,7acaa29fea4b531642bd8df15c9827d392571ae1861fa4b928b10f04cd972899,22**********,+9************,aa************************
Sai,Mishra,27,F,1999-09-18,2d39469ee325a2c3075d39c04de8e52cfbc1092298f34ced68bd33d45d5d1d7a,12**********,+9************,sa********************
Ananya,Agarwal,27,M,1999-11-17,e28d79bc75f4ce24f9fb6af4dace2150680aaaaebf60bd778f49c587840f3e9a,61**********,+9************,an************************
Aarav,Singh,21,F,2005-02-06,f0260781fb2aba4e4277a4959cefacd2211aef405843b1b72f148059b1d4d91e,69**********,+9************,aa*************************
Anika,Joshi,30,M,1996-03-06,75889cacbe32620502724d1e0c9489d9fb0cdafef8b085e7e3b558c4871c7132,54**********,+9************,an*********************
Sara,Verma,28,F,1998-01-25,37f70e517d13b58c91152dc3c591320d5d08e0be15019d148e5655232948953a,34**********,+9************,sa******************
Aarav,Nair,64,M,1962-09-27,2b4f9a36a08983a014ca1b0c4623c8bd01849514b4efa8ec0bfb8c38c7d44e76,49**********,+9************,aa************************
Anika,Joshi,69,M,1957-10-15,3f99f09b8067da26accb576db3f2755d59455a28748eeec02fdadd515a928c70,55**********,+9************,an********************
Kavya,Agarwal,61,F,1965-03-10,1e5b5e5e2726e92d43a323d8f50a994cba39b290d4cae816a26d15ae2e7cb1dc,84**********,+9************,ka***********************
Aadhya,Khan,48,F,1978-10-08,1244258127ff3e4e2a0c965fc60154de658644e5e621ab1c633773331b25c5f5,25**********,+9************,aa*******************
Ananya,Chatterjee,19,M,2007-11-08,100f06a7bac943af78bd02e7f9e374f42923eee06723cf42bd02fa6e076c6776,68**********,+9************,an*************************
Shaurya,Ghosh,4,F,2022-05-23,7ea67ab0080ed1ab30e2d750fca3db6876bdb43354c5a30f296ec4835574128f,84**********,+9************,sh***********************
Kavya,Chatterjee,35,M,1991-12-01,f15c5a7ae439f4d0d814a0da0ed58a95284bc4359467ecfbb10bcd62e48d1e17,50**********,+9************,ka**************************
Arjun,Gupta,64,M,1962-03-02,a4da1fcf2618f75ca448b2f137763789ac6d1f279aac1a0e4865f0d7c48f840e,73*********,+9************,ar*******************
Anika,Kulkarni,49,M,1977-12-02,b0bfe7ea76889d4b319c3ccd2fd1d8cd443f7cac693f30da883ac5ce072f96fd,87**********,+9************,an************************
Krishna,Iyer,17,M,2009-05-16,fff87090542f8b51a79bf35133444b0f8471fe4637a7ded64d144766c44e7bdc,18**********,+9************,kr*********************
Shaurya,Verma,44,M,1982-04-01,bd0ef7ac351464ae1f4858d80d738a666e8a9798b43083c61049fc65b4ef2eb0,31*********,+9************,sh***********************
Saanvi,Naidu,30,F,1996-06-21,ea2b1af5291e12c0c2611bb064e78be7b194642f34f2e9ff47c1ae8e4c81c7bc,92**********,+9************,sa*********************
Ananya,Banerjee,46,M,1980-01-16,9fca29bf66969aa3fdb96b272c6b766185937f5a27ffffdc97de71a222add84d,73**********,+9************,an***********************
Anika,Kulkarni,6,M,2020-02-17,b9b32695ba2e1d29e815b3bba7f97a87fe9d15eb10a414dc07784292ac860899,73**********,+9************,an***************************
Anika,Joshi,37,F,1989-04-11,0a093d698b33ad8f3a16b652d006c66718f552e2709910d5db13ce04faab6a6a,48**********,+9************,an********************
Aditya,Das,24,M,2002-11-03,bb7774ccaf953afb4ae638b67587b7b5f0570cabfbbdf5e8da80edee03a0829e,87**********,+9************,ad*******************
Arjun,Sharma,46,F,1980-12-19,b4fdf273d54b2ade5506a89ba09603e0594ca44b488621e16852cbc787ac395d,31*********,+9************,ar********************
Myra,Agarwal,53,F,1973-06-26,2d8aa20384aacb9b04827e3c5ebead3d12aecba76827f609ebb69a373619ee49,39**********,+9************,my**********************
Aadhya,Naidu,60,F,1966-04-17,acaa798e8ab832a8831bc3b9ff7b7ad8e4926ab6ecfe3615f68d17b4df47976f,14*********,+9************,aa********************
Aadhya,Naidu,60,F,1966-09-11,acaa798e8ab832a8831bc3b9ff7b7ad8e4926ab6ecfe3615f68d17b4df47976f,86**********,+9************,aa********************
Kavya,Joshi,63,M,1963-07-25,901331ea90015d4bc0291766f4f107a0d34cb5ed3825fec0e3dbd03717fde73a,58**********,+9************,ka*******************
Kavya,Sharma,85,M,1941-05-08,576f2b5c5c776cbeb15003127b514a4311d2de2a9e3efe9a4ba27e25ace5cb12,77**********,+9************,ka**********************
Myra,Iyer,32,M,1994-03-09,c9ed8557564494bbe7442b4bc16c6e43b59a5a4be7ceae2c1c2e95f875aa2c21,48**********,+9************,my*****************
Aadhya,Pillai,87,F,1939-12-23,d1406331ab9ef39ab2b3392b85933c1dab382970373f5b7ce9dbef3bf9b912b5,44**********,+9************,aa***********************
Arjun,Iyer,33,M,1993-12-21,925ec241dafb2b93be2f3e97032bfe0e5cb88bd62b489c564a2851b26066b331,40**********,+9************,ar********************
Vivaan,Chatterjee,67,F,1959-03-02,3690dd88fd47d82ecc15b98b3a6543e9b3b99ea9e554806446dabf33557a288d,60**********,+9************,vi***************************
Aarav,Naidu,18,M,2008-08-19,e7e2fd3e0f43413b0f2816f9133f31ae829030872daf7ce985303c5a37c94eeb,99**********,+9************,aa************************
Shaurya,Gupta,25,F,2001-04-18,e0d8c1e25660b0d08ac00572c2fef43d82eb0e315d4141db6970f74cb7183bcd,16**********,+9************,sh*********************
Anika,Chatterjee,54,M,1972-06-12,7e41938799d4afd46db8bc75a3b0b483a41627daacf0c1f4f8ecee4cff16c534,14**********,+9************,an**************************
Riya,Das,58,M,1968-03-25,a4df934159e17c6f77ef8d393588441f9c9abcf50194d863ddfde514c1ba87be,42**********,+9************,ri******************
Reyansh,Nair,67,M,1959-06-07,2931a606a61afdcb673da2a9e0ac7d0783f700c913a9f329ea2ea116a99e8c3b,39*********,+9************,re*********************
Ira,Das,46,F,1980-05-06,87979b85c18377fa3ee43dd3364f334c31bb16b6c28c39aa06a0ace2b2bb137b,88**********,+9************,ir*****************
Aarav,Reddy,24,F,2002-11-13,0e711df54c5a4d521d94280c5de2ee7b1c91cd052b2a5329921f5ffe1065c042,94**********,+9************,aa*******************
Aarav,Das,32,M,1994-01-08,6146a37de4a35d497db192de8d10396565922ccdf65b165704580b3329be564c,15**********,+9************,aa******************
Anika,Mishra,47,M,1979-11-09,ccf9bd5ff5d83a193323ce5f3df498036b7b1159d06d994ae19139d4297a49dc,76**********,+9************,an**********************
Ananya,Khan,86,F,1940-04-19,acb156fb7ddfad7729b4e1b7bd797e71b0e0ac40f373868930aa72f10afb0db6,43**********,+9************,an************************
Shaurya,Naidu,23,F,2003-12-23,a4621f35fd3231fbb9eb9e2f8c47ca4f399e9135327afbca8dad3cfcc75d5cc1,95**********,+9************,sh*********************
Myra,Nair,66,F,1960-06-14,07a3446b70aa29f89b24c87767b53f0e01c381ce0b141dbced2d616ea669d4f4,29**********,+9************,my*******************
Diya,Verma,27,M,1999-10-08,cfc35c9d3cd9f8deea603f67203cba18ef85d22d30213c6a46b654ef9dafab3e,42**********,+9************,di***********************
Arjun,Khan,2,F,2024-08-05,ff421e0eb5002c2a9944fa12b0d74fc8ef50622bbeebbfa26b19f0e802effd18,51*********,+9************,ar********************
Sai,Gupta,17,M,2009-08-23,95ad0f4b0913dec364723df2b083ceca579055a93f5a310cd1067563ce2a6eba,60*********,+9************,sa*****************
Ishaan,Kulkarni,33,F,1993-11-23,5d042d25d06d51fbd78a2786c9f26c209908332be3a106bd04d4ca9068850202,66**********,+9************,is**************************
Ira,Naidu,9,M,2017-05-15,f820bcabe2cfa92b6146e4c4ce301609ca46e5204d9283832d66bd798c93f95c,70**********,+9************,ir******************
Ishaan,Iyer,43,F,1983-12-17,e34896f79a0e0759380ec16c206f581d69ced88424a2c7256da86cdf0e0a46dc,47**********,+9************,is************************
Ananya,Reddy,48,F,1978-08-03,8d8f20ae93511da1fc31c3431fca0b705933fa3f85fc69c991b41ea56371139b,98**********,+9************,an********************
Aditya,Verma,39,F,1987-07-18,0e5000ef0f412921e5b5896809226c2a356352c7c85ee1b3500ed05f85001720,21**********,+9************,ad**********************
Ishaan,Banerjee,42,F,1984-05-21,9c0013f4322332d261239555dffec69c06732e935d1aee087ffda938caa7c7ab,25**********,+9************,is****************************
Anika,Chatterjee,26,F,2000-04-07,1512a5baf5e3aa4d825173469c8e1c926d47b56c3d4cefa02a289248d37a808b,30**********,+9************,an************************
Diya,Verma,50,M,1976-01-06,9bac6b18c15bfdb3a5e18c3e5fb7ccaf908c88cedfbbcdd169751f44b2230a32,67**********,+9************,di********************
Anika,Patel,25,F,2001-03-06,2b4d0c8fdf599c052b4fd074e6545ad56cfab92217400417ac526e1780373df0,50**********,+9************,an*******************
Aditya,Ghosh,24,F,2002-05-16,fed7830ab27aed68bf31644c43cf29b25436d2d52d0d657335cc97b7f03958ed,95**********,+9************,ad**********************
Sara,Iyer,13,F,2013-02-16,cd5edf67052a03de5a25e4737de41990014e3d5225e431755c3604ee897399a1,45**********,+9************,sa*****************
Aarav,Ghosh,60,M,1966-12-21,253e3decf26bba87ebad66473c9ad56664e004ace4b3cf396b23d9b89fb2d722,95**********,+9************,aa**********************
Anika,Das,7,F,2019-07-14,c5435a1fb72283976eef5af06b19e80deb12ba6dab03da97f29f2792c1a248c5,29**********,+9************,an**********************
Myra,Gupta,57,M,1969-01-04,e4a82b2a713097e6262aef24c33fd7d503c875339f1864d37634936f3a800a47,83**********,+9************,my******************
Reyansh,Das,36,F,1990-03-21,b48fae1fbcbcd5a9cf70bb89421239b93e240237c143c30daa9193cfa9486d26,99**********,+9************,re*********************
Myra,Pillai,45,F,1981-06-03,e6450104d06644bf2863df9ed5582ce863511dbf53e43924bf1abbcc17608272,60**********,+9************,my************************
Myra,Joshi,20,M,2006-12-02,9fc95a8fd9fe12d501fd01db3063ab9c5330a24e9235a6dbd1ef3aaab3f0a06b,56**********,+9************,my******************
Myra,Nair,65,F,1961-04-03,42b87e547dae3cf711f32022a9cb7cf3f038e48e2752358e9b58cd59aa5e7d1c,73**********,+9************,my*******************
Diya,Joshi,8,M,2018-11-05,7e8681b0b5dcad0de38066ad7b0a7c2be54c6d39727b1b40a94c03a56faa1c3e,78**********,+9************,di***********************
Arjun,Nair,16,M,2010-09-25,051179b157321a62ad4c619eb42654918b3783c788cfba6aa7fd34b1c715c5f7,68**********,+9************,ar******************
Sara,Patel,14,F,2012-03-06,460b5a5ad37a13083a7b252b274cf64127648c898c6e4c0aa2e4dc3f038674b8,43**********,+9************,sa********************
Aditya,Verma,76,M,1950-10-08,34c50cae2a69e63d8ab12dad7deab7d899ec2b075a9fd574b07c2ab05d81b33c,98**********,+9************,ad***********************
Krishna,Sharma,87,F,1939-02-14,300e516422f3080e62d5a1d3d4f1b482b578c710975404636d66c302974b9586,95**********,+9************,kr***********************
Krishna,Iyer,15,F,2011-03-03,b86c4bf1fa01ec51c15c338168d4e625007e59b602487261959fbf8382ec9ceb,99**********,+9************,kr*************************
Shaurya,Nair,66,M,1960-06-15,e99a397d871abe71fc54ab78202753f568d01b3583d79b3ec7d3546f35fd8405,47**********,+9************,sh*************************
Aditya,Iyer,32,M,1994-02-13,c4815f266028f068c58e0b99f862eeaf65c210e25072af5e72a63ca53af020e4,71**********,+9************,ad*************************
Kavya,Sharma,87,M,1939-08-13,dddedd8a74bbafefc91cf56c5d32abf6103f6214a807e64508c072a1923a4ecc,14**********,+9************,ka********************
Reyansh,Khan,63,M,1963-10-20,0c217e152ccd55f1a535c71a74417b87d18517d362761af9e40aec699d050137,96**********,+9************,re********************
Vivaan,Mehta,86,F,1940-11-22,d181fb10cd0eb2f656ea39612115738f4b176e2cffb0feaf83cb236c379d120a,17**********,+9************,vi*************************
Anika,Iyer,51,F,1975-04-07,013d99516c3b5284e05ed24e98fead9f9c3fc2ccc5886314c7ff6b72aa3a2482,29**********,+9************,an******************
Arjun,Nair,25,M,2001-06-18,b56dbde0e0be2b561f40b96027c685159781a84b10adca21d650d985af9ada1e,46**********,+9************,ar********************
Kavya,Khan,58,F,1968-07-14,33ea68b459868b9c8926656af97a0b74cb353e94591689436b4d73861c571992,85**********,+9************,ka******************
Reyansh,Das,63,F,1963-01-03,b10cca87bf39c2434d094f305e8c8bbe33583cbb8f70956cc9b07aa8d93058c9,27**********,+9************,re*********************
Riya,Gupta,62,F,1964-09-14,5aadc6c083027b2b87c4aecc6767c86098104772d3a66d0dda11ab4cd031b0b5,76**********,+9************,ri******************
Anika,Sharma,22,F,2004-09-19,7ae0a3e744a2bd37750d3b84ed95f70b570eb5c4367f6454611d81e778484d33,53**********,+9************,an**********************
Reyansh,Das,58,M,1968-02-17,37b790ac45eacb4d66f50b7c5f6adfbbd850f1ef459633d46e1335583be1bff6,97**********,+9************,re**********************
Muhammad,Chatterjee,58,M,1968-09-16,6ca38ffc450ae62263f740a07c50384cf41b8e1fbbdbb5702cfbe6ba296c293e,71**********,+9************,mu******************************
Aarav,Mehta,86,F,1940-03-19,081a2b17323ae201cb16fa33d3c2494e3cc3d447b9114a9680b391d9d76c6b25,54**********,+9************,aa*********************
Aadhya,Mishra,49,M,1977-05-09,4e93da8edd75970ab4661c644bc1ababc1440bcce6e1be1e781a20f5ca67dc38,90**********,+9************,aa**********************
Riya,Iyer,52,M,1974-09-28,e453e79b699aadfa85bc39c7dd2730f841d1f87123c949fdea49d3dc23717e6b,19**********,+9************,ri*******************
Ishaan,Reddy,42,M,1984-01-21,c4373c1b39af67a844b4f0fcb9af4efccc01f7d47ee13a02e81537fb003c3306,29**********,+9************,is********************
Sara,Das,70,F,1956-03-17,5db4e5dc07ac3fe8280e13a01e32e7f031f078e4af45dacc27f1e2f07c5bdbc5,27**********,+9************,sa******************
Riya,Iyer,15,F,2011-05-09,ec0811c1674ac79813b0b65c9f9a11f245207d0976e55485d92910094e644390,76**********,+9************,ri**********************
Vivaan,Mishra,54,F,1972-11-01,0e699f0e06c390e586417eb020e3a0d80b33e618c62a55599068d510c850b9e3,96**********,+9************,vi*********************
Ishaan,Patel,60,M,1966-02-02,e1688c6ebc004780bcad9096d26756199cbe40862ca62d8e2d77c7a2f82d0a5d,18**********,+9************,is********************
Krishna,Khan,8,F,2018-08-22,67bd3af4aca1935d5e894c39596c00c1462af5936ac82f98cb783078b32b6c0a,11**********,+9************,kr**********************
Ananya,Das,53,F,1973-05-06,1912700de81700fc229f08af6a55351ca14389ea0c0b682b5d98f7e43fd18f79,65**********,+9************,an*******************
Shaurya,Agarwal,60,M,1966-08-23,b3e6d1ab51a6c1534788e4eb16a6c052c8bdf5dbbb9b409228f6f9687c117684,39**********,+9************,sh*****************************
Sai,Mehta,5,F,2021-03-23,6c3dd074cca84038820e44fc7349e07d377e8f5d75c8d3477c345ac57fdc04ad,11**********,+9************,sa*******************
Riya,Khan,68,F,1958-02-19,badbc8cd2f0a1abb3798a7e4bfe25aeb01f21bc0469d012e92ad7a53f4909490,87*********,+9************,ri*******************
Myra,Ghosh,6,M,2020-09-02,68817845c7bde67edec29d198d21c1460e32dcbede85fd085f7ba7a632b75af2,46**********,+9************,my*********************
Muhammad,Kulkarni,47,M,1979-04-16,705e8a54ff06745a1d7eb7683081564cad6419b93cd7e231e99b8e45438caae8,61**********,+9************,mu******************************
Aditya,Reddy,55,M,1971-02-07,057f584babdcf5f8b5a00a11422fb1d3548b0f6452655b0d7c48cae445d21bcf,84**********,+9************,ad*************************
Kavya,Verma,40,F,1986-04-23,fe8378226aea284fc0bde70c404202521495e2831d1809e19eed560393f944f3,82**********,+9************,ka*********************
Shaurya,Kulkarni,52,F,1974-10-08,cb8500518a266d0a024d0a16e212d8f568a9d5a6ff092b0c3a15c9f2851823d4,41*********,+9************,sh************************
Diya,Mishra,16,F,2010-06-03,dc93ed732046e4d5d66a832fbf972b92250dc026592500fe1125c973ec8b9e18,56**********,+9************,di*******************
Diya,mishra,16,F,2010-07-25,dc93ed732046e4d5d66a832fbf972b92250dc026592500fe1125c973ec8b9e18,62**********,+9************,di********************
Diya,Mishra,16,F,2010-11-09,dc93ed732046e4d5d66a832fbf972b92250dc026592500fe1125c973ec8b9e18,10**********,+9************,di*******************
Aadhya,Singh,13,M,2013-01-18,6c0423de651123c912d7462051e6bc345be6288cc0aba56f3a25d1004a12af7d,32**********,+9************,aa**********************
Sai,Pillai,30,M,1996-02-26,ceedeba768ebedbf35f796e8c8edbaedd1377b9bed74c1e9d1ffa6c4d80c8219,81**********,+9************,sa******************
Vivaan,Gupta,19,F,2007-01-04,493f03c091f1bb5b6181ee7ab114c66faeda7d62a9ca480f33d547d492e5b590,22**********,+9************,vi********************
Riya,Iyer,17,F,2009-12-22,109ca04420be7bd482269ed2ae4255dcd71241c4ba0ccae0fec8c698ff0eb2ae,78*********,+9************,ri*****************
Shaurya,Mehta,63,M,1963-08-02,090523303005a2552d9d5c402165ea90e12c9b22363db18588f61372dea81132,15**********,+9************,sh************************
Shaurya,Mehta,63,M,1963-03-02,090523303005a2552d9d5c402165ea90e12c9b22363db18588f61372dea81132,97**********,+9************,sh**************************
Muhammad,Singh,19,M,2007-03-19,e0c4ae7c95c83413b3810dd2b7255fcbf8bf407eef7a1b01f21fc01e0d1b73e1,21**********,+9************,mu************************
Aadhya,Banerjee,58,M,1968-06-14,2382878de23938315ab4c1890663304c3efc5452d54d7774deb9a052078d4cca,68**********,+9************,aa*************************
Reyansh,Iyer,55,M,1971-08-26,b0b0967aa76f93a11b6a6eb1aea7382efc39b6cb4d5c347ab133813463842e8a,29**********,+9************,re**********************
Reyansh,Chatterjee,62,F,1964-08-22,5e61dba3d3be01ce56f0eb0a343414c0fba66c93eb90e7c52a7cb4b0481b8314,31**********,+9************,re**************************
Diya,Khan,23,M,2003-11-03,f6861027e97fd3c0d6dc2343758ac39888e39e1a05c31af7b55f17a294857218,79**********,+9************,di*******************
Krishna,Iyer,9,F,2017-09-22,e3c878433ba57c2ca8f9d7b744b733276d9abeeb89a525718046754145e586fd,46*********,+9************,kr**************************
Diya,Pillai,12,F,2014-03-11,0e6bd3c6a7ea5235ae22a6c35dea9a80ebb66b6997afe587cc69b4be29ae576d,65**********,+9************,di*********************
Ira,Naidu,1,F,2025-06-12,ea9422e929a13d02813de016955d26a0bfacef41fe3958c78687e7389e504468,79**********,+9************,ir*****************
Shaurya,Gupta,58,M,1968-02-03,d79a34f57b1a7071f7288264b812d63b840ca7fee1b295f044992392ab2a1e9c,81**********,+9************,sh**************************
Aditya,Gupta,1,M,2025-07-22,4f0fcf7fa9722f71c9e589360f458c2e186b3827dc766e79c6d467e5614e4fe8,11**********,+9************,ad*************************
Ananya,Nair,34,M,1992-10-11,671275e88f80ab6612b251a834bc7c2c958d795dd8d53e18ca9e1e16136f7771,56**********,+9************,an*********************
Aarav,Gupta,48,M,1978-06-10,ab9f8c049da1799973249de41a2e0981bce29c28386eb04f7746466cb4b8c085,88**********,+9************,aa*********************
Shaurya,Iyer,89,F,1937-02-02,dc6fb047661bda2ba8f327187b9cf1aea702d869d79b63688e0ebfde76b1f20c,47**********,+9************,sh********************
Ira,Banerjee,1,M,2025-03-18,c6595c4a92145df79b40adffdf697cd7ed563bb14fac14e4f9010c1083ded6c0,45**********,+9************,ir**********************
Ishaan,Mishra,16,M,2010-05-25,9a5d603fd6eacc409027cb091b3ea3b03a3857bd38efe4a1b2ad7e450b585085,67**********,+9************,is***********************
Aadhya,Pillai,61,F,1965-10-27,c572be8c765284c030826ccc2a248fd4d939365db7b6eeb4afde34c934deb9b0,97**********,+9************,aa***********************
Anika,Sharma,64,M,1962-09-28,adf953b0aa847b5182673af99fb8a2be406f8fd8c9aa9affd2f8d50c1d345e43,15**********,+9************,an*********************
Ishaan,Patel,63,F,1963-06-13,4ff00403397e83e71b7bac58d46092c1f4c0558542749ae813ddab899eacdeb3,63**********,+9************,is*************************
Sai,Chatterjee,69,F,1957-12-14,20e09fcd1bcdf6adcace35266b8c3d44d1b16ac792d199846a07ecfb1f4d5dd1,55**********,+9************,sa************************
Reyansh,Naidu,22,F,2004-02-01,7cc494ed01333ca3c7ab0eff63086589b5a996ac86ecc321bc389393be71b5da,99**********,+9************,re**************************
Kavya,Reddy,67,F,1959-05-27,2289bf748e0e8ad06321bd12f0906128d2a91e7327757bc10bd7a6611a2c9287,28**********,+9************,ka************************
Aditya,Pillai,76,F,1950-03-16,9c476f4d33fef5a4952438fc92ccea5fa9c8038dd60020214844767d92ef0dd4,87**********,+9************,ad************************
Myra,Reddy,26,F,2000-06-17,6d64c5db9320443a09f781a2448e89f34f0981a8a62009bf634605c5eed2f85c,47**********,+9************,my******************
Krishna,Joshi,16,F,2010-07-21,74b5ac26638e5b28480737ec4ddaa86564e552841398bf9790f80b3e77bcf91c,29**********,+9************,kr***********************
Reyansh,Banerjee,51,F,1975-11-26,d4ccbfadbe630f46c135d0d8702ba98455bd03cd6293144ab3c60b8ada5cc378,48**********,+9************,re**************************
Aditya,Khan,86,M,1940-07-11,e3645aceaf7263fa768480a43ba4286e60fa254f986bb1b251864417b42f1c9c,51**********,+9************,ad*********************
Reyansh,Chatterjee,57,M,1969-02-04,c2f61e9be3d5b855846c5c362bdd35e8d1441dfab903d122b461088e3a36830d,28**********,+9************,re***************************
Arjun,Khan,29,M,1997-04-05,dcadd8f9dc6e69dbaf18cc7bf47beee23eb6d886188c54137af3eff804a0c35f,54**********,+9************,ar******************
Aadhya,Nair,78,M,1948-02-02,9182058658b2ce97182ebc13b51ac923a7c0558824d95a958924aa218357a9ed,23**********,+9************,aa*******************
Sai,Naidu,69,F,1957-03-22,a2f706b6178c3f8090421f61031e0b4e0f53cb1323a0f935479b2570ba0b6073,14**********,+9************,sa********************
Sai,Gupta,47,M,1979-02-27,547d9344fb2018b3014f8911219667d36401d2e162a40cb2f7f9302c1a662630,24**********,+9************,sa*******************
Diya,Naidu,62,F,1964-03-15,10760f5869cb3300ef931074f9a321622460186725400f7051c238775eac7953,33**********,+9************,di*********************
Ishaan,Pillai,69,M,1957-09-05,419b628fc9ea162e745f43386796fe33831c7c6c142a4bbc0e5bf7dfd2a89f8a,56**********,+9************,is*********************
Ananya,Mishra,76,M,1950-11-27,06931cd777aeb4cc686fbc5e50786a9d9cec0e78ebb989a9e076330b62a6f35c,48**********,+9************,an**************************
Diya,Joshi,16,M,2010-08-17,8dc928bdd6a7a7903365d77c2b04a4497020886d70a70ea3f8a4d2574e755aee,64**********,+9************,di************************
Diya,Sharma,48,F,1978-02-08,1f48e7b58235f1c6c2b7353190b545fb09ec1a460a4d9b3700a2542cb336f9ad,66**********,+9************,di*******************
Riya,Khan,85,M,1941-08-04,3137acd53e7393d62aff5f9ac454dbdcf8a6936f50b2d40d98af38a5d86609e4,99**********,+9************,ri**********************
Arjun,Iyer,39,F,1987-11-11,f2e1cb35b74d366920d797365caeeaab3eea7db0becc60fb58aac63acd97e1de,73**********,+9************,ar******************
Aadhya,Naidu,33,F,1993-09-11,a8d3a0706b90b36155c04d4b89075e41c3b938d6e766092b6952382382ae7676,91**********,+9************,aa*********************
Diya,Iyer,23,M,2003-09-22,fbfdae7167ca504fb6574b58058717aec2eb950ea169dfd4a4e81f4a4d437af7,61*********,+9************,di*******************
Vivaan,Ghosh,10,M,2016-08-18,0a7fd94c6462ec540a915ec379638303b93d6dfc232cab50baaa2fd78eab14ee,62**********,+9************,vi**********************
Ira,Iyer,69,M,1957-03-27,d79504b5e76ffb8975f06b9c165a048267be7a2bdb062a073f70b70404f9b20c,47**********,+9************,ir****************
Arjun,Verma,34,F,1992-04-08,f07254f86ec9f20eb2ac1fc13f47c118938edb78590b5686d4f5b50c72e8dacb,90**********,+9************,ar*********************
Arjun,Mishra,52,M,1974-09-14,4941ef25075264b2f3ebe92301dd939fdac2784b71e89a0e36e62efe253e8fae,14**********,+9************,ar**********************
Vivaan,Khan,10,F,2016-12-22,80543c2b573965641c4141d20cd9750d2cf963235cdf3f321d5256b47bbd0d28,79**********,+9************,vi*********************
Krishna,Joshi,19,F,2007-05-09,dd2315e37eac92923af0c408e6edec9c9bf13aae20166f1afb4bb3235b7b3553,85**********,+9************,kr**********************
Kavya,Pillai,58,M,1968-08-14,ebd2de92b9184342a7bcb91048da605ae27d244d1c500059bc22659462083b0f,63**********,+9************,ka*********************
Reyansh,Verma,1,M,2025-09-15,533f7e3d8910c50b0ec45a1afeb1f7bcf0e73ca069bc544d57a8078864b2d685,14**********,+9************,re**********************
Reyansh,Kulkarni,69,F,1957-09-07,72097e858425a287cb6a182758abb1f765a4f22ee53503cc2271728328ffd2b9,82**********,+9************,re**************************
Vivaan,Gupta,4,F,2022-05-22,409613d90acdde04e00e7085d199b79fc56a98709ed151209739343a85df32a2,32**********,+9************,vi**********************
Sai,Iyer,16,F,2010-11-02,2bddb7c7a8ab0f6dca6a9364b1054f90d154741859924f6d92bb6275e747c19c,31**********,+9************,sa******************
Vivaan,Chatterjee,24,M,2002-10-10,71fc9efcf34b34c06caf917fe6fa53b81133b60a7a7c7779e94702f1341eae8b,20**********,+9************,vi*************************
Aditya,Reddy,80,F,1946-08-03,cbe07980b1f4550e71361c041c8f378a123c61cebc1758c6e1b80a2e268275a5,16**********,+9************,ad********************
Ishaan,Sharma,2,M,2024-08-14,3335200f8c13730ce3ea39e3d6099320f25e1b2be89a55f4666f7d507c45c594,55**********,+9************,is*********************
Muhammad,Naidu,32,F,1994-12-12,41440d46752b89c5ff0bf3d1a51b33f6a7092997f4755b0cc6ad55c1b0973b4f,85**********,+9************,mu************************
Aadhya,Reddy,84,F,1942-08-13,9cb708f8e161bf3d52369ebad00536ac0cc876bc60c3cf6f63b85a2398495d03,90**********,+9************,aa***********************
Aadhya,Reddy,84,F,1942-08-16,9cb708f8e161bf3d52369ebad00536ac0cc876bc60c3cf6f63b85a2398495d03,41**********,+9************,aa********************
Myra,Kulkarni,24,M,2002-12-01,9985af7cd23dbc3b0b3d6d654015391b8f54314efe44e9f3501c1b8821178042,61**********,+9************,my***************************
Anika,Iyer,12,F,2014-09-23,6613c11bef2f73d9c12f23614a08b0db2e5ce7955b24d9c36106912af1ec814a,72**********,+9************,an*******************
Aditya,Singh,50,M,1976-06-06,b39c38f919ba35ab59cd91de429569bce4bbf49c22c4c05ab7adf1f6dc3b15a3,57**********,+9************,ad********************
Vivaan,Singh,35,M,1991-01-13,677104faba0eb37cf9fc7912e402bb55962271b7b600ba163c03b6446ac91de4,93**********,+9************,vi*************************
Shaurya,Sharma,33,F,1993-02-08,f5f696de2763d9f378980b6eb74b86161e43e5062c050dffbd2acc7c5cabacae,42**********,+9************,sh*************************
Saanvi,Banerjee,33,M,1993-03-14,b8c912aa64008533a1887c4ea67d99233332cacfc9fbebf18ec82a4c8e8245ba,44**********,+9************,sa***********************
Vivaan,Mehta,61,M,1965-06-23,38faabe64e16f95cbebd90c6e9391f15bfce7a5337a6e0378931a7cce777e666,43**********,+9************,vi********************
Kavya,Mishra,51,F,1975-06-20,faaaa19b96962364ee624e5faf3049b82315b7e912f8b99b73232fe479505cd1,66**********,+9************,ka*************************
Myra,Kulkarni,43,M,1983-05-06,2a54a8854f5f160840e5f70ad0ffcc10b125a105d49e24f2672c01b0d9d5762d,48**********,+9************,my***********************
Shaurya,Pillai,12,M,2014-08-28,d24a620b4243d7b6c245fdf15eee1bba6ca25590beda84f7b53176e97f7a7660,72**********,+9************,sh************************
Diya,Singh,67,M,1959-11-21,ef2ba29a00d2dd6d719e8e527908194ebf728fc15b66a7bb3c5f76493906cf21,44**********,+9************,di********************
Ira,Khan,65,F,1961-01-15,904f296ff2139cc87152e21d5022bd0862257705e9e7a7ef44057c6aad3e3953,20**********,+9************,ir**********************
Saanvi,Singh,33,M,1993-10-22,cd95778e61fcb9bcde5bdebaf1a7db91c7f48d554f2f23b84bcef9a11cd46497,71**********,+9************,sa**********************
Arjun,Das,40,F,1986-11-22,5878c05908f7ccf9727182c3c14470e84de2a2d890aa6a301ecb7dbde8b34ef3,89*********,+9************,ar********************
Kavya,Mishra,74,F,1952-06-02,40575ed9745986cdc14a2af5ab664056e63f5a73877a130d69ada80bdfc19402,91**********,+9************,ka********************
Sai,Nair,43,M,1983-07-09,bb10550c0d068be3fb6c712f799cff57e75b6854151cc94f2df72c92cffd05a7,92**********,+9************,sa******************
Vivaan,Singh,44,M,1982-07-24,d81720d125b14151469b4719efbe90ab85320a21d83f4fd7399dc7808856cf92,61**********,+9************,vi********************
Ira,Banerjee,29,M,1997-02-25,080a17634682e71ccff40216f33d1db23888846acac37c1bcd92906b217651d1,15**********,+9************,ir***********************
Aditya,Verma,13,F,2013-11-21,511e7d9fa171e55e35373be9e68691a4dfd998e80c289ae789eb09ece8a632e5,26**********,+9************,ad*************************
Ishaan,Mehta,12,M,2014-10-02,f97a8413a487f6d5e7a6c6f8a5004d8a5ffeaeeaac387769dc71142257e37ebb,76**********,+9************,is**********************
Ishaan,Gupta,46,M,1980-02-25,24408563e5a55389f4d0c14b5c0ea4c58f2f5884eb1733220397e93a75c7007c,81**********,+9************,is**********************
Shaurya,Khan,2,M,2024-10-26,b0319151afd041aba0c645d06c0f8abea9d2711de08340c91f4602b325080fec,72**********,+9************,sh**********************
Myra,Agarwal,35,M,1991-02-01,1e44d31c0ac77c9ede67d3c3784a08e99c655ddab1fb9133bd0a82c8d4f1fabb,23**********,+9************,my***********************
Shaurya,Pillai,87,M,1939-01-07,e8aa0f71dedccf9145b0a0c06510fe3150951b4e05a1f9feaf232207d77c3ec1,69**********,+9************,sh**********************
Krishna,Chatterjee,81,F,1945-03-16,0f1a22c91d0f0def2cbb84dc522ed90ddfad6898003d78b0e5d4ee1c7c8ac1b6,30**********,+9************,kr**************************
Arjun,Nair,8,F,2018-07-02,da15c99dc20d50e06abebbb036a7275c44ea7d078611a19e8af04cf4cbd45319,22**********,+9************,ar***********************
Shaurya,Verma,26,M,2000-10-24,67455a9d4cfb64033f16ca44861f86efbe78638e044bcee1eac0d45a747f402c,66**********,+9************,sh************************
Ishaan,Naidu,74,M,1952-08-20,070c4bb71150965a2eb0e9679d4faa62494d101fb20b461e34dcec7b51ea5414,80*********,+9************,is**********************
Riya,Singh,34,M,1992-11-11,5e9b06c3ee353ade2fe6793b2535735c4587e584144a65a37301c5a8daa9d8d0,60**********,+9************,ri*********************
Myra,Gupta,7,M,2019-03-07,5a4937cb0594ecdc529a73c63acf41b333875274afdba6cf119d379f81ff5539,46**********,+9************,my********************
Ananya,Sharma,68,F,1958-03-27,eda3949b35498cd8ba32356b6e4f2e4346d199d612ffd85403d4ac73cdb19ee6,67**********,+9************,an*********************
Sai,Joshi,58,M,1968-06-25,69b5e68dd6e023bdce827c0154123c85c52134492db4a8d2f6017b5502cb9da6,15**********,+9************,sa*******************
Vivaan,Pillai,75,F,1951-01-17,8265fbf82c26f5f4ea4718318fd82549bd67feb2c7eee42d0a82a978fff7527f,89**********,+9************,vi*********************
Riya,Verma,29,F,1997-03-04,a7885c0bc0f34d98302ce80a22db1f2e36eece420268def71da508cb274e2f65,13**********,+9************,ri******************
Riya,Ghosh,36,M,1990-11-22,39d17754fbe940620f6b6afe39299cd09366b97c2b5a0806dcc0fc0318a63051,37*********,+9************,ri******************
Myra,Mehta,89,F,1937-03-25,b3b2bddc4a1da01906c583ec44330f267849113c6afe3d26e04eafb43be7bbba,86**********,+9************,my******************
Diya,Ghosh,21,F,2005-05-14,64f53d7e7225fc3d64f3f6540d1a810613c211b2494cdf30765f96cf586355c3,55**********,+9************,di******************
Ananya,Khan,36,F,1990-10-21,ead35841a79fee2737d8873b15d094d44e54d831f202fb3ddc4fa84ae3ebb6ad,55**********,+9************,an*************************
Shaurya,Reddy,10,F,2016-04-03,6b4d39719085b56327564fceffcd8e91f050b1fedbb9106f2295598bb7b964a7,63**********,+9************,sh**************************
Ananya,Banerjee,73,M,1953-12-02,9e58fcfa3c7034b07dc4f8204c1437ed2071d97a7600697c6fc980d5e33b6fc7,52**********,+9************,an*************************
Diya,Chatterjee,24,M,2002-12-19,4cdb726a24e120816f3083c011a185a0d34c978247e769e24001a6b122005f24,85**********,+9************,di*************************
Ishaan,Joshi,64,F,1962-06-15,e33f0ee497a4e36763ef66313b36485c2a5cc76f38bf132368eadfc2e6527435,44**********,+9************,is**********************
Reyansh,Nair,49,M,1977-11-17,5283b565c90cc536cabe0fdd947f5841872cd6c8449d1b96e8ec0de5a4e2ce4d,66**********,+9************,re*********************
Myra,Kulkarni,36,M,1990-03-23,1fa22c4b51a16d10c3645a0087accdad2fed9ce11f93fed4665b2a953dcaa50c,97**********,+9************,my***************************
Aditya,Kulkarni,82,M,1944-06-19,dd0d4f009ccd8b20446938da00fde4d16ce9a707f7318dd1f54c3dafd7e07f28,37**********,+9************,ad*************************
Ishaan,Iyer,24,M,2002-07-02,7d6e0117236bb59cdc989b4cc6f3dadf97dabbbefd1f8558ff0907ca3c56d895,21**********,+9************,is**********************
Reyansh,Banerjee,23,M,2003-10-15,ff1e2165246f8ed294c25e549e29a00e84a9cc92fd11edf62a8ee1ebf7515c3f,27**********,+9************,re***************************
Arjun,Verma,62,F,1964-07-13,42b4927dc60e6f0cee5aaf08dd15e3663c7afb1ce1c530cfb4c6f232b72ee878,92**********,+9************,ar**********************
Ira,Kulkarni,37,M,1989-02-07,e6dd98c385a1e09d78c5c20b9d725defbef194acfa70278ea74d122e656c49da,80**********,+9************,ir********************
Aditya,Verma,12,M,2014-12-27,bf219043426100ec85812e8a37d44447967fc2afe70788790177dd4e49f4d094,83**********,+9************,ad**********************
Ira,Khan,55,M,1971-01-28,598f3ecd29618917be0a856163f8961e27fcdd51dd54738d4dbe36dfd365acb1,89**********,+9************,ir******************
Krishna,Verma,13,M,2013-05-14,55281da3ebd6f483776c295626ccdcd28aaedadd44b8081d903bc9062a4d44b3,41**********,+9************,kr***********************
Reyansh,Singh,23,F,2003-07-27,bb9132d26cbca0e016df03b78092d28936b000d4e484bc0e3b0a154484a240ed,52**********,+9************,re*********************
Krishna,Verma,89,F,1937-08-18,ad3bdf275e916fdac402d01898ca3a3c574ac15d01c763ad5c76f9a772a79c2f,39**********,+9************,kr*********************
Kavya,Banerjee,30,F,1996-10-14,155f615a79cd281d2fb1d56326539c5cf86fe5dbffd9bd59185d970762eee84e,63*********,+9************,ka***************************
Kavya,Ghosh,17,F,2009-01-27,55b87590861dc53ad69726409a2f86abb88e1592dc3cde72c26ac3e8760ef04a,83**********,+9************,ka*************************
Saanvi,Singh,62,M,1964-05-02,704f2f60253518efc14299ff656eb4988280160e8ddf10b534a049233fcfa873,20**********,+9************,sa*************************
Ananya,Mehta,84,F,1942-11-09,9238aed697b53737552fb13265a728aa7c4afa319dee6756640baac14e5946db,16**********,+9************,an********************
Diya,Sharma,89,M,1937-01-22,b7f4fe05ab8c194a5b87b564906adf1737d96aca53ef4a4822b7b1e0b160bcd3,55**********,+9************,di************************
Kavya,Singh,86,M,1940-06-13,344b1186310b77f634c517ebc362e73d1cb88d8e5d694dc75479b5ded6baa922,76**********,+9************,ka*******************
Riya,Patel,13,M,2013-11-10,f2263e28156d59f14eeba4506859687fe65b088df07c14a0ab56af2a77f09d65,75**********,+9************,ri******************
Reyansh,Sharma,59,M,1967-09-16,061cbc880123b92060ec8d82728701002b20e22fb5941108a2d038cf0e0e618a,50**********,+9************,re**********************
Diya,Banerjee,19,M,2007-09-24,8a3b05f6e9fd84906e5ba274b4076218de6899ba8b20e9fc1d5b1bf6632e3601,99**********,+9************,di*********************
Aditya,Verma,49,F,1977-05-04,9c98c8b1d89a4e55dce19251248a5b5625dd74a91c54075de00a12a03d978233,89*********,+9************,ad***********************
Ananya,Pillai,12,F,2014-04-11,6e32a20f3d30ee9ef3961b81e129846f851af1ff41664d02544bd9b316c46e55,58**********,+9************,an***********************
Arjun,Pillai,61,F,1965-07-26,7ff5d504e0d5d5b53c0f96fe7923488af6e78f4e42b77a8240c3ceb9a75aad00,36**********,+9************,ar********************
Riya,Nair,19,F,2007-08-25,fef3551179d3071c36364f32685122bf5ea6d3a401fcc5707960d1986ef03b46,31**********,+9************,ri*****************
Reyansh,Joshi,76,M,1950-10-21,d53bf95834e2706661adf58091b3c62dd790be99457254b9d928c721b1549304,11**********,+9************,re**********************
Aditya,Mehta,9,F,2017-01-15,e118c8da2cb41a25eddceec8caef73a9a328651d0c4e2ee3445d67b04909d028,80*********,+9************,ad**************************
Anika,Nair,71,M,1955-02-01,15258cca169e4b6fac5a723b1441d132e8627640980bf983d4302cc0334534b1,69**********,+9************,an***********************
Kavya,Khan,28,F,1998-03-26,7f7a4a05ac7584dc445b403e3f3476be43426f7f0889117eb963af5f8bb1d4c5,39**********,+9************,ka********************
Sai,Banerjee,78,M,1948-10-11,228617b3e082657a58da30650b2fb1949a3b5e0caac340093eef48a1c41397dc,49**********,+9************,sa*********************
Sai,Kulkarni,52,M,1974-11-07,9e61fe0e86b4cad7a455db60ce2f8d93248386a575d692ca20e92bff7c443b4a,89**********,+9************,sa**********************
Sai,Kulkarni,52,M,1974-02-15,9e61fe0e86b4cad7a455db60ce2f8d93248386a575d692ca20e92bff7c443b4a,77**********,+9************,sa********************
Saanvi,Naidu,83,F,1943-03-27,096ba8e06e5b018fd044b5cd851d8d10ee79e8f64899b03978fff2932e79b3b0,33*********,+9************,sa*********************
Vivaan,Naidu,16,M,2010-01-07,4bcac5beac0efa8800c599ca0e0a00eb0691d3e6743379a549e5088969ca5bbd,15**********,+9************,vi********************
Saanvi,Reddy,69,M,1957-01-27,b6212904303d11c84dc00f8f5c6098f40ef16b4cfe72e0e8f527f43238cbd88b,34**********,+9************,sa********************
Aadhya,Kulkarni,12,F,2014-12-03,593ce4cd123b30ba32fad0c71fb333efde01434bb05f23ed38d0fc53ecb5ddaf,15**********,+9************,aa***********************
Anika,Iyer,25,M,2001-04-28,b5153a246a1e7343adf87c0668deb370033227d6fa35ae78bf7eabf4f6cbc782,33**********,+9************,an*******************
Saanvi,Nair,52,F,1974-11-20,ccaeb9c55d66d7925b9b4b257d89a2f3e2fcc223df68dd4a43a8b85509590cf3,25**********,+9************,sa*********************
Vivaan,Banerjee,85,F,1941-08-09,ff640ce10d9c61738eb848ea0df849a567efbd0e814e49aa9d59b56663e657e6,68**********,+9************,vi***********************
Ira,Agarwal,53,F,1973-10-06,5b46c230b44c531a908051bb6c234888e249b44a92f98d515e82e9fdf1fb71bf,90**********,+9************,ir*********************
Arjun,Agarwal,23,M,2003-10-11,ff028e62663a2d3fc2b4ac99baea8e4e38a5abad0e16a0661e0a49f39b6c64ea,12**********,+9************,ar***********************
Ananya,Patel,16,M,2010-11-03,064818144b3ccab9eaad971d0d31b0894d006db9375ac047427703454f37f75b,66**********,+9************,an*************************
Anika,Khan,57,M,1969-04-11,d78d33086a6ac7092ce5210ee0bc93c09febeb9745177ccab0a40151aeb89c3b,88**********,+9************,an********************
Diya,Mishra,39,F,1987-07-27,33448755f9a85861d43aebd99baa9d4e0d7b1ced176c03be8cb592f1fba50da2,44**********,+9************,di********************
Saanvi,Joshi,53,M,1973-12-27,1e373aeda1556f7d6017e2900a519b40e81a9d833fb84176f353c5077e2b2936,82**********,+9************,sa**********************
Myra,Ghosh,42,F,1984-10-28,d38568db2aa153115ee25ff07b753791c01fb713305c8c915655b1a4d99f024c,15**********,+9************,my***********************
Anika,Kulkarni,58,F,1968-01-19,c8666e35e4376147daa64fbecafd2397fec3516cc643574c7d70e26fb1040f2a,75*********,+9************,an**********************
Diya,Joshi,39,M,1987-04-16,bba5061a33d739cfdd3a5b55460a8173c8fd1952f3d64c8d0fa79c15cea4a34a,59**********,+9************,di******************
Aditya,Khan,14,F,2012-04-03,d391d51a20b5d10035274f269e7693ad48de80b4ff99b61855f4e4313eb28a99,74**********,+9************,ad*******************
Muhammad,Joshi,5,M,2021-07-06,46c37b0969c071f44e483ad1af7011824bd31169e039a3e20ccbe748eabec60e,34**********,+9************,mu****************************
Aditya,Nair,35,M,1991-10-10,f71b2e5840bdad5b08e9e54f4ccc6804cabc003285dd569950ce5268022d6f1d,67**********,+9************,ad*******************
Diya,Kulkarni,87,M,1939-10-16,b7bdfefb74cf63d4089f12a9cb9200236d2dde0c566a54fe4ed303ec12724707,74**********,+9************,di***********************
Aarav,Pillai,75,M,1951-10-24,8f17327a2f7fc8ca78e5d12880ba7f8e832629623047a94108519ba93fae2109,14*********,+9************,aa**************************
Saanvi,Chatterjee,18,M,2008-08-14,8537c2efa30e935deb54fe09333c46fc8c4a8e94c6a0d5071c78a160d734748f,29**********,+9************,sa******************************
Vivaan,Naidu,76,F,1950-01-03,4556bb39ded3dbfee4f4134d238395f0ab4e5d6b6c3dc8ee1b93d3d884288e48,11**********,+9************,vi**********************
Vivaan,Singh,9,F,2017-02-03,8e26350544cae3f0f70ce8db62951546a2e8e09af01719b2917ac5c05e1798cc,63**********,+9************,vi**************************
Sara,Mehta,74,F,1952-09-24,76164d843b4d1aba5114bfc16e7eef31d713b963ab20f007ff2fcd4bffdd34d3,72**********,+9************,sa********************
Shaurya,Iyer,58,M,1968-11-26,07a0259519eb0a80ac7661f05be9b08e6a7684aca109db02b2fda0105bb44a29,42*********,+9************,sh*************************
Muhammad,Nair,17,M,2009-02-01,584be399b93f9a946285e1bc0a358895e9dc8f301b445d214321f144c3dc0006,47**********,+9************,mu***********************
Ananya,Reddy,7,M,2019-06-18,7f9551c5b1ad772e43188cea0c2a7b521c53437c938aa9d0dc97c84254f0fe20,53**********,+9************,an*************************
Diya,Joshi,46,F,1980-01-13,d17c0b59d7288f090af93cf6497954750e3082831c79a5fa95c7bd959b3b8d7b,66**********,+9************,di******************
Sara,Banerjee,13,M,2013-12-18,92073a7e65d3d0c77d30168a3449bfee37f1eac6aa1a9c044d44f77962da891f,14**********,+9************,sa**********************
Ishaan,Singh,40,F,1986-10-19,dc3fb38aab9df1c81e21b57b1e36fec002153e68c6f7feff5b8aab07689146ee,19**********,+9************,is**********************
Shaurya,Mehta,42,F,1984-10-03,f74c7ceeba75df59fec0de11c68f8fbc5171cbd8ec128eddf975cde87f58a095,38**********,+9************,sh***************************
Ananya,Mishra,9,M,2017-05-11,35430287391de581e621b9614f829be68e799590a1abee63f4e54e7644d50cd3,74**********,+9************,an*********************
Ira,Naidu,50,M,1976-07-17,8debcd3aea9b924582f8e7731f6da70c6bc861464f1273b06eb3bf0c8e627e97,40**********,+9************,ir******************
Shaurya,Joshi,27,F,1999-09-27,d97e64736317043581b903f37a496bddf921efd523efa3aa987e94c58f48e977,17*********,+9************,sh************************
Shaurya,Singh,66,M,1960-05-19,4c76b2e19e760c735e901272308cde7ff1275a49afd4e3debb2e5b17e0566d59,16**********,+9************,sh*********************
Kavya,Nair,5,F,2021-03-27,0569019098c7cf5a8cc47f9221abee18721c6e392b0b09c277db7e11ed6d7e4b,71**********,+9************,ka***********************
Krishna,Iyer,29,M,1997-05-15,63e1c2ff2767ca8ceed81263ce666870649190fbb395864203e8c6a17db4f468,66**********,+9************,kr**************************
Shaurya,Mishra,37,M,1989-12-24,805887bc8b269370d918c709596e579c62d93b934af27016b1057371dd8e9a91,97**********,+9************,sh************************
Kavya,Pillai,38,F,1988-10-06,fbf5b8c199215f7801b99016185d993187d33be787621de0ca07a2fb93eea6d8,66**********,+9************,ka**********************
Sara,Mishra,83,M,1943-11-23,c89bdfca99ea63ec8991db799484333a09c6141e18d512936ee2f54f743924c7,58**********,+9************,sa********************
Ananya,Iyer,8,F,2018-07-23,a3eaac136061dfe568408bf4b992749453c2622cc1d9380ac0732c59d08c482a,97**********,+9************,an*******************
Saanvi,Gupta,65,M,1961-12-28,1d34e778618583a02af524088ab43b5749a8cb2bffed5bb4f7422270c1dcdaf8,36**********,+9************,sa**********************
Aditya,Banerjee,86,F,1940-02-25,b786ef2de7ab01ccdafc62b6237ffd7516e5ed3d4a87df5a875b3a61c0a214df,95**********,+9************,ad***********************
Ira,Mishra,17,F,2009-08-19,3dae1d8ba6d69d9fedae34463a55d846c3f9cb7733b78e6f9886817656eeeed0,46**********,+9************,ir***********************
Sara,Singh,71,M,1955-07-04,d1a1bf1d8dd5ff9e5e33bd3693b9717147d2f499df1369ae6c49644bcaa6d610,23*********,+9************,sa******************
Shaurya,Reddy,89,F,1937-02-07,15baee0146c40812621a4227541741546d7d8843b6a2ae04b4ae10b38c099818,93*********,+9************,sh***********************
Vivaan,Naidu,45,M,1981-04-12,66f71a9732d47fbfc6639c3ffda1c4660aca8ce048f535c2c8b1cade97bbfcb5,98**********,+9************,vi***********************
Krishna,Mehta,4,M,2022-05-23,977c3154ed97450c76e731cfa64c1b4071ddd7001d11e16f6425026abd815d64,55*********,+9************,kr**************************
Ananya,Reddy,36,M,1990-04-20,d14267f5fd25eae2d6e8c8f531d855fba953174b85a7cc48b52f9153331a1f6c,97**********,+9************,an********************
Myra,Iyer,70,F,1956-10-26,266db57c2806a8daee3f67f58f72ab92b2bb26f1e5e7a9fa54cf59737e06378c,91**********,+9************,my**********************
Diya,Patel,31,F,1995-04-06,09f49ca188dacbc0b7b44c0ec60a2c27b3010f6f769e36ca268f15943025cbad,71**********,+9************,di********************
Reyansh,Mishra,19,M,2007-02-26,63ff9a7aafe8e1502d79cbc2a0aaf193c7229e868ce267edd25e9b512881765b,25*********,+9************,re**********************
Vivaan,Das,61,M,1965-02-04,9c90f9d7d09cf46dbd5bc724a796b3ce1fd1c65d9a531c50bfe36465f539c681,91**********,+9************,vi********************
Kavya,Agarwal,54,F,1972-10-18,07ff221d4ed12c40522469df67653d5682eafbbf9aa12b61b9627ded60759668,93**********,+9************,ka*********************
Aadhya,Gupta,39,M,1987-06-05,b6699f1f75b07aaa96b7f6f1ef1d6d58c2b00d2f311d23df9be2942ca0335ae7,55**********,+9************,aa********************
Ira,Nair,74,M,1952-12-19,f759df6ba33b32ab87f746e4d41398ab4b4631ed372d9d22dd1b5e478ee97b06,72**********,+9************,ir******************
Sara,Agarwal,19,F,2007-11-28,653cdfb1325933b24ada6db5a4afeff363cb0f52acd1f049ffaae98513b44a5e,46**********,+9************,sa*************************
Krishna,Naidu,39,M,1987-12-28,f0316f28ef6214df53c678ecde337e63f431b074b6cbf48b8fc4df3a0b16bef7,65**********,+9************,kr*********************
Krishna,Sharma,67,F,1959-03-07,a500ae03c00baf216d49ec56cceecd33fca80f959f3217c46b44c80a7b84762c,25**********,+9************,kr************************
Ananya,Gupta,45,M,1981-03-02,0b40c4ed7240e82b9daeb1d3d1dfec63f961836cb323b1a80f47700b744efddb,59*********,+9************,an********************
Riya,Mishra,13,F,2013-11-24,a8424e40f58a8f17525741e7a40184f0f28afe975a639be8591ff86e6fea896f,62**********,+9************,ri*******************
Anika,Kulkarni,58,M,1968-04-01,e2aecd9570718a8807f0e8649e84f841cbd416fa94f569737c9c3127f2702b4f,76**********,+9************,an****************************
Sara,Chatterjee,20,M,2006-12-28,76283bc9f022ce43841538ffe90bc219eb41003010b3a528bd62afc45d20fa70,19**********,+9************,sa*************************
Ira,Sharma,72,F,1954-11-04,822b841bc5b4a4264473129a06a5df1797f8e83229d9cf8d811f49f04330779d,68*********,+9************,ir********************
Krishna,Verma,61,M,1965-01-03,e5b07d8face3853f5042e4ebd798387247f04be2c406bacaf679ec9de5db41a3,87**********,+9************,kr*********************
Vivaan,Mishra,39,F,1987-10-16,26376445980d26bc12941def79163d953b953328c691492cb9be226039995e6e,82**********,+9************,vi**********************
Diya,Singh,1,M,2025-10-18,a95e4735d40f1b587fbcb3f12289b87ed52b2654c3c0e088aa4a07ec062a5a42,88**********,+9************,di*********************
Sai,Banerjee,3,F,2023-05-22,0569abad026a1d117a57bdb86a2d539284d7be656b90a55283f053dc06bf3ea6,29**********,+9************,sa*********************
Ananya,Pillai,77,F,1949-07-13,907899adc7befe7a3cf0c0e78d12864b7810bfac2e943f81733ef0096b7819b0,31**********,+9************,an**************************
Arjun,Singh,62,F,1964-03-28,cef0e879f29d08edf4d347ea410c96d240548f74a599ba7f77bad47fb561d753,41**********,+9************,ar*******************
Aarav,Reddy,63,F,1963-09-12,43162d4ec9ebb8ca231a1237815ccd5f56ac1f07f4f470abc2f47b5de6c05c29,16**********,+9************,aa*******************
Kavya,Patel,25,M,2001-07-16,2d65aaff1dc20486978ace9c77e94bad4e166cd3201e51cc01a636e375a3a606,49**********,+9************,ka*********************
Kavya,Patel,25,M,2001-07-23,2d65aaff1dc20486978ace9c77e94bad4e166cd3201e51cc01a636e375a3a606,82*********,+9************,ka**********************
Anika,Kulkarni,56,M,1970-06-28,c3b5a3d13ab79aa38e9f97712a3550cd325822a0b9e0da7a393f66418d817c46,57**********,+9************,an****************************
Reyansh,Ghosh,33,F,1993-12-05,68804d131b57c8e9ee1cf92265724a27b05a6295f7b18b2f0784c35a884bb867,31**********,+9************,re*********************
Ishaan,Sharma,38,F,1988-11-20,d871d6c1b0f4950d7432ed3b0be98732dd480e982ae01be6db6934de4e5f7012,81**********,+9************,is**************************
Ananya,Banerjee,6,F,2020-03-12,6f3c941f2ea2181cc2e00f6b52049605c84a7c922013417e354800e15084fe03,83**********,+9************,an************************
Saanvi,Kulkarni,58,M,1968-04-10,c4055698ececdbbf112b48b451c3572207b84e7f87477ae3234d6886e0a66955,38**********,+9************,sa***********************
Aarav,Singh,44,M,1982-06-24,21e853f3600aad697c0928b58f515b7db0f6d7820db35fe3ca776dc81c2a0308,97**********,+9************,aa*********************
Riya,Khan,45,M,1981-01-05,787d22fbd7d8f4f807d556f710741514de00ae5ed4c5007412692b3c51a55165,16*********,+9************,ri******************
Diya,Mehta,32,M,1994-03-12,115eb0a83532e3d7e985fee311137eedb47134bc794e248482a2b4b2e139307e,65**********,+9************,di********************
Riya,Naidu,45,F,1981-08-22,ee67d323fd980d2c072c854faf365d934f6bca4a2b29a60888780becd54317ec,31**********,+9************,ri***********************
Riya,Patel,61,F,1965-03-05,90b4e732ed7b857b631db1628f6d3aacca64e3954d38a803da76f97f588eaec2,78**********,+9************,ri*********************
Arjun,Kulkarni,47,F,1979-07-08,0a318eedaae19df8a0ef34543543c79f7678efbdc4a347243b5cee924c6e5eb5,30**********,+9************,ar*************************
Aditya,Iyer,21,M,2005-10-06,66ff10bdebab942a3691e4b67ccf38b283d06a7e95740612404d27f022adc272,82**********,+9************,ad*********************
Sara,Verma,80,M,1946-01-13,8d7eeb17523b13f7485456164878aa94f6890cdd512f8fbac513f41b96df7037,12**********,+9************,sa******************
Kavya,Banerjee,85,M,1941-06-09,05463a3a1fbb6b50a9556abefa2e1a227ea751041ae5bd646b3654107f4dc09a,33**********,+9************,ka****************************
Aadhya,Chatterjee,75,F,1951-02-14,118cbfc2ad904ae9c31a9cb4db7ca94986da909946c3fa8ba6eba16d91125e97,50**********,+9************,aa****************************
Aadhya,Chatterjee,75,F,1951-09-20,118cbfc2ad904ae9c31a9cb4db7ca94986da909946c3fa8ba6eba16d91125e97,55**********,+9************,aa**************************
Muhammad,Das,36,F,1990-04-23,d5169308ce3fd20e529e3b94cc846e5723dbadb54b0c69af7ceb2713f60c1692,43**********,+9************,mu**********************
Ananya,Kulkarni,19,M,2007-09-23,95ed3a25932715f1de8783452bb10dbaced0de8e556476eaa3187ba6fcec8432,89**********,+9************,an****************************
Sara,Verma,20,F,2006-12-05,872c2d1f8a7597ddba7c1d468c0ba7268feb945671e8b5048128902ef9717b02,71**********,+9************,sa********************
Riya,Naidu,57,M,1969-07-13,026dc49da7e9c746a052556ab4f5c8c3997712675e209f5c5b02d88c9d88a063,36*********,+9************,ri********************
Aarav,Khan,18,M,2008-05-28,7385cb41b4ff57a2e077b1415c143fa27d71e171dc3070ffecf9163a958bbcec,20**********,+9************,aa********************
Reyansh,Ghosh,47,F,1979-03-09,b17edebc21cc08a65ee5e9d2351ba6516801c1d9148f4704db88bdc77da0c865,48**********,+9************,re*********************
Aditya,Nair,49,M,1977-07-20,901b4abcd16372fdad9b63045a7a38072dd6b35a12c3b1e5d20a92e268b94a39,38**********,+9************,ad********************
Krishna,Banerjee,14,F,2012-11-21,7b6084460742c67cf5d01ffbb3d49073946d33ade4f6b271e63e320f18a9b4e0,53*********,+9************,kr**************************
Diya,Mishra,15,M,2011-03-16,0edb4edcab53e7bd142d39aa994876b6bcbf46d9c86bce8f32c853a845f14602,73**********,+9************,di**********************
Krishna,Banerjee,31,F,1995-07-22,4765fe1a9979b9cb07210c8658de014c885340cc5567e18d8fcf5db645dee09c,72**********,+9************,kr************************
Myra,Gupta,1,F,2025-07-13,7d9b9205eaa991d8de68f47eaf6e4897bc0e9bafbd038c8c0a2c69e4f77b4a6e,21**********,+9************,my*********************
Shaurya,Banerjee,54,F,1972-12-27,bc5fe68e5cdf84ae711dfa039703f9dfacab766b8680db31efd1b4b74e8768fb,23********,+9************,sh************************
Muhammad,Das,3,M,2023-12-09,79ad6f8cc65209e03d6bd64d676dd8c72064c7617d7c902e0df69b282fd0e97b,27**********,+9************,mu***********************
Diya,Iyer,16,M,2010-07-13,4c3a8fc84168a8bc126a5ca3af6e3f11b385eecb56dde50d00292dcc1c94ddff,18*********,+9************,di********************
Aditya,Singh,87,F,1939-10-11,4efa49bff9c89314e81068129ac6d30efef6f560b1d61faed6b4b18fdab4e2f5,43**********,+9************,ad*********************
Ananya,Gupta,57,F,1969-10-27,9520ad3d7a70d319e14e25c5b52c6b6257fe2f5dd6bb98d388da154d09afb415,92*********,+9************,an********************
Anika,Nair,75,M,1951-12-26,3d2940729fbff8538a600d72d32500444e43f8339fa9e7c8d33d7a7d1f4eb42a,47**********,+9************,an********************
Arjun,Agarwal,12,M,2014-07-16,29b50a0cf1005354bee43ac4169f609fce2718c926a49545f42418af74a1306a,96**********,+9************,ar**************************
Aditya,Joshi,74,M,1952-02-19,4d998b3801810d7207ac5cbdf2f047be85ce56d77d60f34745e71004b9840299,36**********,+9************,ad*************************
Aadhya,Mehta,16,F,2010-06-12,a0c14a5b58b318831041a0da4ae6ad5e5c47e2a06ebdc9e3c8b149b595d8a682,13**********,+9************,aa**************************
Krishna,Singh,72,M,1954-12-14,5c2ee892f9c113da083b5f93cb2cd85c59404e7f20884cd0a9799298b91cbc28,28**********,+9************,kr*********************
Aarav,Chatterjee,76,M,1950-02-01,d28a5ecd0c7360caecb8cd4b87c981d024e1f3f4aff9164e9ef19df5655d5133,19**********,+9************,aa**************************
Shaurya,Reddy,24,F,2002-03-02,034a8767c4c3ac3a7e66f47328d7ce04d1a01662e42fff5d553dc38e95c187d5,27**********,+9************,sh***********************
Ishaan,Nair,28,M,1998-03-09,5e7e23a4ca4cb432c8a49b9a8ae99d22522d1ee10d3b1f32eb5c62ce1a2b8e14,20**********,+9************,is*******************
Aditya,Singh,8,M,2018-06-21,ae639e6b01fba028430948040d9b7b6aeef60a3c8e6d60187ee09508d3f8410f,36**********,+9************,ad********************
Aarav,Chatterjee,36,M,1990-04-10,cbe5fc42338b5e6c4656bd3f5c2e3e902808692b9151f0a698341e4ccd3180ba,56*********,+9************,aa*****************************
Sai,Kulkarni,8,F,2018-10-02,ae37fa4a6e4efefde12bd52af53066456a5c1b5a8b5ad036317a0dc0218e0db1,39**********,+9************,sa********************
Saanvi,Joshi,58,F,1968-12-12,2c22b6bad0b7ae1233f39277819cf073169243594ec9d506a6429479a5cd323a,51*********,+9************,sa***********************
Riya,Mishra,60,F,1966-03-05,9d45c506c68e3dcaa91fce413ba276f0080cfdb813fa637eb649e7325b0a106d,68**********,+9************,ri*******************
Anika,Das,50,F,1976-06-10,2eb714a730c43332c390684df9ee756c3ccd94a5e12849dc35429ce1b99f59eb,13**********,+9************,an***********************
Krishna,Nair,28,F,1998-05-18,9585827735f88792e9359787c8c5048f41e5c39fad2e3f57fc925ebfe01459fc,63**********,+9************,kr**********************
Ira,Verma,41,F,1985-03-23,1da5ced675158aae1330e1b276fb9f70b0e2d9ca7441caf3321cabac534484ba,75**********,+9************,ir*****************
Saanvi,Das,64,F,1962-11-05,984e6bf675c3775a7207205f3101cf0f21f6b264d95d6966c29af3f0a427ad3f,47**********,+9************,sa************************
Myra,Naidu,27,M,1999-12-27,0c2667ac3ad287d572e2898ace23dff926bf2ae1f6c450ede0c679b75f2572b9,95**********,+9************,my***********************
Vivaan,Singh,63,M,1963-08-15,73ee0bb4a2c155aeed1fb6586e0965012a9fc446cb63b2adee5ffe3f0a8f5ccf,14**********,+9************,vi**********************
Diya,Das,17,F,2009-08-07,1b3e3bef08f0e2c0b93896844bcd2bbbc4d15afe9639242d07f3867c3c09bc66,12**********,+9************,di******************
Shaurya,Agarwal,73,M,1953-01-26,bd1e755fb2c2ff5b803402c8a67180f47bb0bdb3f74dafc9d067f60c17e60f1f,70**********,+9************,sh*****************************
Ishaan,Banerjee,33,M,1993-07-03,bfd6fd9c1161a22d5a0d714bb6394218d06a0ff0f1d4247bebcc41f14731a617,30**********,+9************,is**************************
Myra,Mehta,84,F,1942-07-16,c24a4cc8e48a711e05b9000492d505c6315962582b12654653e312f6c676e504,83**********,+9************,my********************
Aarav,Banerjee,77,M,1949-06-22,7ae8dcbe94a54464daf80d37c16be7d84c37baabdd578d32e2202f1827705d86,65**********,+9************,aa***************************
Aadhya,Verma,29,M,1997-11-19,02d9d27ae05319a4f21cb92e5b6fcf3b4e27956a143b05e78c46a8aece4ee338,72**********,+9************,aa***********************
Diya,Joshi,13,M,2013-06-27,fd4ebc9dc6ac0128e148d02b89e1e098861fb5ee6cfc889d7d3d650a78290777,36**********,+9************,di*******************
Muhammad,Das,46,M,1980-06-04,32e85bfac72838c9e1e8d61e6a7f92ca881fca01a47178a9543a24f5789add45,48**********,+9************,mu***********************
Myra,Agarwal,35,M,1991-02-03,569541aef05a35fd51845055d14159e660e2e5e024dfbe429a608c06a6d6fc15,52**********,+9************,my********************
Myra,Das,6,F,2020-11-10,841d6ff4bf515c14ff1194d854071d819eefe7528f5a4bee5df999ccd6cb44e6,96*********,+9************,my****************
Reyansh,Reddy,82,F,1944-06-26,e851077501cff6e3779cda283f08b1ff8ce02b3d044258a6f250445dff32101b,78**********,+9************,re**************************
Diya,Naidu,69,F,1957-12-20,fb80277747aac668145bc47a70b7ee1c7a652955c60fd434859603bc2bb0f212,44**********,+9************,di******************
Arjun,Joshi,47,M,1979-11-13,ff58ff6e9d3c881fd0fc0583796835ad838ff999894f79473af7ed3bc7d1d189,96**********,+9************,ar*********************
Sai,Pillai,25,F,2001-03-11,9ace1218d596c69b7238faa697878d47b85d4c5220f641a097ab72a8eae1a1bd,82**********,+9************,sa*******************
Ira,Iyer,66,M,1960-12-24,30e4512135119c357868dcfa2a810326ae9f8f4c74a43016116bf2ba33458b3a,60*********,+9************,ir*****************
Anika,Agarwal,10,M,2016-02-05,ab64cb415612e62b2e83997f579ce67fe17cc0a0720320eefb864759ac62606c,52**********,+9************,an*********************
Krishna,Nair,56,M,1970-04-13,735846a90b8720be80c983aef65b04a379a43e86c0f4a8ccc5310b77f7271dff,79**********,+9************,kr*********************
Arjun,Das,30,M,1996-05-01,4427ee72006f5d38be5debb43fc48845c717c0008a0d66298cdbd94790bbb371,61*********,+9************,ar*****************
Kavya,Banerjee,5,F,2021-10-01,85b1c6da6ecc9c6272aaf12175e38d769f901504098ef5eae84e114a02dc7cea,55**********,+9************,ka**********************
Myra,Ghosh,33,F,1993-05-09,4a76a0a822fa19ba6b20e826f33fc95eb053edaeac19cc599a149f07cf27156d,82**********,+9************,my*********************
Ishaan,Khan,65,M,1961-11-28,2244667f8f0e743ad64e69773549c10f24ec562186584437d06aade905076416,58**********,+9************,is************************
Aadhya,Pillai,18,F,2008-10-04,39d1daf0321a65a7a8989f5b89cb63730fa04b1f78b6cde9b2f3502eab8f0d3a,99**********,+9************,aa************************
Saanvi,Gupta,49,M,1977-05-20,0dc9794bea46327cf2144b2ef6a23e05eb4caf4e2e093699f75cef32e0dcaa78,39**********,+9************,sa***********************
Ira,Patel,11,F,2015-03-25,d75a676921b0b5ba379cbf71c9d5375969007807daae094e5449add02f6f5e55,12*********,+9************,ir*******************
Krishna,Kulkarni,85,F,1941-10-07,9c2a76d8a61fe2469124635622acd7267218ef36954ebaa68819b07cd5ea2c59,50**********,+9************,kr**************************
Vivaan,Agarwal,26,M,2000-08-16,63fe68f9c14d380c2f19c9c816ddda65f85fade6e22e9cea4ceddc45edabf834,84**********,+9************,vi*************************
Sara,Verma,63,F,1963-01-21,39d03c4167d7676d221533e473f0d21870452dfa5c4ba1cac63e2c5696ebf8b0,11**********,+9************,sa*******************
Ira,Gupta,89,M,1937-07-24,2e77403b154c0332d8319f95bb2066431dbfe4a497fedd7c54a96c2a45720147,42**********,+9************,ir*******************
Saanvi,Patel,86,F,1940-11-04,b50944dade76ec98abeef33d1290c664cff21210c0f9ec364d41618f67e11f83,56**********,+9************,sa**********************
Kavya,iyer,59,M,1967-09-01,f12779ec165192850ceaf9e0c2343ac911be53ff0d799c90335a2e2822061900,30**********,+9************,ka********************
Kavya,Iyer,59,M,1967-10-15,f12779ec165192850ceaf9e0c2343ac911be53ff0d799c90335a2e2822061900,10*********,+9************,ka******************
Riya,Sharma,27,M,1999-06-25,afd81ec419f86cb4489130cd42d84f23b6fba17ab902661d11149968be4e16da,29**********,+9************,ri*******************
Aditya,Nair,49,F,1977-01-22,3d817a3baaeab5918782cebbce2614e3be8b2aa2e4a7d6573775ad000da95c0a,44**********,+9************,ad************************
Ira,Naidu,77,F,1949-11-05,69fd58484aa6c379bc58b3399dcf2fa5c864da1db856d20cf157bb901840fd88,63**********,+9************,ir******************
Vivaan,Agarwal,33,M,1993-03-22,4247c8365843695e9cf30d3275a93985871cdb957c8a5ea6dd92e44287754911,35**********,+9************,vi*************************
Kavya,Pillai,1,F,2025-06-09,a0c25461e64548f72466c7b41f7c1ce11519b24093f5c3c8768a5d448cc49500,71**********,+9************,ka***********************
Aditya,Gupta,21,F,2005-02-02,c70935e216f396d69290bd6a36aa1f5ea38bdf31d34c313050e37f1f42d428af,63**********,+9************,ad********************
Aadhya,Mehta,55,M,1971-11-02,39d0aaae71bcfd7effbecccce4fc4b1af0677da8668619a85134adf6118f65f9,43**********,+9************,aa**************************
Aditya,Joshi,6,M,2020-12-23,d852af5fb259e5b86aebef43fc2da8fda39e2fce74a88a7fe83002d7f4381525,10**********,+9************,ad********************
Shaurya,Singh,81,F,1945-02-06,42a4adc12f6a6b629595cdbc85b85f75d0fefab7332ae95ad33ed9b6b9d44402,13**********,+9************,sh**************************
Saanvi,Sharma,69,M,1957-07-11,ce67dbcfa56c14cf28b1fa6f7aa2fd32ec5afdd38c0115d7968aacde47d34093,43**********,+9************,sa***********************
Arjun,Patel,5,M,2021-01-27,35427d11653d19121bb6aad5104836b131a0160705d61475fc6deb66880d3286,12**********,+9************,ar*******************
Saanvi,Das,3,M,2023-09-09,fdff1477af852fb0e86fc129c5b2510e9c5f6a722608ded739cdc6277962b28e,38**********,+9************,sa******************
Anika,Ghosh,53,F,1973-03-14,23096edfe0abf9f8d591840eb022bef4f878f36e08acd9a50919bb6e550f368a,70**********,+9************,an************************
Sai,Patel,23,F,2003-11-22,7a60f74e7368a5af4aa4d5d61258aefe986a6347fe97a0e1e7ab5fa6bdac9097,70**********,+9************,sa*****************
Vivaan,Verma,53,M,1973-09-23,914fd328b6838ba3379c85bfac895fc6f0440b603b55ed4f057733c56c04d6b9,24**********,+9************,vi***********************
Ira,Joshi,37,F,1989-10-18,9fd51ec914cef483b78ad7d0cf66c8a67627bf459e3aa221a595a5cb7227c499,79**********,+9************,ir*******************
Ira,Joshi,37,F,1989-05-01,9fd51ec914cef483b78ad7d0cf66c8a67627bf459e3aa221a595a5cb7227c499,41**********,+9************,ir*****************
Krishna,Joshi,74,M,1952-12-07,577f534d3e32239b8eb94d07a02281854cd5d6f47fc625b023d174f30bc35199,42********,+9************,kr**************************
Kavya,Verma,74,F,1952-05-06,df490a5b11a24f7f47963e5c60c3b5fb2df213d92caecbc1ba747e8f5f8a111f,30**********,+9************,ka************************
Ira,Joshi,83,M,1943-05-19,371b7666042742641f5ebad5bb9ae90d66d95a28d6bd7de403b2b21d16dfbe26,59**********,+9************,ir*******************
Vivaan,Mishra,17,M,2009-07-14,6c78ca347eb017af2b5b06207cb1dbb8974d9429ed43b397a5e91b4af78ada20,61**********,+9************,vi**************************
Shaurya,Mehta,85,F,1941-09-19,499e7285cc098ec708ff0827412797bc0639092672141320cf102be85b3a672f,61*********,+9************,sh***************************
Arjun,Pillai,78,M,1948-06-20,985284b17b79aa5ad71275873e1e5188a1580c89be7585e6da7d01340f3da8a3,62**********,+9************,ar**********************
Aditya,Joshi,73,F,1953-03-08,cb63a34e951c83ee61425ccfca410cae16bee83cbaec915c07c10ce5ef44a375,75**********,+9************,ad********************
Shaurya,Ghosh,1,F,2025-02-08,4f298002003d87c1d612ccc5bd08710bf4a0e8820b936ee256fe2747d11f2c86,40**********,+9************,sh*********************
Anika,Agarwal,51,M,1975-05-27,0f5a2737d09644d601988355ad595c8632f69d1dac9092664e89a85390bde8e4,87*********,+9************,an**********************
Kavya,Kulkarni,45,M,1981-08-16,92929313a75069630a3f41a498062f3b99dc58e1bb7aaab8b084ebdfa4e98f0c,91**********,+9************,ka************************
Shaurya,Naidu,77,F,1949-01-10,be4fe960e3eb053eef64d9f63ffc71c01720523d03da622f41c1d2156e78d667,19**********,+9************,sh************************
Kavya,Iyer,4,M,2022-05-01,8254e5f65f739e58dff4687ba91c57db5738d08a27dff1de585616105e009b8f,60**********,+9************,ka***********************
Myra,Patel,62,M,1964-08-23,b126a52f3502ee36d639ea4ee356481f58bb7dc6129dc08dc71d2f7e6d19b1e9,83**********,+9************,my******************
Aadhya,Singh,65,M,1961-03-23,d2d103f48be2ff0f5fc94d7dec21c6e07325ec0b483c03ddd3c55ceb699a3fed,46**********,+9************,aa********************
Muhammad,Reddy,32,M,1994-04-25,b65304c929ac9ac90b919fca5846a082845092de07e4a41e87a5f1f26d69276c,96**********,+9************,mu************************
Aadhya,das,34,M,1992-11-27,8327c2ee1689aa6dc970de7411a1fbd55b93f654d304f70be74eabe49621e002,66**********,+9************,aa******************
Aadhya,Das,34,M,1992-04-07,8327c2ee1689aa6dc970de7411a1fbd55b93f654d304f70be74eabe49621e002,17**********,+9************,aa******************
Ira,patel,72,F,1954-10-18,3f6a683ad204b51fc2e60f68bb5a7c0b55a743193570ca253ca7ddb9756d5c25,83**********,+9************,ir******************
Ira,Patel,72,F,1954-02-15,3f6a683ad204b51fc2e60f68bb5a7c0b55a743193570ca253ca7ddb9756d5c25,87**********,+9************,ir*****************
Aarav,Naidu,39,F,1987-06-01,0d1b4b4a2c0c15d93af2d65914da489e3b953c3c4619cba1b2ea1109bb9aff73,91**********,+9************,aa*************************
Myra,Patel,26,M,2000-09-10,61f8803a3134263d8bfec218adc0e2c08d82dee956fdd3bd3fee819009604317,46**********,+9************,my*******************
Krishna,Mishra,34,M,1992-03-07,db08aaf372fd832f574ba708a918e51fa6ba08576a45004fd5fe14fc02ff2777,19**********,+9************,kr***************************
Ira,Reddy,54,M,1972-02-18,3df0ca3aa41da45423c448fcd6c02003313434efd3e96b4f104f37b1473cad68,37*********,+9************,ir*******************
Anika,Nair,3,F,2023-01-01,9094c77a593be04899eb35577f83fa243760abe605499bf6ddf9b98c71ef4060,10*********,+9************,an************************
Aadhya,Naidu,50,M,1976-08-04,9fbb20d09a8d2e8f94c0e04ccc255fa40f119d04321dc7707023bda414e03c8f,87*********,+9************,aa*********************
Aarav,Kulkarni,12,F,2014-10-02,8785d97a49642176b602076e8b51275a505e4a6609cb0c4d13cfcea549aa83b5,35**********,+9************,aa************************
Aarav,Naidu,65,F,1961-05-05,e9dfb2b48762cfcee48cc9c529caa8770eb7098d475585da5e1488755cbb697a,10*********,+9************,aa*******************
Ishaan,Chatterjee,54,F,1972-09-10,63d8b957834d3c5d1d565a646a77c1b965e326cbfca4427273fd69705bd5a2a5,11**********,+9************,is***************************
Ananya,Pillai,5,M,2021-09-08,40c119ce6fc328a5c7c2fd0a572c20e08caaeb8003f3659b6a371d8a062fefb9,88**********,+9************,an**********************
Sai,Pillai,57,F,1969-10-13,d5e46f8f6f34c1db8b2c01f2e697621e6ad4879e7ef40d0929df33efdd6d3d67,52**********,+9************,sa*********************
Sara,Chatterjee,17,M,2009-03-22,e255fff42d012796b8b2676ba669b10d353e766255863af9b3194779c89cc49e,49**********,+9************,sa*************************
Anika,Ghosh,47,F,1979-12-27,1b785ebc8f4e10966f25cc0ddce41c34d6d52826425038d97b29a9ed23cdc167,40**********,+9************,an*************************
Aditya,Mehta,23,M,2003-03-13,61864ff2276be466a69ab1a9b45c546576ecb6da65cdcc0c9639a94034459d6e,18*********,+9************,ad**********************
Saanvi,Mishra,79,F,1947-05-12,4b6c0c8b02b248b3832fafda3719d14a7c12256e352e612069e6a9d139c72f0d,44*********,+9************,sa**************************
Saanvi,Pillai,85,M,1941-01-15,66093d2b239e0bdd31ca172796b9b3cca911ae9a4a01ea90c8182c5460e6a94b,90**********,+9************,sa***********************
Muhammad,Kulkarni,14,F,2012-03-09,d9f2821e819f4b76ff2098e561f0ea6512b3842a6c364186884817b0c4fc8f32,83**********,+9************,mu*************************
Aarav,Mishra,66,M,1960-10-11,22d376ef9d59991a42bcdcebe35f5a88750b13c18736b4849aeb338b61258bdf,23**********,+9************,aa**********************
Kavya,Joshi,75,M,1951-08-04,d401b2a732461488e7cfa7b6fa9b950694995088c4e9034b02cba29e3ebd2e87,44**********,+9************,ka*******************
Sara,Singh,51,M,1975-06-11,88b590eeb171062401b7dc6f8c9cf7a208bfdfe4114377d292879157d2a2a690,35**********,+9************,sa*********************
Sara,Agarwal,38,M,1988-04-26,7a8dbeb399925db31777ed6db9dc78ee45725d2407faffa8b8c9caf4aaf355f7,49**********,+9************,sa**************************
Ananya,Verma,64,F,1962-12-14,99d69495beac97beec4763da5b36d3cabf97004034c7a275ba792ce6bd3933fc,69**********,+9************,an**********************
Sai,Reddy,38,F,1988-06-08,ff7f8d23c95cbc9eddd4d3d6ce12f5a43609ad5f82983e1e322ce25ebe700956,97*********,+9************,sa*******************
Ira,Singh,50,M,1976-11-16,2426b0a2227ebf71df01c02358fbe2e0c013c32dd2ed3111ac01227c7df8acd6,51**********,+9************,ir*******************
Diya,Reddy,82,F,1944-06-11,3637cf9c2a0f3c442d1fc9871e196e275b5092307c15aaa343430617f1846df4,63**********,+9************,di********************
Arjun,Gupta,30,M,1996-05-25,c8825a62bdff38dd0a66384c87a053d4c10cda8640c32505017564104dd13cbd,68**********,+9************,ar*******************
Reyansh,Verma,79,M,1947-06-05,b63f0c822b6e830ae9c355c7894d5c011f41efd0b6667b3a0d2cf9230d8bea10,12**********,+9************,re***********************
Ira,Nair,51,F,1975-07-21,0179073eea13ca752a402c44f3c114d2f7d66509a2002d8ceaa4c35a155f86aa,41**********,+9************,ir**********************
Anika,Ghosh,63,M,1963-07-11,7367c04f5225397375bd5fdbf583232e6c813b63fac8efd4b7f203061fd3d10f,72**********,+9************,an*************************
Shaurya,Agarwal,52,M,1974-09-28,255778825079acb5b763b6559c5fc45e24e91da572163fe53460a36801cb563a,94**********,+9************,sh*****************************
Vivaan,Pillai,38,F,1988-02-12,6feadb7c95cc2e3f9370a95695f60c3cf12be00f42aed9c65ca83917f3d05d15,65**********,+9************,vi**************************
Sai,Agarwal,88,M,1938-03-04,3d686e842d77285c197c6e50a56b5426bbb37bfc344fe8b5849ff21cf82dc6c7,44**********,+9************,sa*********************
Myra,Joshi,79,M,1947-07-24,91314f1d9954d3590b630c10c25210147c25c03f5de992fa13ccb44bd184e7b0,90**********,+9************,my*******************
Sara,Nair,30,M,1996-06-26,2a07d49e429c2a72609ac309847b8ad89662fe1042b4aad685e80acd098888f2,74**********,+9************,sa**********************
Sara,Patel,51,M,1975-02-23,ca29a5adcbf04535698637e03c37e2b55374da6438e51e5e9d07af5e72a5a7ef,15**********,+9************,sa******************
Myra,Gupta,81,F,1945-08-27,d73e5d2c4c0077f0ccf3bc7e6444253869a547ad76e2384dbb077ab6f1f0b439,80**********,+9************,my*********************
Saanvi,Gupta,5,F,2021-12-06,bc683045521964cc94c27ae99da8e08e4629083220090d5554cb70c1e97832f6,23**********,+9************,sa********************
Ira,Banerjee,29,F,1997-11-16,79033b56d853693270e1b765fcd2c2250f8517228f25b69ce7432d748caae205,49**********,+9************,ir********************
Sai,Singh,4,M,2022-11-14,9dbf68e071e2c1bc37c5acc4c1e6272d719672928db5a6393249fee4ee9951b0,58**********,+9************,sa**********************
Krishna,Ghosh,10,M,2016-05-17,80bcebf41c4bf5f4674440fa55601c0d61d8d8d07e65ebf851a5d01d7ed599ae,51**********,+9************,kr*********************
Aditya,Ghosh,56,F,1970-08-24,127d54786aaee6c1941a732885eece87c3ff2ffb3b58fe9b4877dfbc618469c7,85**********,+9************,ad********************
Myra,Mehta,17,M,2009-06-05,a58c687e9ba1fd6992e0c8487ce8a80ec79ef86339a3fbef968c0fc235aa9dd3,47*********,+9************,my*******************
Kavya,Reddy,74,M,1952-04-06,76c9a5786955d7a225160390c09be56b31e2086a34ae6fe299746a3d1c115e95,61*********,+9************,ka*********************
Sai,Chatterjee,17,M,2009-09-04,c69e01f1f8c5b49bd6cf223cf519595b36def4bdcaa285f1453b19422941dcc4,34**********,+9************,sa*************************
Saanvi,Singh,84,M,1942-11-13,744d91a3215c2e077d7367ccc23bcd54d683bfcb0b98cd6f5b8d3e627b607f99,70**********,+9************,sa***********************
Aditya,Ghosh,88,F,1938-04-27,592a57960e97968130e17ea1674c5e746a86ff2626425d1c4d1c0ac8160ce884,11**********,+9************,ad*********************
Kavya,Das,69,F,1957-07-10,aa9c9a278e9daba47ef0f3193096eb0f169d60cf374d56e0ebaf28fbcb5e4004,56**********,+9************,ka*******************
Ananya,Banerjee,34,F,1992-06-25,79c820a505253bbfd39d11060b3c014f0ed2fec7a12ba485b2d05b9009afafe3,68**********,+9************,an****************************
Arjun,Sharma,6,M,2020-03-26,3edbb9a7a8d4fe682bdf56eb3ca908210d2ca4d7594490f3350111cc9419055c,39**********,+9************,ar**********************
Krishna,Verma,53,F,1973-04-02,c6a585d0daae307ac216d4febb8665d87f55a5e48b317045c1722955ad85e9fd,23**********,+9************,kr**********************
Muhammad,Naidu,66,F,1960-08-18,bbc7f8fbd1e5e76ae39a26c70088e9e41e77234870df5d7022320b6d6dc4297a,45**********,+9************,mu***************************
Reyansh,Naidu,77,M,1949-01-06,54ea7cded53f3952244526e5fb2f0efa0d1871a1bec73f5f12883b6444b9b590,35**********,+9************,re***************************
Arjun,Singh,43,M,1983-07-01,69439960bbccf2a6815cbefbc75c9ef207538300e4957acf44d36871752a1f41,37**********,+9************,ar**********************
ArjunSingh,Unknown,43,M,1983-10-23,69439960bbccf2a6815cbefbc75c9ef207538300e4957acf44d36871752a1f41,44**********,+9************,ar*************************
Sara,Nair,75,F,1951-08-03,e93247d4c362e782ae8d64757943b2d5d2103bfe447cd5437b1365c123f041e1,73**********,+9************,sa********************
Anika,Kulkarni,23,F,2003-02-12,b7ae89b9f6d5b4e11ff640cd3149ce3b84814718d81d025ffc84f2349f06a51f,33**********,+9************,an**********************
Ira,Kulkarni,55,F,1971-09-21,611287edff2d9e602fc6312c5850f6c8c7f4718408f7c4e4adbda51ff8cefd15,34*********,+9************,ir**********************
Aadhya,Kulkarni,80,F,1946-06-19,b72278ed23f19a8c2b41b0db55b5add5857f9d97941bea9a91953a4dcfdb7889,21**********,+9************,aa************************
Krishna,Verma,75,M,1951-08-28,d63e39fef866b582f833b5b8f1530f88b3f009a5a2a58f85bd8084715dbe2dcb,97**********,+9************,kr************************
Reyansh,Mehta,16,F,2010-07-13,2a83efe6c04452bc9e1eac7659666fc1e2ef8b35ba2aa9dbe5e67d44c035a4d9,28*********,+9************,re*********************
Reyansh,Mishra,8,F,2018-08-16,67bd11a206eac494c3ee8e3d36126c731ac5750467ea07b569f985a27e5c9729,48**********,+9************,re***************************
Anika,Ghosh,4,M,2022-07-12,61c7785b723e9eeaf6effd5f5cef092f29f2c1764a0738be4ec9ec230c0a4872,65**********,+9************,an**********************
Sai,Banerjee,4,F,2022-01-20,c78855de749f50c7f98e978b2cfdd41aa62ab578f4c1a64e282225ec59b10bc2,75**********,+9************,sa*********************
Ananya,Joshi,56,M,1970-08-06,0126b502a0b81082fcb039c69dec0c8ab60882f0da69575c4be3913c1e687a64,47**********,+9************,an***********************
Ishaan,Chatterjee,25,M,2001-06-04,c341214938cd7c5edf253986538ef88ba218fc4e63ddebde1dedabac2d723091,50**********,+9************,is*******************************
Anika,Joshi,67,M,1959-02-07,7b3d44d6828e3b78308e415c43238352b0b6f56ef167c891dc1c9bb0aa38c364,90**********,+9************,an*********************
Krishna,Joshi,67,F,1959-05-09,eb49cf07d670d5e8e2869d263302c841155d87405b86b994f78b0fa699b8c2d6,41**********,+9************,kr************************
Sara,Chatterjee,27,F,1999-06-19,a218dd6015610392215aa023eb5eb9f835fb61615c114e6b6baae96ea2126248,57**********,+9************,sa**************************
Diya,Agarwal,32,M,1994-12-10,1ca865e5a1e1372e2cc2ceb74207227ffc8b5a70f33c3f8703ca456f0945e90e,35*********,+9************,di********************
Anika,Joshi,50,F,1976-02-16,95edae0cf7e42aad8885909c537182f636aeabc79386efbbfd48ab71b16f1d99,95**********,+9************,an********************
Aarav,Mishra,61,F,1965-11-26,43ed3ef0874d6ee44b32b0f1e731d476502d43b7c5ee43f753207e3498887963,87**********,+9************,aa***********************
Muhammad,Singh,51,M,1975-09-22,0bca6c5dd27f6abc1b172f53c4a98961b47e5e3518cffe6d4b9c53693deb5008,88**********,+9************,mu************************
Reyansh,Joshi,19,M,2007-03-14,ffd7386b5130f996a8724381641ace5b1cff4a853c1553378584a30f244d5d3d,79**********,+9************,re*********************
Arjun,Sharma,21,F,2005-10-19,0fe9c87d67d0d3d8f69523ab40c94dd9ab57cabbd1320007ad7c147270cd1ad1,12**********,+9************,ar*************************
Myra,Gupta,5,M,2021-07-14,844bcfc3767694bbbc1892893b5dfe528b050cc8a7fb5cc5533ae56387edd1ca,34**********,+9************,my***********************
Krishna,Singh,82,F,1944-01-03,604c9afd067fac61e2daa8a506a2030f2d8c48a0c123a8b1750c198b0cf829c3,28*********,+9************,kr***********************
Muhammad,Banerjee,42,F,1984-03-08,097d1730f877c5e910f5789d79ccbbb12c982460d0c24d0f57881d9f3578c3cd,57**********,+9************,mu***************************
Kavya,Patel,61,F,1965-12-07,515ee739d3b1e850ea87009babf136b0542638289a3c4aa231c50bec8a47e40c,32**********,+9************,ka*******************
Sai,Ghosh,22,F,2004-07-18,fefc9ce1762c0616d7c02d0e6dfd99410ef8345a88008eccb14c39c4ad398983,73**********,+9************,sa**********************
Aadhya,Kulkarni,21,M,2005-10-25,6ae0b575caa42797d196009a7bf0f3c591a43b1d0c7e9d8d5731f683a28182b5,90**********,+9************,aa***********************
Aadhya,Kulkarni,21,M,2005-07-05,6ae0b575caa42797d196009a7bf0f3c591a43b1d0c7e9d8d5731f683a28182b5,32**********,+9************,aa****************************
Aditya,Joshi,70,M,1956-11-24,8a476547d4cf963e230232a65adb7a9aa6ed589ac5f4438a7f13da335fe22741,70**********,+9************,ad***********************
Diya,Mishra,1,M,2025-01-10,6515520768c95a5f9eb8e00e887f960da5f9152736525f43c985a851f5bbec35,25*********,+9************,di********************
Ishaan,Naidu,5,M,2021-09-25,fcba60f55cac724244b245a65498aa46e73d352ad9540883c0139d3ddab15a1f,19**********,+9************,is*************************
Muhammad,Banerjee,12,F,2014-01-04,1881045f69a737bc4f4dd7840b4f9f5b006fbbf3f4b5a605a3c66ddfbdff5ff0,59*********,+9************,mu******************************
Muhammad,Bbanerjee,12,F,2014-06-14,1881045f69a737bc4f4dd7840b4f9f5b006fbbf3f4b5a605a3c66ddfbdff5ff0,95*********,+9************,mu*******************************
Muhammad,Banerjee,12,F,2014-02-05,1881045f69a737bc4f4dd7840b4f9f5b006fbbf3f4b5a605a3c66ddfbdff5ff0,40**********,+9************,mu*************************
Muhammad,Patel,46,F,1980-01-05,a2e1a6df1b20d75758869362fdcd51f72b40da14a5f7f80910562c4e736e9993,45**********,+9************,mu**********************
Kavya,Joshi,34,M,1992-04-19,a1807f6186c536cb15f0948b636e884457174bd4c2692684959ad17b212b2efd,81**********,+9************,ka**********************
Reyansh,Pillai,49,F,1977-09-22,8827f01ea81cde4c6fa53dba33d2ae9301c138d84422893db8d51fadaa58f6e1,88**********,+9************,re*************************
Myra,Agarwal,78,F,1948-11-11,a8c00815d9ec2a5b00e3d2176256b131f1d75099e67beef8ccc3e2312091c8a2,44**********,+9************,my********************
Shaurya,Joshi,45,F,1981-09-13,7f8a4f8fcffd556d60cdd9cb6d9881c5f0952f211e879052948e285011a4da4c,53*********,+9************,sh*********************
Reyansh,Patel,27,M,1999-07-02,739aa8b2a541b46e473efc1cbf3aca0a7c136e4a102c437bec6d2a1b70486e84,55**********,+9************,re**************************
Aditya,Das,73,M,1953-01-05,60a3b7a0fd4cf4e8dc1da079b82ba46eaee77e024dc64e63fdfa76f3bbaf39cc,78**********,+9************,ad*********************
Vivaan,Joshi,26,M,2000-07-20,78e7fb09b2c2605c19cddbf9afc895dfa1b5324af74fe9c25be10e02854b5c94,59**********,+9************,vi***********************
Myra,Banerjee,47,F,1979-07-20,b9c3c485ab3ab0dcda11120fd6a81621479eb013cec7b53ac5b9f8cd2e0006d5,33**********,+9************,my**********************
Aadhya,Pillai,86,M,1940-08-06,fe806d818988e5ee16e1ac60627b5143451ad44b0c85d58468127ae1e68255ea,51**********,+9************,aa************************
Ira,Agarwal,56,M,1970-11-01,a5a552c1a898df14931a32a03de945a5846a4ebb3638c149f05dbd20f97313f4,85*********,+9************,ir*******************
Reyansh,Banerjee,63,M,1963-10-21,5ad895f805352bd089d1618e6d92731687f52b9ec12045b5cfe70faa0821e0fd,99**********,+9************,re**************************
Ira,Agarwal,48,M,1978-12-07,9d2990bf14adf28987ad0230c0d32cf41e5dd7c9fe67790ce87de1a0d14dfc34,96*********,+9************,ir************************
Ishaan,Iyer,61,M,1965-09-21,f1e921ffaf861ea372dd545d469e4e291357c01134a401015942fe6a92883e31,10**********,+9************,is**********************
Ananya,Agarwal,81,M,1945-12-18,a79cd23231a9a7983a2b9cb2a13760d4086e8888a47d3e599c0f66301557e938,37**********,+9************,an**********************
Ananya,Khan,26,F,2000-03-28,381fb8bf617b85b1500be36389446b3dcb63971f826b60836e4b32f6d1d2c80a,70**********,+9************,an*******************
Reyansh,Banerjee,36,F,1990-08-23,6c969592dda6775eb2d96d83f8e2d8e54a67096e4e750447f35de345c8b4d564,25**********,+9************,re***************************
Ananya,Reddy,1,M,2025-03-17,e23805f15d55defc4d934dad892c28277fe160cbf109b42ffd5c83184d60fd42,45**********,+9************,an**************************
Myra,Joshi,8,M,2018-12-26,5601c71b94b41720a92b86c2520a6d04c5491ffb8752f889898611516c318484,59**********,+9************,my********************
Diya,Banerjee,52,F,1974-06-24,8c7e78ce2506ea4d78bc86b18a33d554c25531cd2650792abdc1dadce5b98a70,46**********,+9************,di**********************
Kavya,Banerjee,79,F,1947-09-16,2a8fcf287fa1e6f5228499fe1342b2862e5284695bd138093267305e7772a4b3,92**********,+9************,ka************************
Aadhya,Das,47,M,1979-06-16,1047b7c4faa338bb338b8d60b66d9ae0e7d14f1ec9f747437882f4f724a283ff,15*********,+9************,aa*******************
Riya,Singh,56,M,1970-09-28,7aa176d0a5f6a996e7fe57dec83784416fe6d898c98ce4815d2a6492d57a6472,83**********,+9************,ri***********************
Ishaan,Naidu,86,M,1940-01-20,ce3b655d194dc290107d6687c2a616fa0c91e2c687bcfc3ee7015708b98bbad3,79*********,+9************,is***********************
Saanvi,Chatterjee,14,M,2012-08-04,fc778a3b0a051b6a7dbac813a765eb1cbedf5c6b026fedc4f1624235fa41fa83,31**********,+9************,sa***************************
Ananya,Gupta,28,F,1998-10-16,5f42312a213a917091439e08d41d8a5f948e75823347c53210a3cf38b485968c,13**********,+9************,an**********************
Ishaan,Kulkarni,87,M,1939-08-21,2fbfa19e0834526a73f088118e54ac518f7fdbe8b02a8d6e2fbbac494cf0e908,61**********,+9************,is**************************
Ishaan,Nair,78,M,1948-11-15,b53cd664d3caa7d3461db14d746ee0bac972b79bc4dafeabb23ab761cbc4dccb,78**********,+9************,is********************
Aditya,Joshi,88,M,1938-06-21,087737d53c036a362ce2f12cd82b3eb30fd7fbf7cb6f237d0f2f871b13b44f8d,58*********,+9************,ad*********************
Diya,Das,2,M,2024-04-19,115f110efe2c65297179f84ceb6a5154ba53e08f2d9b5659b5417adaea4e61eb,13**********,+9************,di*******************
Ira,Banerjee,26,F,2000-04-09,a04db1b85ec66df8d551e8c37b9b69bc4e1ff6bc91c7992d9d371ebf4f5d58c4,36**********,+9************,ir********************
Vivaan,Patel,14,F,2012-07-02,569f51af9b49caaa3c5638289c4dda9891ec6c5c121b463f46ce6a31e2fbbc0b,24**********,+9************,vi*************************
Vivaan,Pillai,59,F,1967-07-11,c754e805cc58c13693de3d6bbaf4ca473b79a20bc39a95d391a14ba226b28c30,27**********,+9************,vi***************************
Aadhya,Sharma,56,M,1970-08-02,26e8f177c9d0559c5bcddd66fd8a5419b5846b1e893ab28b0401e38363aef2be,39**********,+9************,aa***********************
Vivaan,Verma,7,M,2019-05-04,307ef25359a956e71b2b17949d67638d87854f2a69604f7c7fb24c7c745e0337,49**********,+9************,vi*************************
Ananya,Agarwal,3,F,2023-04-11,c7d426d2210ced26b6729b9feacd755a815a5fdb9ef6ff68620fbe61f34c9dd9,15**********,+9************,an***************************
Kavya,Reddy,23,M,2003-04-15,b884baa483ed63465490a927aac29ed841e361a66c5a8011fbe8724504c76d4c,84**********,+9************,ka**********************
Anika,Nair,18,M,2008-01-17,948c642d934afce920771bd5a02275b5d2fc6c19cd098bf0008da286c5cace5d,44**********,+9************,an*********************
Aarav,Agarwal,38,F,1988-02-18,dbc90b3f962553944ff9d721bd4d6d97b721296b17cd8c21e256ac0227027b87,60**********,+9************,aa***********************
Reyansh,Patel,15,F,2011-11-11,593f65033553cc9263a6f922ab699d24cb47baf62a49bdd5570b86e0427c4df0,81**********,+9************,re**********************
Sai,Gupta,64,F,1962-01-01,222944dd62e3dd9a67e7a30b4bd1e9f2df5bc2874da2fdaa2a0c9d0dc0b3c6be,95**********,+9************,sa*****************
Diya,Agarwal,89,F,1937-04-25,80a3b499ead4cf5e7b5b7382b62dc6ad33c2e8f46067392f2775751cedd9bdc6,24**********,+9************,di********************
Kavya,Banerjee,28,M,1998-04-22,3fed7f1a1fa568aed4f480389cad30a59aed89b205c6466820181ca39ef5dc49,21**********,+9************,ka***********************
Muhammad,Naidu,74,M,1952-08-28,565ce148b4243a51702a5a651d7d76f23e7f6e6cb0f9f59d6292fd6d7bba9035,26**********,+9************,mu**********************
Diya,Khan,39,F,1987-12-17,e9074183e4b94ca9c3281c46e701bbd0ed80985875f1d5583a3e824b8b577e9a,77**********,+9************,di*****************
Ira,Khan,57,M,1969-08-09,0e313068dce20d1ac040c00e54c27f768f8f2aab412ed5d0f51094152054fda2,31**********,+9************,ir****************
Myra,Gupta,17,F,2009-04-23,28f3c2a8d2b4e70a54c280efe2a2d76a3e7523064fd65364d23f0a86d872cee7,66********,+9************,my*********************
myra,Gupta,17,F,2009-03-23,28f3c2a8d2b4e70a54c280efe2a2d76a3e7523064fd65364d23f0a86d872cee7,45*********,+9************,my*******************
Shaurya,Khan,86,F,1940-12-26,d86941865dd04287dc46753709a6c0e929d3a9239a2d9b325840e3799b238186,93**********,+9************,sh*************************
Sara,Chatterjee,44,M,1982-06-01,19298fd58334c2576e49a117e7714d5a8dc0fc9a1b9e879f7f8eb13fcb898319,20**********,+9************,sa***********************
Ananya,Mishra,25,F,2001-04-03,0bbe39146e465d40ac72ecc5e7bf8732b8d8f3e9844746b4294f1d5d5071d467,26**********,+9************,an***************************
Diya,Joshi,17,M,2009-03-11,d271929afed56a5e82b029e4026d5ed9c8d61a75b62eeb02fe1ae33c9b7e9114,77**********,+9************,di************************
Diya,Agarwal,13,M,2013-12-04,c34c08c1d9a4c7f2bfb10683732101b1221af7112c810547556524f8b020442c,17**********,+9************,di**********************
Anika,Singh,84,M,1942-05-25,cbce6411448934040ed7d1dde13cdc5b1476b8c4547803701bcc1ff5d7a66ced,13**********,+9************,an************************
Ishaan,Mehta,25,M,2001-03-13,45c5d55fd120cacc537a3e177578661017ef7f4ed30529d36e2e32418fbad865,52**********,+9************,is********************
Ishaan,Gupta,68,F,1958-08-04,075f6dd5d6befe2ed58ab07f2ce22efa55b8c935c798f1589f004e1576553551,77**********,+9************,is***********************
Kavya,Das,10,M,2016-07-21,d54ca21a7e99cdc0a68fc67076104d3e857b9f653baa2eff2ed32e9198f74519,24**********,+9************,ka*******************
Myra,Patel,67,F,1959-02-28,5c36f970d3364a3817dc5302d76c0b162dc93001f9c4ad8994b7995b4db046aa,37**********,+9************,my******************
Ira,Reddy,18,F,2008-09-02,5a5bc2aa18d8d02405bdf0b910a1b3dfcc7795b4e9cb7f2d366eafa133988e27,83**********,+9************,ir********************
Reyansh,Patel,86,F,1940-07-28,9e9cdc2bf4b91e70025e63cc7ea079b158f64e6d9631a7cc43556b9c29593df6,38**********,+9************,re***********************
Ananya,Kulkarni,34,F,1992-05-23,928e103b6e0df6c379eb4d766f6bbab3deb17a9289c0f3adb948b876017a207f,64**********,+9************,an***********************
Krishna,Joshi,8,M,2018-11-14,62b0b9ce01d516bf00b0225b65d7ddfab72fde5e2502e45ef408410c282ff651,99**********,+9************,kr************************
Shaurya,Reddy,40,M,1986-11-09,f0dc16ef2ccee2c0811edee2f0c602b0376a7e022cd5e8e7e422a6f3a12862ce,51**********,+9************,sh***************************
Muhammad,Naidu,83,F,1943-12-20,f63341a0a3770453c3bc9644a8dbbacb358b386f741e193ee5563efc3f07519f,18**********,+9************,mu*************************
Ishaan,Agarwal,42,F,1984-04-17,208c5681bc690e4db8228e625243cecaf4c054055da89a2c23b381ba28f94d56,54**********,+9************,is****************************
Ishaan,Agarwal,42,F,1984-11-17,208c5681bc690e4db8228e625243cecaf4c054055da89a2c23b381ba28f94d56,99**********,+9************,is**********************
Arjun,Ghosh,41,M,1985-11-09,03175f6d9373fae95f71dc8c7d95e3ffa5e79c08a1daef004201db6dd42430bd,45**********,+9************,ar**********************
Ananya,Khan,6,F,2020-02-04,7f99da50ad19a494319bdc53c673ce72e1234ad854bd1169498fae6d6e9fcacd,99**********,+9************,an********************
Kavya,Sharma,52,M,1974-11-01,6cb07625c8ce61e7fb453d4f324e936581ec3f8f5a9910869e86bf2226480e9b,96**********,+9************,ka********************
Arjun,Kulkarni,26,F,2000-08-26,07b5816b6b729469de051b69faedb1ac6ebf19a846845c130c0eb96ee1b79a88,51**********,+9************,ar**********************
Reyansh,Khan,64,M,1962-06-20,e0ba46c9a9df42b0b95915cf67847271e0c1452452258c8ba5a3f37c7bc2a982,42**********,+9************,re*********************
Shaurya,Gupta,59,F,1967-06-11,1dd0605125724f7eebd995ff19c52b2f2905c2d93844e0e4b51f05d27ac3567e,41**********,+9************,sh************************
Krishna,Ghosh,56,F,1970-09-06,21b69c3f33f23bff6682534eb2985655efef5b8d811c12b3598bd7c5078c22e6,22**********,+9************,kr**************************
Riya,Chatterjee,59,M,1967-02-28,d7883315352f12fa20d6c19c3f82874e6c989873552679c898d43df7c276fcec,11**********,+9************,ri****************************
Ananya,Chatterjee,70,F,1956-04-15,256c5e44719e844bb763f553a8626e4a668b28e4f71e8f1944f4c2ff6d097c34,37**********,+9************,an***************************
Ira,Chatterjee,33,F,1993-03-28,f4133d1257c4df22d1f3160f167fa0b82a2d16ffc2fa6076b0dd622aa9284cbf,43**********,+9************,ir**********************
Diya,Pillai,53,M,1973-02-23,27473346c866b66de92864725e25b82376fe9bf6c8bd24e4ebbef139b30151c6,96**********,+9************,di**********************
Ira,Gupta,22,F,2004-12-12,39a84d8257ff5af51a77290dabea70f4a64af21808aa574e6c1a76e5256157f5,38**********,+9************,ir*****************
Muhammad,Naidu,21,M,2005-09-15,1418c015543bf9d7c0f0f4b223b053fd4f7cb92f55117d37fc1beb484eeab47c,49**********,+9************,mu************************
Aadhya,Patel,70,M,1956-12-25,735f21cdca87c0a64318bfb65954dce82f83e32d3ff22912bbbbc0b1f5b03625,72**********,+9************,aa**********************
AadhyapPatel,Unknown,70,M,1956-06-28,735f21cdca87c0a64318bfb65954dce82f83e32d3ff22912bbbbc0b1f5b03625,74**********,+9************,aa*************************
Reyansh,Sharma,70,F,1956-03-27,a545e943ac485660f569dff7d7ecf2fe46eb2c3d114a3957887cb48579a1690e,59**********,+9************,re**********************
Shaurya,Banerjee,4,F,2022-06-06,370a5d9b1e3c152abd94138f869cda838b8cbfee5c965e3d0343efe0bebe74d5,71**********,+9************,sh*************************
Aadhya,Mehta,75,F,1951-06-15,cd605f21ec12328c2775cc58f3d9ef27effc5e4776b6019e85bf0321e43c9109,26**********,+9************,aa*********************
Ananya,Nair,62,F,1964-07-10,f319b5c2f49b3846b9c68c65bcaa5e73547f13dd855f35cc6aeeb84d81bf632c,90**********,+9************,an*******************
Krishna,Naidu,62,F,1964-10-06,b4af8df90f7c139522006c2df3055f56b5449990959736ecce2b7f2f0b9f52cb,23**********,+9************,kr*********************
Riya,Kulkarni,24,F,2002-10-17,7a73ce2a7fc78ef30e7d3767823226ec53bad36409ec5e2d54d4373e77bfd26e,27**********,+9************,ri**************************
Saanvi,Khan,55,F,1971-06-08,d27c1e98bd8f296f816b5428e2c9730dbf01a9c74b665c79ea5c8f9eb9b85e8d,39**********,+9************,sa********************
Krishna,Mehta,9,M,2017-09-19,92e8e78de5ea033f2f0c07afe5f92fb5b2a2d23595888da275d9af9fd7d03490,73**********,+9************,kr***********************
Shaurya,Singh,3,F,2023-02-16,459b89f1c1c07e4eeab0dd6c7d5c40bea90d231854870ac2ef30273e6339ae40,83**********,+9************,sh***********************
Shaurya,Ghosh,31,M,1995-02-10,dc3fb10a20b2a80fd183dd93345a393140379b4058b39ca9e9d52162376b3443,58**********,+9************,sh*********************
Riya,Iyer,40,F,1986-12-17,8889ac1b6cee312d8700accbb812d5b60e9510e9a0aab6d7a683c57667fb35ae,50**********,+9************,ri*******************
Aarav,Patel,36,F,1990-10-21,7bde81ceef815801710f2a7b7226291fa7a3ac9bc92133f1b2fd6366feacae51,50**********,+9************,aa*********************
Vivaan,Pillai,24,M,2002-01-05,01dd0810ec8caf414ec365ceabcb44be661bd149b89ea50852836ccd9386f34a,63**********,+9************,vi***********************
Aarav,Nair,6,F,2020-04-27,a2f873cca5e94c41780ff84b8f18a8f20d2bc5dcd80a49c679dde69dbf6e3c47,46**********,+9************,aa******************
Shaurya,Joshi,66,F,1960-03-18,ff59c2683e6104bfda79f88a7dd17f55ea278b316808d55ec0d311b985a600d0,60*********,+9************,sh***************************
Vivaan,Pillai,84,M,1942-02-18,cb5eb9abb34fe93c49e9ada162875440b041a44177886378faf79a8e6caa9e5f,46**********,+9************,vi***********************
Vivaan,Pillai,84,M,1942-04-14,cb5eb9abb34fe93c49e9ada162875440b041a44177886378faf79a8e6caa9e5f,80**********,+9************,vi***************************
Sai,Chatterjee,75,F,1951-06-28,f0837f4aff9d915310f387915c3882e5f822c101a81de81391f3ef0e6440bd9a,27**********,+9************,sa*************************
Sai,Sharma,4,F,2022-06-22,695819effb2e647cc96708c12760d26f7fac82ba6343df6ef1c4dfbb5bf9eee0,73**********,+9************,sa********************
Aadhya,Sharma,79,F,1947-11-03,9ad6433a1cac7324a1bf9812a85d1bd69430e36b4020ca12f7ee1e1edda5b0d1,13**********,+9************,aa**************************
Ananya,Chatterjee,6,M,2020-07-25,2bb472f799372f4d0f11780096f1b1c58d98d65d1f611d7d7e881bd650f76a1e,25**********,+9************,an******************************
Krishna,Sharma,51,F,1975-12-08,bc5545f98fe1a69d4f0ca33451ba4fbd7ef74af6d565ca38c74a0e88b4ac43ce,98*********,+9************,kr*************************
Shaurya,Joshi,62,F,1964-03-12,807002ae2042fbff29e4ab3d8409ae7dd581793a94d252a8fee785cd64d8e024,77**********,+9************,sh***************************
Diya,kulkarni,57,F,1969-07-14,459c92c1ea106c529bff1c75765c282a0bb56e613a908e8fe2289c8c203d5e8c,42**********,+9************,di*********************
Diya,Kulkarni,57,F,1969-10-07,459c92c1ea106c529bff1c75765c282a0bb56e613a908e8fe2289c8c203d5e8c,67**********,+9************,di**************************
Ananya,Nair,66,F,1960-10-14,86d87cbac905451cd1cf943b93648d0f6b147644f646a978feb82bf0245d63b5,86**********,+9************,an**********************
Diya,Banerjee,79,M,1947-11-06,d1000269373ad872e18776d20eb8dc5b504cce157382b94c11b4519be82a3aeb,58**********,+9************,di*********************
Sai,Patel,75,M,1951-10-17,faec6ca7abdf3539a15d61953d677a4cc40aeadae245e68d78d68225b5c5127e,69**********,+9************,sa*******************
Myra,Das,8,F,2018-05-27,f20f6de37622847b50267a0ca51423b0ecdcbf9d2ef7a5682820f97dad8985a1,11**********,+9************,my*****************
Krishna,Gupta,26,F,2000-03-14,05386f07f84abddbc5de731a4f1694c9e561e407c1694ec87750a89fee2c89f6,59**********,+9************,kr*********************
Ananya,Ghosh,51,M,1975-08-13,793ee0f084c369d4ec079bf7d5d4106ae44e0e32d61ab1a14a3f4ab207767299,88**********,+9************,an********************
Aarav,Iyer,45,M,1981-06-03,1fe36c46c82248b03133b36fce0d6e09832e2c8f8939c52068893d16e0917358,95*********,+9************,aa***********************
Reyansh,Agarwal,44,F,1982-08-01,b80f0792f54b48b735169ad48fab43e1494809354d2a41baabde61a641586c52,29**********,+9************,re*************************
Ishaan,Chatterjee,5,M,2021-12-10,ddabb59a9826ea31b1ce182b4b327e1e5be2fcb5627388dbe0084a381530843a,54**********,+9************,is****************************
Aditya,Ghosh,70,F,1956-01-10,932990ec1a7797587578bdc8611fb94c98f194f57adeb99310c649a427a396c1,50**********,+9************,ad***********************
Sai,Gupta,26,M,2000-06-24,c46369250fdd0d074e41fd163d88486f7b572e67f60fd4acb0d243cbe7bf1e0f,66**********,+9************,sa**********************
Anika,Reddy,68,M,1958-02-06,eb351e94403b6f60c95255ea5125d89d492595be2f89a2d45b3d0257990ba1fe,44**********,+9************,an*********************
Diya,Naidu,19,M,2007-11-28,8a16a7c19a04da5413ff22e9804a9a32b319fdc0212f9c9998e3f7080d1a6237,93**********,+9************,di********************
Krishna,Iyer,84,M,1942-01-23,5462e26b2c4f69495b9a7e04fdb2576e4484537640762a2bd5ef3724ad75b5d3,10**********,+9************,kr**********************
Sai,Reddy,20,F,2006-03-17,88f7f4237aee189269417ac81c4f97a2e3ac25262ca5a762f39b765660e4cc46,83**********,+9************,sa*****************
Shaurya,Agarwal,12,M,2014-03-13,b24576ecd2ed6403ddcd31b778d1bbb7344f6a124efad807c9397688faa70322,34**********,+9************,sh***********************
Aarav,Sharma,47,M,1979-03-03,9cf322668d271072006c4f3d6b3a13b6d05608a8a4677aed4629defcb5229255,68**********,+9************,aa**********************
Vivaan,Gupta,1,F,2025-11-03,49062701bc17258527088cf07c7e776ff9ab8fd2f895f78327fd26d784ff1985,50**********,+9************,vi********************
Arjun,Verma,14,M,2012-10-06,87299de25dd8eee78dd29215a6c854984d8a5a51408548083844be1c80cb1329,57**********,+9************,ar*********************
Arjun,Verma,14,M,2012-03-26,87299de25dd8eee78dd29215a6c854984d8a5a51408548083844be1c80cb1329,77**********,+9************,ar*******************
Ira,Gupta,64,M,1962-07-16,56cc2d140d7645081d7d1ce0b26d04a79a7823ae023ce42b2bddac653bbd5df4,26**********,+9************,ir*******************
Ira,Khan,38,F,1988-12-16,6a1360631684f8735cc5a63873b23ab71c24661d7c84247e8b2ea7b7a659a79c,30**********,+9************,ir****************
Shaurya,Verma,37,M,1989-08-26,ecbb0131879dd73033d039b6a05dbbaf1f5427c77db7d4a05c8e6587a0d6cd65,70**********,+9************,sh***************************
Myra,Kulkarni,11,F,2015-05-11,1544a507557971e2858bbcaf96434547229fe759bf878aceed264b542281f113,42*********,+9************,my*********************
Riya,Verma,77,F,1949-11-16,333341dd08ef9050878df074e68ce91fccd94170655336c71151c8de328de593,97**********,+9************,ri********************
Anika,Gupta,3,F,2023-08-01,ee9441f7b044810963a594c4a252d26e245255e04ef1f3ca960ab30dbe34e864,53**********,+9************,an**********************
Reyansh,Joshi,33,F,1993-04-26,7eaf1e6c1630f0c8a2856d98642aa558e04431b37f75a59a998747e5f9e8496c,29**********,+9************,re***********************
Reyansh,Mishra,6,M,2020-06-16,a9486e6a9f07865232cbe9a4555faad1b4cadf7b739547440da408359ab4c539,73*********,+9************,re************************
Reyansh,Reddy,50,F,1976-07-23,5f9fc9f7518e6c902d2c9c26bab9cde54ba7b8338dd4c90b8bf4389ad2bd956a,39**********,+9************,re************************
Riya,Naidu,10,M,2016-09-06,11e337e7f9c993d8b3c88c25c9e2e9bbc27748902b1cdc5fb3f93994054d08bc,32**********,+9************,ri******************
Riya,Pillai,5,M,2021-06-01,c6609517bbe9e32d4ba09050c18bbfe68e64408d4c2c416d53f11e60c14374f8,51**********,+9************,ri*********************
Shaurya,Naidu,23,M,2003-06-20,c298cecdba76c83f263350d53e080a96bd431f42cd19de6efdd702431a28ae0d,87**********,+9************,sh*********************
Riya,Gupta,10,M,2016-09-06,9891e403b0f09d3ef6bb6a150444d7aed41685e904c6f0657120ac5fec5ca431,99**********,+9************,ri*******************
RiyaGupta,Unknown,10,M,2016-07-21,9891e403b0f09d3ef6bb6a150444d7aed41685e904c6f0657120ac5fec5ca431,55**********,+9************,ri**********************
Riya,Verma,44,M,1982-11-27,214570e8e57cbbedb0b4b324f9d19943a962fe8291da22434f634a5989e07f18,13**********,+9************,ri***********************
Aditya,Mehta,2,M,2024-05-16,f6b417a876311203b71363b2de9b23777e0a1dae3d73d787849b48272abc719d,33*********,+9************,ad*********************
Muhammad,Sharma,13,M,2013-10-12,3fd6c6a6cc99badcd994e57f26eb48e6a13687640d02d155eaed0cece624ed0e,10**********,+9************,mu***********************
Ishaan,Verma,40,M,1986-04-25,9a13ba46d6144f965c2dbb4a0c4e7d1c7e9fba2712f2ebe46cf0230eec3c8d80,32**********,+9************,is**********************
Saanvi,Ghosh,2,M,2024-04-06,2300988a2e179648451303b5288c8a4e2de25daf44d18e59b0f864cb00f24f4e,35**********,+9************,sa**********************
Arjun,Mehta,84,M,1942-10-27,b590517c2d468b0914ae59052dd7124002f7ea954511e648c5de1607dacd7505,13**********,+9************,ar*******************
Vivaan,Banerjee,65,F,1961-10-25,b045b556f0eeb10fc831df8ec6c44566c6cfb6f98e14b23f805fd5e0a46dfe05,40*********,+9************,vi*************************
Myra,Das,63,F,1963-05-01,9f9f87a24f36fd58d7856b41933d68f275f64c14d976c19783e2dc50c108c70e,89**********,+9************,my****************
Kavya,Iyer,73,F,1953-11-01,bb36064338c667e548c378da8265e5e11394f6809ff1b670006daa8d168ad9c1,92**********,+9************,ka*********************
Anika,Agarwal,17,M,2009-12-08,017982ce514b5f5213015893b875ab28fa760bfe4cacbc26322be7629c0660f3,42**********,+9************,an***********************
Aarav,Das,9,F,2017-07-27,1790ea86025b84f7e5d62043ed8a411e768d2626fbad93bf03569dc640a3fc49,97*********,+9************,aa**********************
Aarav,Iyer,75,F,1951-04-23,b937313b5cfe9f4c0a6054fa17cbb6402e42f872857577a88c6be5b554604cce,90*********,+9************,aa************************
Ishaan,Verma,15,F,2011-08-27,e91fa858f9a657e4394b2cc177821a21fa8896cf5f4b47277d2c5bd5d253bcf3,96*********,+9************,is*************************
Arjun,Ghosh,24,M,2002-06-25,c6b1aec37b36e779f2f918cbe3af9762d4d771d5fdfe40728db86930c250bca8,58**********,+9************,ar************************
Sai,Khan,38,M,1988-08-25,ae0406e331f05b6c3cc1862b5e628541a2ba43f543dafe5dcc31a1ea710368e4,78**********,+9************,sa******************
Kavya,Mishra,35,M,1991-07-04,d645a3f176a42988183d2200a102f0dd10c25011d7269c08a05d7313fb10003d,58**********,+9************,ka**********************
Muhammad,Iyer,49,M,1977-09-13,1a2d875e42cbcde58b46c3f2e6c2423ce2bee58a8f47dd3d0f6823ae4cdf7fa1,19**********,+9************,mu***********************
Krishna,Singh,69,F,1957-03-03,aabeca9f6e3bb6fdcc193ce28b1a8070c30e0911642b37b9b08823b7fae5449a,95**********,+9************,kr***********************
Sara,Pillai,62,F,1964-03-27,ab1491ebbef533884df099f10492d94658d57d8720164bcd29e54f8579cedec0,64**********,+9************,sa*********************
Shaurya,Verma,60,F,1966-05-14,a759aaee0229400211580e1ddf0be6282fdb5e809de0389fc1b5944444cd749f,71**********,+9************,sh*********************
Aarav,Banerjee,50,F,1976-09-25,6a8e25c32bd2561ffe6615c57c1cbc6735a28a34dcfb3a21c1e230f679cb9aaf,99**********,+9************,aa************************
Riya,Singh,78,M,1948-02-03,bec7829794a0ab001d975cec779937e8d9a7b70e6edf2d2b2cad5a20f10ed2bf,99**********,+9************,ri******************
Ananya,Iyer,75,M,1951-07-04,fb44a13edd72f14aa32e23e0c34c6084c7025c40f720227ee0281a34cf9d30e4,65**********,+9************,an*******************
Shaurya,Patel,9,M,2017-05-19,16b9e2b63096c43dbe5b24c26eaa282d0729322e22c51ae283ec965f0e859353,87*********,+9************,sh**********************
Shaurya,Chatterjee,34,F,1992-08-16,729677210420f31c8e54ccdb8a789ad4e0d44e04ae02f71d7ce3d85b6c7db250,74**********,+9************,sh**************************
Vivaan,Verma,76,M,1950-02-06,0244fd087d97407ec31f2ad53ae930cf8f76ab09f3dada66c3c8f959dfc05a1d,26**********,+9************,vi********************
Vivaan,Ghosh,35,M,1991-07-16,a2e5c8cc57d8e8c5aae81c1cd53035e6b33e91427254a590adf69a482ae190aa,99**********,+9************,vi*********************
Aditya,Joshi,1,F,2025-02-01,a4f6ec112797c51296942e96182279f4a30a0c4c2fae4901468b25a8a8ccac41,86**********,+9************,ad*********************
Kavya,Mishra,40,F,1986-02-18,148b9ad00dca1b3d2358919e159c35911bb7a83968adaf8e861d72e83045df0a,23**********,+9************,ka*********************
Kavya,Mishra,64,M,1962-10-17,c40c05a54c634d27000ec2a324cd133a8f75e6c6b17a76f222eaa2d4022f889f,24**********,+9************,ka*********************
Riya,Patel,22,M,2004-07-18,661416e3639271e2df11ef3e62d640bc2f517a6a07132f85f15c230a7a3d9cff,25**********,+9************,ri******************
Reyansh,Khan,60,M,1966-04-27,3becf5df47bdff1dce63de3a38197a771e8c19aa38bef135b1a459eec32e1105,28**********,+9************,re**********************
Shaurya,Joshi,64,M,1962-08-20,9585a6fe9fdeb56c2583cf346135f842c524d064c6d136b701ea94cc32f44710,60**********,+9************,sh************************
Vivaan,Sharma,72,M,1954-09-03,cd9411366cb12a607d6557d82dd84d79ce3f1a60fd3c3b1587ea7debd76f97f0,23**********,+9************,vi***********************
Kavya,Gupta,11,M,2015-08-13,7da056615e9de44036a97bc53ef4dae7905297542ca3ba538d600ce7e4d2ac6b,46**********,+9************,ka*******************
Arjun,Ghosh,14,F,2012-10-17,43d9bbdc091c85a2c023f2f5781ed2581f7782277df20bf2cfbc64cc89a108d9,51**********,+9************,ar*********************
Diya,Gupta,60,F,1966-07-22,0fc6a280223ac3cfbf175e020aaead49d72588677e24b45170c9a9048aa64035,39**********,+9************,di******************
Aadhya,Das,30,F,1996-12-24,5a34e3f3bfc32d19a5cbeded256716c483b2a2ba8444b80150319c08859ccd9f,43**********,+9************,aa*******************
Aadhya,Das,30,F,1996-06-05,5a34e3f3bfc32d19a5cbeded256716c483b2a2ba8444b80150319c08859ccd9f,95**********,+9************,aa********************
Muhammad,Khan,35,M,1991-05-17,431bbc9bb28a7a5e0bf25020314c9e2c077bcec5d4488d3ac5565978cd0a75fe,16**********,+9************,mu***********************
Ishaan,Singh,85,F,1941-03-04,15fd27eb5581a4470d632fb8f63f155f85e2ae84e05544a2f9e169da810e6711,40**********,+9************,is***********************
Aadhya,Nair,37,M,1989-01-01,881c00d2b84a6a006122b3980c9909139c98b62633c8c1648e5b2e9f4045482f,14**********,+9************,aa*********************
AadhyaNair,Unknown,37,M,1989-04-05,881c00d2b84a6a006122b3980c9909139c98b62633c8c1648e5b2e9f4045482f,44**********,+9************,aa***********************
Diya,Khan,5,M,2021-08-04,42b2f00c2362470c0faed1b64dd4d198c5fedd20cd3ac38ab15aa583ae2185a4,32**********,+9************,di*****************
Saanvi,Patel,83,F,1943-07-19,afbd94f1848fd41087cc5acb8d09e72c4f5b0aad55a614d2754a32417907ca51,33**********,+9************,sa********************
Kavya,Iyer,78,M,1948-09-25,3582c605ea764053d47c8e9913a86d0e1e99b74b7951ef23e72f8d034f75de90,33**********,+9************,ka********************
Reyansh,Chatterjee,26,M,2000-04-12,028cb64631392a377977c87bedcb83b08efa3795ef7252615e60dd9e8b72102e,76**********,+9************,re****************************
Arjun,Agarwal,62,F,1964-07-20,1f68d46059da9b9a4a5c3336102586d3876540469f32e6a4145a3a2905a10279,62**********,+9************,ar*********************
Aarav,Sharma,4,F,2022-07-24,09d9f20b170cb65e13df0168ee65b5e40907a45c66b98230f59d7dd60c63a13a,93**********,+9************,aa*************************
Aarav,Shhharma,4,F,2022-11-17,09d9f20b170cb65e13df0168ee65b5e40907a45c66b98230f59d7dd60c63a13a,64**********,+9************,aa***************************
Diya,Singh,89,F,1937-09-09,bc503e7c17113af4a5b4cf79fc6fb04e45dd046dd453e96f390000269063a205,65**********,+9************,di********************
Muhammad,Naidu,42,M,1984-10-02,e7c39412523d8efa559edb6f28acdd154dbe16ba18f8dab0afeea3e4ab42e006,26**********,+9************,mu****************************
Diya,Kulkarni,89,F,1937-03-18,202a18c1cead1aefca4dd10f410a8f34d3810987db2370d290f9b59362b79bd0,87**********,+9************,di************************
DiyaKulkarni,Unknown,89,F,1937-09-17,202a18c1cead1aefca4dd10f410a8f34d3810987db2370d290f9b59362b79bd0,52**********,+9************,di*************************
Arjun,Verma,18,F,2008-08-06,ae811a447c699265d2570253c132d8615b7113c7660a8c6187d1dbb621a8f169,20**********,+9************,ar********************
Ira,Nair,40,M,1986-09-24,2271c9268b10ca16a8458505c1f7f05fe98580f7411f2245579a82ba80687066,90**********,+9************,ir****************
Aadhya,Reddy,72,F,1954-01-07,b97880ebfd72f0c28039111791d925472732f2506d801af8097c8a1081a4d51f,85**********,+9************,aa*************************
Shaurya,Kulkarni,39,F,1987-04-14,34c9340fb7652ca435fdff9038ab148519b671b18baf1b2135edabfe3c3990ef,19**********,+9************,sh************************
Ananya,Pillai,14,F,2012-12-15,dc8011c04d95da8562c51fdfb92dc4d19e6f865742bc5f706bbb420e4da47fcc,24**********,+9************,an**********************
AnanyaPillai,Unknown,14,F,2012-11-28,dc8011c04d95da8562c51fdfb92dc4d19e6f865742bc5f706bbb420e4da47fcc,26**********,+9************,an***************************
