booking_id,passenger_id_hash,flight_id,booking_date,status,seat_number,airline,source,destination,departure_time,arrival_time,flight_duration_minutes,flight_duration_hours,supplied_duration_minutes,duration_difference_minutes,duration_status,payment_id,amount,payment_method,first_name,last_name,age,gender,aadhaar_masked,phone_masked,email_masked,flight_day_type,age_group,booking_month
B1000,977c3154ed97450c76e731cfa64c1b4071ddd7001d11e16f6425026abd815d64,AI192,2025-06-14 11:37:36.951,CANCELLED,3D,Air India,MAA,BOM,2026-04-20 23:05:41.703,2026-04-21 04:04:41.703,299.0,4.983333333333333,299.0,0.0,Valid,,,,Krishna,Mehta,4,M,55*********,+9************,kr**************************,Unknown,Under 18,2025-06
B1001,604c9afd067fac61e2daa8a506a2030f2d8c48a0c123a8b1750c198b0cf829c3,6F026,2025-11-02 11:37:36.951,CANCELLED,18A,IndiGo,BOM,CCU,2026-04-20 22:46:42.000,2026-04-21 03:13:42.000,267.0,4.45,267.0,0.0,Valid,,,,Krishna,Singh,82,F,28*********,+9************,kr***********************,Unknown,60+,2025-11
B1002,906ea2a505d51fd41a2b2f02d9dfc962d3831101cd8232792ccfed55ec6303da,SJ010,2025-08-25 11:37:36.951,CANCELLED,30C,SpiceJet,CCU,MAA,2026-04-20 23:38:41.701,2026-04-21 02:32:41.701,174.0,2.9,174.0,0.0,Valid,PAY1305,6087.22,UPI,Arjun,Banerjee,62,F,44**********,+9************,ar************************,Unknown,60+,2025-08
B1002,906ea2a505d51fd41a2b2f02d9dfc962d3831101cd8232792ccfed55ec6303da,SJ010,2025-08-25 11:37:36.951,CANCELLED,30C,SpiceJet,CCU,MAA,2026-04-20 23:38:41.701,2026-04-21 02:32:41.701,174.0,2.9,174.0,0.0,Valid,PAY1912,2505.86,NETBANKING,Arjun,Banerjee,62,F,44**********,+9************,ar************************,Unknown,60+,2025-08
B1003,253e3decf26bba87ebad66473c9ad56664e004ace4b3cf396b23d9b89fb2d722,AI069,2025-12-30 11:37:36.951,CONFIRMED,33A,Air India,DEL,BOM,2026-04-20 22:43:41.702,2026-04-21 02:29:41.702,226.0,3.7666666666666666,226.0,0.0,Valid,,,,Aarav,Ghosh,60,M,95**********,+9************,aa**********************,Unknown,46-60,2025-12
B1004,f4133d1257c4df22d1f3160f167fa0b82a2d16ffc2fa6076b0dd622aa9284cbf,UK003,2025-10-02 11:37:36.951,PENDING,25C,Vistara,HYD,DEL,2026-04-20 21:41:41.700,2026-04-21 02:19:41.700,278.0,4.633333333333334,278.0,0.0,Valid,PAY1738,12222.48,UPI,Ira,Chatterjee,33,F,43**********,+9************,ir**********************,Unknown,31-45,2025-10
B1005,ccaeb9c55d66d7925b9b4b257d89a2f3e2fcc223df68dd4a43a8b85509590cf3,AI048,2025-08-31 11:37:36.951,CONFIRMED,13D,Air India,CCU,DEL,2026-04-20 22:23:41.701,2026-04-21 02:15:41.701,232.0,3.8666666666666667,232.0,0.0,Valid,PAY1122,13378.9,UPI,Saanvi,Nair,52,F,25**********,+9************,sa*********************,Unknown,46-60,2025-08
B1006,a4df934159e17c6f77ef8d393588441f9c9abcf50194d863ddfde514c1ba87be,AI140,2025-06-29 11:37:36.951,CANCELLED,17F,Air India,BOM,DEL,2026-04-20 22:25:41.702,2026-04-21 02:08:41.702,223.0,3.716666666666667,223.0,0.0,Valid,PAY1206,14980.37,NETBANKING,Riya,Das,58,M,42**********,+9************,ri******************,Unknown,46-60,2025-06
B1007,2fbfa19e0834526a73f088118e54ac518f7fdbe8b02a8d6e2fbbac494cf0e908,UK167,2026-03-12 11:37:36.951,CONFIRMED,22E,Vistara,DEL,MAA,2026-04-20 22:45:41.703,2026-04-21 01:46:41.703,181.0,3.0166666666666666,181.0,0.0,Valid,,,,Ishaan,Kulkarni,87,M,61**********,+9************,is**************************,Unknown,60+,2026-03
B1008,fe8378226aea284fc0bde70c404202521495e2831d1809e19eed560393f944f3,AI245,2025-09-07 11:37:36.951,PENDING,34F,Air India,BOM,CCU,2026-04-20 23:07:41.704,2026-04-21 01:43:41.704,156.0,2.6,156.0,0.0,Valid,,,,Kavya,Verma,40,F,82**********,+9************,ka*********************,Unknown,31-45,2025-09
B1009,671275e88f80ab6612b251a834bc7c2c958d795dd8d53e18ca9e1e16136f7771,SJ158,2025-04-28 11:37:36.951,CANCELLED,33C,SpiceJet,DEL,HYD,2026-04-20 23:05:41.703,2026-04-21 01:24:41.703,139.0,2.316666666666667,139.0,0.0,Valid,,,,Ananya,Nair,34,M,56**********,+9************,an*********************,Unknown,31-45,2025-04
B1010,4b6c0c8b02b248b3832fafda3719d14a7c12256e352e612069e6a9d139c72f0d,AI155,2025-11-24 11:37:36.951,CONFIRMED,15B,Air India,BOM,CCU,2026-04-20 23:35:41.703,2026-04-21 01:23:41.703,108.0,1.8,108.0,0.0,Valid,PAY1534,,NETBANKING,Saanvi,Mishra,79,F,44*********,+9************,sa**************************,Unknown,60+,2025-11
B1011,6f2e7545bf6891bce54a08268e1cd0f112e247db566b7e31baf6851c5c4738c6,AI179,2025-10-25 11:37:36.951,CONFIRMED,22C,Air India,HYD,BOM,2026-04-20 20:41:41.703,2026-04-21 01:19:41.703,278.0,4.633333333333334,278.0,0.0,Valid,PAY1537,2115.18,CARD,Reyansh,Verma,60,F,77**********,+9************,re*********************,Unknown,46-60,2025-10
B1012,c7d426d2210ced26b6729b9feacd755a815a5fdb9ef6ff68620fbe61f34c9dd9,AI137,2025-08-15 11:37:36.951,PENDING,28B,Air India,BOM,DEL,2026-04-20 22:49:41.702,2026-04-21 01:17:41.702,148.0,2.466666666666667,148.0,0.0,Valid,PAY1033,,CARD,Ananya,Agarwal,3,F,15**********,+9************,an***************************,Unknown,Under 18,2025-08
B1012,c7d426d2210ced26b6729b9feacd755a815a5fdb9ef6ff68620fbe61f34c9dd9,AI137,2025-08-15 11:37:36.951,PENDING,28B,Air India,BOM,DEL,2026-04-20 22:49:41.702,2026-04-21 01:17:41.702,148.0,2.466666666666667,148.0,0.0,Valid,PAY1050,4074.67,CARD,Ananya,Agarwal,3,F,15**********,+9************,an***************************,Unknown,Under 18,2025-08
B1012,c7d426d2210ced26b6729b9feacd755a815a5fdb9ef6ff68620fbe61f34c9dd9,AI137,2025-08-15 11:37:36.951,PENDING,28B,Air India,BOM,DEL,2026-04-20 22:49:41.702,2026-04-21 01:17:41.702,148.0,2.466666666666667,148.0,0.0,Valid,PAY1274,12647.86,CARD,Ananya,Agarwal,3,F,15**********,+9************,an***************************,Unknown,Under 18,2025-08
B1012,c7d426d2210ced26b6729b9feacd755a815a5fdb9ef6ff68620fbe61f34c9dd9,AI137,2025-08-15 11:37:36.951,PENDING,28B,Air India,BOM,DEL,2026-04-20 22:49:41.702,2026-04-21 01:17:41.702,148.0,2.466666666666667,148.0,0.0,Valid,PAY1407,6979.86,CARD,Ananya,Agarwal,3,F,15**********,+9************,an***************************,Unknown,Under 18,2025-08
B1013,cef0e879f29d08edf4d347ea410c96d240548f74a599ba7f77bad47fb561d753,SJ001,2025-07-20 11:37:36.951,CONFIRMED,26E,SpiceJet,BOM,MAA,2026-04-20 20:28:41.700,2026-04-21 01:15:41.700,287.0,4.783333333333333,287.0,0.0,Valid,PAY1185,1176.33,UPI,Arjun,Singh,62,F,41**********,+9************,ar*******************,Unknown,60+,2025-07
B1014,493f03c091f1bb5b6181ee7ab114c66faeda7d62a9ca480f33d547d492e5b590,SJ172,2025-09-15 11:37:36.951,PENDING,21E,SpiceJet,CCU,DEL,2026-04-20 21:58:41.703,2026-04-21 01:14:41.703,196.0,3.2666666666666666,196.0,0.0,Valid,,,,Vivaan,Gupta,19,F,22**********,+9************,vi********************,Unknown,18-30,2025-09
B1015,4ff00403397e83e71b7bac58d46092c1f4c0558542749ae813ddab899eacdeb3,UK094,2025-10-21 11:37:36.951,Unknown,6F,Vistara,BOM,CCU,2026-04-20 23:26:41.702,2026-04-21 01:11:41.702,105.0,1.75,105.0,0.0,Valid,PAY1339,12008.1,CARD,Ishaan,Patel,63,F,63**********,+9************,is*************************,Unknown,60+,2025-10
B1015,4ff00403397e83e71b7bac58d46092c1f4c0558542749ae813ddab899eacdeb3,UK094,2025-10-21 11:37:36.951,Unknown,6F,Vistara,BOM,CCU,2026-04-20 23:26:41.702,2026-04-21 01:11:41.702,105.0,1.75,105.0,0.0,Valid,PAY1694,7601.56,CARD,Ishaan,Patel,63,F,63**********,+9************,is*************************,Unknown,60+,2025-10
B1016,fb80277747aac668145bc47a70b7ee1c7a652955c60fd434859603bc2bb0f212,UK027,2026-01-13 11:37:36.951,CANCELLED,6A,Vistara,BOM,CCU,2026-04-20 22:44:41.701,2026-04-21 01:05:41.701,141.0,2.35,141.0,0.0,Valid,PAY1577,14076.51,CARD,Diya,Naidu,69,F,44**********,+9************,di******************,Unknown,60+,2026-01
B1016,fb80277747aac668145bc47a70b7ee1c7a652955c60fd434859603bc2bb0f212,UK027,2026-01-13 11:37:36.951,CANCELLED,6A,Vistara,BOM,CCU,2026-04-20 22:44:41.701,2026-04-21 01:05:41.701,141.0,2.35,141.0,0.0,Valid,PAY1824,9724.26,NETBANKING,Diya,Naidu,69,F,44**********,+9************,di******************,Unknown,60+,2026-01
B1017,2a70a1e3d06827e26ea66f3dd26bdf35011631c2ff7ec0f502e86ac82152fcd0,UK067,2026-04-04 11:37:36.951,CONFIRMED,13B,Vistara,BOM,CCU,2026-04-20 21:36:41.701,2026-04-21 01:02:41.701,206.0,3.433333333333333,206.0,0.0,Valid,,,,Muhammad,Joshi,42,M,47**********,+9************,mu************************,Unknown,31-45,2026-04
B1018,b096a49f0236663227b9349e270cc5f2ad32d485d93865e0d4cb2488c769f768,6F196,2026-03-25 11:37:36.951,CANCELLED,19B,IndiGo,CCU,MAA,2026-04-20 23:04:41.703,2026-04-21 00:47:41.703,103.0,1.7166666666666666,103.0,0.0,Valid,PAY1141,2588.63,UPI,Sara,Iyer,53,M,76**********,+9************,sa*******************,Unknown,46-60,2026-03
B1019,051179b157321a62ad4c619eb42654918b3783c788cfba6aa7fd34b1c715c5f7,6F164,2025-07-31 11:37:36.951,CANCELLED,19A,IndiGo,BLR,BOM,2026-04-20 22:18:41.703,2026-04-21 00:45:41.703,147.0,2.45,147.0,0.0,Valid,PAY1162,14810.27,UPI,Arjun,Nair,16,M,68**********,+9************,ar******************,Unknown,Under 18,2025-07
B1019,051179b157321a62ad4c619eb42654918b3783c788cfba6aa7fd34b1c715c5f7,6F164,2025-07-31 11:37:36.951,CANCELLED,19A,IndiGo,BLR,BOM,2026-04-20 22:18:41.703,2026-04-21 00:45:41.703,147.0,2.45,147.0,0.0,Valid,PAY1184,,UPI,Arjun,Nair,16,M,68**********,+9************,ar******************,Unknown,Under 18,2025-07
B1019,051179b157321a62ad4c619eb42654918b3783c788cfba6aa7fd34b1c715c5f7,6F164,2025-07-31 11:37:36.951,CANCELLED,19A,IndiGo,BLR,BOM,2026-04-20 22:18:41.703,2026-04-21 00:45:41.703,147.0,2.45,147.0,0.0,Valid,PAY1911,3810.73,CARD,Arjun,Nair,16,M,68**********,+9************,ar******************,Unknown,Under 18,2025-07
B1020,bf52b129e3eaf405810ca84e9b5879fbe3dfd274912e85dd7d400b405aa7b6c2,SJ112,2025-12-06 11:37:36.951,CONFIRMED,27B,SpiceJet,HYD,DEL,2026-04-20 22:20:41.702,2026-04-21 00:40:41.702,140.0,2.3333333333333335,140.0,0.0,Valid,PAY1367,8150.35,NETBANKING,Aadhya,Ghosh,16,M,68**********,+9************,aa**********************,Unknown,Under 18,2025-12
B1021,39d17754fbe940620f6b6afe39299cd09366b97c2b5a0806dcc0fc0318a63051,6F190,2025-12-07 11:37:36.951,CANCELLED,4E,IndiGo,DEL,MAA,2026-04-20 20:02:41.703,2026-04-21 00:36:41.703,274.0,4.566666666666666,274.0,0.0,Valid,PAY1455,6949.93,UPI,Riya,Ghosh,36,M,37*********,+9************,ri******************,Unknown,31-45,2025-12
B1022,08cb2d3a1162156fae3f8de8547a4392bc4947f04eba00d88607c9bff433f76a,AI080,2026-03-25 11:37:36.951,CONFIRMED,16F,Air India,BOM,HYD,2026-04-20 23:03:41.702,2026-04-21 00:35:41.702,92.0,1.5333333333333334,92.0,0.0,Valid,,,,Krishna,Banerjee,18,M,17**********,+9************,kr************************,Unknown,Under 18,2026-03
B1023,7fb7ffdbd85a3ce3777e234c2a13df6ecd93b7417cd5370936f89514d8f28124,6F213,2026-02-03 11:37:36.951,PENDING,24B,IndiGo,BLR,BOM,2026-04-20 21:05:41.703,2026-04-21 00:32:41.703,207.0,3.45,207.0,0.0,Valid,PAY1905,13057.27,CARD,Saanvi,Gupta,23,M,22********,+9************,sa********************,Unknown,18-30,2026-02
B1024,4cdb726a24e120816f3083c011a185a0d34c978247e769e24001a6b122005f24,AI115,2025-06-21 11:37:36.951,PENDING,30F,Air India,MAA,BLR,2026-04-20 19:37:41.702,2026-04-21 00:26:41.702,289.0,4.816666666666666,289.0,0.0,Valid,PAY1415,4857.79,UPI,Diya,Chatterjee,24,M,85**********,+9************,di*************************,Unknown,18-30,2025-06
B1025,a500ae03c00baf216d49ec56cceecd33fca80f959f3217c46b44c80a7b84762c,SJ049,2026-03-18 11:37:36.951,PENDING,1B,SpiceJet,CCU,DEL,2026-04-20 20:26:41.701,2026-04-21 00:26:41.701,240.0,4.0,240.0,0.0,Valid,PAY1628,9721.62,CARD,Krishna,Sharma,67,F,25**********,+9************,kr************************,Unknown,60+,2026-03
B1025,a500ae03c00baf216d49ec56cceecd33fca80f959f3217c46b44c80a7b84762c,SJ049,2026-03-18 11:37:36.951,PENDING,1B,SpiceJet,CCU,DEL,2026-04-20 20:26:41.701,2026-04-21 00:26:41.701,240.0,4.0,240.0,0.0,Valid,PAY1658,11899.89,UPI,Krishna,Sharma,67,F,25**********,+9************,kr************************,Unknown,60+,2026-03
B1025,a500ae03c00baf216d49ec56cceecd33fca80f959f3217c46b44c80a7b84762c,SJ049,2026-03-18 11:37:36.951,PENDING,1B,SpiceJet,CCU,DEL,2026-04-20 20:26:41.701,2026-04-21 00:26:41.701,240.0,4.0,240.0,0.0,Valid,PAY1663,14501.45,CARD,Krishna,Sharma,67,F,25**********,+9************,kr************************,Unknown,60+,2026-03
B1026,e60442d25bc5f693c6cfc0937063c635de3a5baf3a0221977d97fdfdb824e54b,AI058,2025-06-27 11:37:36.951,CONFIRMED,32C,Air India,BOM,CCU,2026-04-20 22:40:41.701,2026-04-21 00:18:41.701,98.0,1.6333333333333333,98.0,0.0,Valid,PAY1235,2015.66,NETBANKING,Ira,Naidu,75,M,91**********,+9************,ir*******************,Unknown,60+,2025-06
B1026,e60442d25bc5f693c6cfc0937063c635de3a5baf3a0221977d97fdfdb824e54b,AI058,2025-06-27 11:37:36.951,CONFIRMED,32C,Air India,BOM,CCU,2026-04-20 22:40:41.701,2026-04-21 00:18:41.701,98.0,1.6333333333333333,98.0,0.0,Valid,PAY1841,11188.7,UPI,Ira,Naidu,75,M,91**********,+9************,ir*******************,Unknown,60+,2025-06
B1027,a4f6ec112797c51296942e96182279f4a30a0c4c2fae4901468b25a8a8ccac41,UK036,2025-07-25 11:37:36.951,CONFIRMED,22A,Vistara,CCU,BLR,2026-04-20 19:48:41.701,2026-04-21 00:12:41.701,264.0,4.4,264.0,0.0,Valid,PAY1306,7503.17,UPI,Aditya,Joshi,1,F,86**********,+9************,ad*********************,Unknown,Under 18,2025-07
B1028,f0316f28ef6214df53c678ecde337e63f431b074b6cbf48b8fc4df3a0b16bef7,SJ239,2025-05-25 11:37:36.951,CANCELLED,26E,SpiceJet,BOM,CCU,2026-04-20 22:24:41.704,2026-04-21 00:10:41.704,106.0,1.7666666666666666,106.0,0.0,Valid,,,,Krishna,Naidu,39,M,65**********,+9************,kr*********************,Unknown,31-45,2025-05
B1029,7f7a4a05ac7584dc445b403e3f3476be43426f7f0889117eb963af5f8bb1d4c5,6F025,2025-06-06 11:37:36.951,CANCELLED,19C,IndiGo,BLR,BOM,2026-04-20 23:02:41.701,2026-04-20 23:57:41.701,55.0,0.9166666666666666,55.0,0.0,Valid,,,,Kavya,Khan,28,F,39**********,+9************,ka********************,Unknown,18-30,2025-06
B1030,f6b417a876311203b71363b2de9b23777e0a1dae3d73d787849b48272abc719d,6F236,2026-03-18 11:37:36.951,CANCELLED,21E,IndiGo,BOM,DEL,2026-04-20 20:35:41.704,2026-04-20 23:54:41.704,199.0,3.316666666666667,199.0,0.0,Valid,,,,Aditya,Mehta,2,M,33*********,+9************,ad*********************,Unknown,Under 18,2026-03
B1031,7f8a4f8fcffd556d60cdd9cb6d9881c5f0952f211e879052948e285011a4da4c,AI060,2025-11-16 11:37:36.951,CANCELLED,1E,Air India,DEL,HYD,2026-04-20 21:58:41.701,2026-04-20 23:51:41.701,113.0,1.8833333333333333,113.0,0.0,Valid,PAY1268,7056.42,CARD,Shaurya,Joshi,45,F,53*********,+9************,sh*********************,Unknown,31-45,2025-11
B1032,7eaf1e6c1630f0c8a2856d98642aa558e04431b37f75a59a998747e5f9e8496c,UK021,2025-09-03 11:37:36.951,CANCELLED,18E,Vistara,HYD,MAA,2026-04-20 22:00:41.701,2026-04-20 23:50:41.701,110.0,1.8333333333333333,110.0,0.0,Valid,,,,Reyansh,Joshi,33,F,29**********,+9************,re***********************,Unknown,31-45,2025-09
B1033,afbd94f1848fd41087cc5acb8d09e72c4f5b0aad55a614d2754a32417907ca51,UK026,2025-05-06 11:37:36.951,Unknown,19A,Vistara,HYD,MAA,2026-04-20 21:38:41.701,2026-04-20 23:44:41.701,126.0,2.1,126.0,0.0,Valid,PAY1189,9352.83,CARD,Saanvi,Patel,83,F,33**********,+9************,sa********************,Unknown,60+,2025-05
B1033,afbd94f1848fd41087cc5acb8d09e72c4f5b0aad55a614d2754a32417907ca51,UK026,2025-05-06 11:37:36.951,Unknown,19A,Vistara,HYD,MAA,2026-04-20 21:38:41.701,2026-04-20 23:44:41.701,126.0,2.1,126.0,0.0,Valid,PAY1664,,UPI,Saanvi,Patel,83,F,33**********,+9************,sa********************,Unknown,60+,2025-05
B1033,afbd94f1848fd41087cc5acb8d09e72c4f5b0aad55a614d2754a32417907ca51,UK026,2025-05-06 11:37:36.951,Unknown,19A,Vistara,HYD,MAA,2026-04-20 21:38:41.701,2026-04-20 23:44:41.701,126.0,2.1,126.0,0.0,Valid,PAY1930,7723.56,UPI,Saanvi,Patel,83,F,33**********,+9************,sa********************,Unknown,60+,2025-05
B1034,f578969533b3f6b3dab72ec2fdc7d0592f61427e461cec167f4c481805ab303e,SJ179,2025-12-31 11:37:36.951,CONFIRMED,22F,SpiceJet,DEL,HYD,2026-04-20 20:09:41.703,2026-04-20 23:39:41.703,210.0,3.5,210.0,0.0,Valid,,,,Muhammad,Nair,24,M,50**********,+9************,mu**************************,Unknown,18-30,2025-12
B1035,b53cd664d3caa7d3461db14d746ee0bac972b79bc4dafeabb23ab761cbc4dccb,6F251,2025-08-21 11:37:36.951,PENDING,11D,IndiGo,DEL,BLR,2026-04-20 22:56:41.703,2026-04-20 23:37:41.703,41.0,0.6833333333333333,41.0,0.0,Valid,,,,Ishaan,Nair,78,M,78**********,+9************,is********************,Unknown,60+,2025-08
B1036,b65304c929ac9ac90b919fca5846a082845092de07e4a41e87a5f1f26d69276c,SJ149,2025-11-24 11:37:36.951,PENDING,5B,SpiceJet,HYD,MAA,2026-04-20 21:20:41.702,2026-04-20 23:20:42.000,120.00496666666666,2.0000827777777777,120.0,0.004966666666661013,Valid,PAY1271,5144.89,CARD,Muhammad,Reddy,32,M,96**********,+9************,mu************************,Unknown,31-45,2025-11
B1037,9eabf0d062f2e17b6c93dfb21197af90d5f6f152aa5aa7f9fb548382ef5da74f,AI188,2026-03-20 11:37:36.951,PENDING,33E,Air India,CCU,HYD,2026-04-20 20:16:41.703,2026-04-20 23:02:41.703,166.0,2.7666666666666666,166.0,0.0,Valid,,,,Shaurya,Singh,69,F,46**********,+9************,sh*********************,Unknown,60+,2026-03
B1038,37b790ac45eacb4d66f50b7c5f6adfbbd850f1ef459633d46e1335583be1bff6,SJ093,2026-01-01 11:37:36.951,PENDING,12D,SpiceJet,BLR,BOM,2026-04-20 21:55:41.702,2026-04-20 23:01:41.702,66.0,1.1,66.0,0.0,Valid,,,,Reyansh,Das,58,M,97**********,+9************,re**********************,Unknown,46-60,2026-01
B1039,d78d33086a6ac7092ce5210ee0bc93c09febeb9745177ccab0a40151aeb89c3b,SJ205,2025-08-21 11:37:36.951,CONFIRMED,11E,SpiceJet,HYD,CCU,2026-04-20 21:56:41.703,2026-04-20 23:00:41.703,64.0,1.0666666666666667,64.0,0.0,Valid,PAY1441,6604.98,CARD,Anika,Khan,57,M,88**********,+9************,an********************,Unknown,46-60,2025-08
B1039,d78d33086a6ac7092ce5210ee0bc93c09febeb9745177ccab0a40151aeb89c3b,SJ205,2025-08-21 11:37:36.951,CONFIRMED,11E,SpiceJet,HYD,CCU,2026-04-20 21:56:41.703,2026-04-20 23:00:41.703,64.0,1.0666666666666667,64.0,0.0,Valid,PAY1457,8185.34,UPI,Anika,Khan,57,M,88**********,+9************,an********************,Unknown,46-60,2025-08
B1039,d78d33086a6ac7092ce5210ee0bc93c09febeb9745177ccab0a40151aeb89c3b,SJ205,2025-08-21 11:37:36.951,CONFIRMED,11E,SpiceJet,HYD,CCU,2026-04-20 21:56:41.703,2026-04-20 23:00:41.703,64.0,1.0666666666666667,64.0,0.0,Valid,PAY1889,9866.37,CARD,Anika,Khan,57,M,88**********,+9************,an********************,Unknown,46-60,2025-08
B1040,9520ad3d7a70d319e14e25c5b52c6b6257fe2f5dd6bb98d388da154d09afb415,6F099,2025-08-08 11:37:36.951,CONFIRMED,26B,IndiGo,MAA,DEL,2026-04-20 22:24:41.702,2026-04-20 22:59:41.702,35.0,0.5833333333333334,35.0,0.0,Valid,,,,Ananya,Gupta,57,F,92*********,+9************,an********************,Unknown,46-60,2025-08
B1041,ce0196be80de68aa6f4cff9ed81521ba378f6c2d294fc7981e9d8189d65e5b4c,UK176,2025-05-28 11:37:36.951,CONFIRMED,25C,Vistara,HYD,BLR,2026-04-20 18:41:41.703,2026-04-20 22:49:41.703,248.0,4.133333333333334,248.0,0.0,Valid,PAY1614,13829.91,UPI,Shaurya,Gupta,51,F,87**********,+9************,sh***********************,Unknown,46-60,2025-05
B1041,ce0196be80de68aa6f4cff9ed81521ba378f6c2d294fc7981e9d8189d65e5b4c,UK176,2025-05-28 11:37:36.951,CONFIRMED,25C,Vistara,HYD,BLR,2026-04-20 18:41:41.703,2026-04-20 22:49:41.703,248.0,4.133333333333334,248.0,0.0,Valid,PAY1894,9750.27,NETBANKING,Shaurya,Gupta,51,F,87**********,+9************,sh***********************,Unknown,46-60,2025-05
B1042,841d6ff4bf515c14ff1194d854071d819eefe7528f5a4bee5df999ccd6cb44e6,UK200,2025-12-02 11:37:36.951,CANCELLED,24F,Vistara,CCU,DEL,2026-04-20 20:54:41.703,2026-04-20 22:45:41.703,111.0,1.85,111.0,0.0,Valid,PAY1048,14402.39,CARD,Myra,Das,6,F,96*********,+9************,my****************,Unknown,Under 18,2025-12
B1043,62b0b9ce01d516bf00b0225b65d7ddfab72fde5e2502e45ef408410c282ff651,6F195,2025-11-22 11:37:36.951,CANCELLED,8E,IndiGo,CCU,DEL,2026-04-20 21:44:41.703,2026-04-20 22:39:41.703,55.0,0.9166666666666666,55.0,0.0,Valid,PAY1007,8291.6,UPI,Krishna,Joshi,8,M,99**********,+9************,kr************************,Unknown,Under 18,2025-11
B1044,a5d7ccdbaa33ef6ad8ff6cdca600e6bb1ab3186089c6286d1695f87fd374721f,6F174,2026-04-12 11:37:36.951,PENDING,16C,IndiGo,DEL,HYD,2026-04-20 21:36:41.703,2026-04-20 22:16:41.703,40.0,0.6666666666666666,40.0,0.0,Valid,PAY1225,1199.88,UPI,Kavya,Chatterjee,35,M,84**********,+9************,ka**************************,Unknown,31-45,2026-04
B1045,c24146553498b11133c73b471f128c4034fbbc101da3d55d16b786b97abc6fc3,SJ214,2026-03-19 11:37:36.951,Unknown,18C,SpiceJet,BOM,MAA,2026-04-20 20:54:41.703,2026-04-20 22:10:41.703,76.0,1.2666666666666666,76.0,0.0,Valid,PAY1281,2330.65,NETBANKING,Ishaan,Gupta,44,M,61**********,+9************,is**********************,Unknown,31-45,2026-03
B1045,c24146553498b11133c73b471f128c4034fbbc101da3d55d16b786b97abc6fc3,SJ214,2026-03-19 11:37:36.951,Unknown,18C,SpiceJet,BOM,MAA,2026-04-20 20:54:41.703,2026-04-20 22:10:41.703,76.0,1.2666666666666666,76.0,0.0,Valid,PAY1296,4401.56,UPI,Ishaan,Gupta,44,M,61**********,+9************,is**********************,Unknown,31-45,2026-03
B1045,c24146553498b11133c73b471f128c4034fbbc101da3d55d16b786b97abc6fc3,SJ214,2026-03-19 11:37:36.951,Unknown,18C,SpiceJet,BOM,MAA,2026-04-20 20:54:41.703,2026-04-20 22:10:41.703,76.0,1.2666666666666666,76.0,0.0,Valid,PAY1683,,NETBANKING,Ishaan,Gupta,44,M,61**********,+9************,is**********************,Unknown,31-45,2026-03
B1046,a1807f6186c536cb15f0948b636e884457174bd4c2692684959ad17b212b2efd,UK059,2025-10-14 11:37:36.951,CONFIRMED,2C,Vistara,HYD,MAA,2026-04-20 20:33:41.701,2026-04-20 22:10:41.701,97.0,1.6166666666666667,97.0,0.0,Valid,PAY1112,13689.48,UPI,Kavya,Joshi,34,M,81**********,+9************,ka**********************,Unknown,31-45,2025-10
B1046,a1807f6186c536cb15f0948b636e884457174bd4c2692684959ad17b212b2efd,UK059,2025-10-14 11:37:36.951,CONFIRMED,2C,Vistara,HYD,MAA,2026-04-20 20:33:41.701,2026-04-20 22:10:41.701,97.0,1.6166666666666667,97.0,0.0,Valid,PAY1942,12592.83,UPI,Kavya,Joshi,34,M,81**********,+9************,ka**********************,Unknown,31-45,2025-10
B1047,1047b7c4faa338bb338b8d60b66d9ae0e7d14f1ec9f747437882f4f724a283ff,6F151,2025-12-29 11:37:36.951,PENDING,7C,IndiGo,CCU,HYD,2026-04-20 19:44:41.703,2026-04-20 22:04:41.703,140.0,2.3333333333333335,140.0,0.0,Valid,,,,Aadhya,Das,47,M,15*********,+9************,aa*******************,Unknown,46-60,2025-12
B1048,fef3551179d3071c36364f32685122bf5ea6d3a401fcc5707960d1986ef03b46,SJ236,2025-09-19 11:37:36.951,PENDING,18C,SpiceJet,MAA,BOM,2026-04-20 18:03:41.704,2026-04-20 22:02:41.704,239.0,3.9833333333333334,239.0,0.0,Valid,,,,Riya,Nair,19,F,31**********,+9************,ri*****************,Unknown,18-30,2025-09
B1049,08cb2d3a1162156fae3f8de8547a4392bc4947f04eba00d88607c9bff433f76a,SJ153,2025-07-28 11:37:36.951,Unknown,3C,SpiceJet,DEL,CCU,2026-04-20 20:37:41.702,2026-04-20 22:00:41.702,83.0,1.3833333333333333,83.0,0.0,Valid,,,,Krishna,Banerjee,18,M,17**********,+9************,kr************************,Unknown,Under 18,2025-07
B1050,256c5e44719e844bb763f553a8626e4a668b28e4f71e8f1944f4c2ff6d097c34,AI220,2026-01-15 11:37:36.951,PENDING,7D,Air India,BOM,DEL,2026-04-20 20:19:41.703,2026-04-20 21:57:41.703,98.0,1.6333333333333333,98.0,0.0,Valid,PAY1606,13350.33,NETBANKING,Ananya,Chatterjee,70,F,37**********,+9************,an***************************,Unknown,60+,2026-01
B1051,932990ec1a7797587578bdc8611fb94c98f194f57adeb99310c649a427a396c1,6F028,2025-07-05 11:37:36.951,CANCELLED,16A,IndiGo,HYD,CCU,2026-04-20 19:49:41.701,2026-04-20 21:49:41.701,120.0,2.0,120.0,0.0,Valid,PAY1135,10875.08,CARD,Aditya,Ghosh,70,F,50**********,+9************,ad***********************,Unknown,60+,2025-07
B1052,9c8b72e9309f1ca4a801e836ae3ee548e4fab5ba18437be41dbac15e14aa7c97,UK209,2025-12-30 11:37:36.951,CANCELLED,33B,Vistara,MAA,BLR,2026-04-20 19:02:41.704,2026-04-20 21:47:41.704,165.0,2.75,165.0,0.0,Valid,PAY1688,9827.3,CARD,Diya,Patel,35,M,43**********,+9************,di******************,Unknown,31-45,2025-12
B1053,b6699f1f75b07aaa96b7f6f1ef1d6d58c2b00d2f311d23df9be2942ca0335ae7,UK216,2026-04-01 11:37:36.951,PENDING,28B,Vistara,MAA,HYD,2026-04-20 18:33:41.704,2026-04-20 21:47:41.704,194.0,3.2333333333333334,194.0,0.0,Valid,PAY1082,4621.1,UPI,Aadhya,Gupta,39,M,55**********,+9************,aa********************,Unknown,31-45,2026-04
B1053,b6699f1f75b07aaa96b7f6f1ef1d6d58c2b00d2f311d23df9be2942ca0335ae7,UK216,2026-04-01 11:37:36.951,PENDING,28B,Vistara,MAA,HYD,2026-04-20 18:33:41.704,2026-04-20 21:47:41.704,194.0,3.2333333333333334,194.0,0.0,Valid,PAY1219,3081.42,CARD,Aadhya,Gupta,39,M,55**********,+9************,aa********************,Unknown,31-45,2026-04
B1054,115f110efe2c65297179f84ceb6a5154ba53e08f2d9b5659b5417adaea4e61eb,AI132,2026-04-11 11:37:36.951,CANCELLED,19C,Air India,BLR,BOM,2026-04-20 19:32:41.702,2026-04-20 21:41:41.702,129.0,2.15,129.0,0.0,Valid,,,,Diya,Das,2,M,13**********,+9************,di*******************,Unknown,Under 18,2026-04
B1055,ab9f8c049da1799973249de41a2e0981bce29c28386eb04f7746466cb4b8c085,6F012,2025-10-14 11:37:36.951,CANCELLED,13F,IndiGo,CCU,HYD,2026-04-20 18:06:41.701,2026-04-20 21:31:41.701,205.0,3.4166666666666665,205.0,0.0,Valid,,,,Aarav,Gupta,48,M,88**********,+9************,aa*********************,Unknown,46-60,2025-10
B1056,3fd6c6a6cc99badcd994e57f26eb48e6a13687640d02d155eaed0cece624ed0e,UK173,2026-03-24 11:37:36.951,CANCELLED,15B,Vistara,MAA,BLR,2026-04-20 17:06:41.703,2026-04-20 21:22:41.703,256.0,4.266666666666667,256.0,0.0,Valid,PAY1616,3173.87,NETBANKING,Muhammad,Sharma,13,M,10**********,+9************,mu***********************,Unknown,Under 18,2026-03
B1056,3fd6c6a6cc99badcd994e57f26eb48e6a13687640d02d155eaed0cece624ed0e,UK173,2026-03-24 11:37:36.951,CANCELLED,15B,Vistara,MAA,BLR,2026-04-20 17:06:41.703,2026-04-20 21:22:41.703,256.0,4.266666666666667,256.0,0.0,Valid,PAY1757,,CARD,Muhammad,Sharma,13,M,10**********,+9************,mu***********************,Unknown,Under 18,2026-03
B1057,0c2667ac3ad287d572e2898ace23dff926bf2ae1f6c450ede0c679b75f2572b9,SJ047,2025-08-20 11:37:36.951,CANCELLED,14F,SpiceJet,HYD,BOM,2026-04-20 20:44:41.701,2026-04-20 21:21:41.701,37.0,0.6166666666666667,37.0,0.0,Valid,PAY1170,1987.07,UPI,Myra,Naidu,27,M,95**********,+9************,my***********************,Unknown,18-30,2025-08
B1057,0c2667ac3ad287d572e2898ace23dff926bf2ae1f6c450ede0c679b75f2572b9,SJ047,2025-08-20 11:37:36.951,CANCELLED,14F,SpiceJet,HYD,BOM,2026-04-20 20:44:41.701,2026-04-20 21:21:41.701,37.0,0.6166666666666667,37.0,0.0,Valid,PAY1566,10224.13,CARD,Myra,Naidu,27,M,95**********,+9************,my***********************,Unknown,18-30,2025-08
B1058,2e77403b154c0332d8319f95bb2066431dbfe4a497fedd7c54a96c2a45720147,SJ043,2025-12-07 11:37:36.951,PENDING,8C,SpiceJet,MAA,DEL,2026-04-20 18:59:41.701,2026-04-20 21:08:41.701,129.0,2.15,129.0,0.0,Valid,,,,Ira,Gupta,89,M,42**********,+9************,ir*******************,Unknown,60+,2025-12
B1059,350e0f62c4ee94195e1183d75e282cfded48d109a4bbdd7d0142aa704d43a3c2,UK140,2026-01-03 11:37:36.951,CONFIRMED,23B,Vistara,MAA,BLR,2026-04-20 19:37:41.703,2026-04-20 21:00:41.703,83.0,1.3833333333333333,83.0,0.0,Valid,PAY1844,10839.07,UPI,Myra,Verma,88,M,88**********,+9************,my********************,Unknown,60+,2026-01
B1060,65a2662c1c42b2211936fff433a5270c57aa2d66ebcaa8a672b3d6f51cf31cfe,6F086,2025-12-30 11:37:36.951,CONFIRMED,11A,IndiGo,MAA,HYD,2026-04-20 20:23:41.702,2026-04-20 21:00:41.702,37.0,0.6166666666666667,37.0,0.0,Valid,PAY1571,11681.98,UPI,Riya,Singh,2,F,64**********,+9************,ri********************,Unknown,Under 18,2025-12
B1061,eb2dfae377ce8e908f0e80b3afbdc98f2ed93b2f5a500c636a2d717fb642eb90,6F114,2026-04-05 11:37:36.951,CANCELLED,19C,IndiGo,BOM,MAA,2026-04-20 20:10:41.702,2026-04-20 21:00:41.702,50.0,0.8333333333333334,50.0,0.0,Valid,PAY1621,12021.5,CARD,Reyansh,Joshi,83,M,56*********,+9************,re*********************,Unknown,60+,2026-04
B1061,eb2dfae377ce8e908f0e80b3afbdc98f2ed93b2f5a500c636a2d717fb642eb90,6F114,2026-04-05 11:37:36.951,CANCELLED,19C,IndiGo,BOM,MAA,2026-04-20 20:10:41.702,2026-04-20 21:00:41.702,50.0,0.8333333333333334,50.0,0.0,Valid,PAY1796,6835.68,CARD,Reyansh,Joshi,83,M,56*********,+9************,re*********************,Unknown,60+,2026-04
B1061,eb2dfae377ce8e908f0e80b3afbdc98f2ed93b2f5a500c636a2d717fb642eb90,6F114,2026-04-05 11:37:36.951,CANCELLED,19C,IndiGo,BOM,MAA,2026-04-20 20:10:41.702,2026-04-20 21:00:41.702,50.0,0.8333333333333334,50.0,0.0,Valid,PAY1907,12722.62,NETBANKING,Reyansh,Joshi,83,M,56*********,+9************,re*********************,Unknown,60+,2026-04
B1062,b17edebc21cc08a65ee5e9d2351ba6516801c1d9148f4704db88bdc77da0c865,UK153,2025-06-12 11:37:36.951,CANCELLED,15D,Vistara,CCU,HYD,2026-04-20 16:52:41.703,2026-04-20 20:53:41.703,241.0,4.016666666666667,241.0,0.0,Valid,,,,Reyansh,Ghosh,47,F,48**********,+9************,re*********************,Unknown,46-60,2025-06
B1063,2b4f9a36a08983a014ca1b0c4623c8bd01849514b4efa8ec0bfb8c38c7d44e76,6F149,2025-05-19 11:37:36.951,CANCELLED,9A,IndiGo,BLR,CCU,2026-04-20 17:57:41.703,2026-04-20 20:42:41.703,165.0,2.75,165.0,0.0,Valid,,,,Aarav,Nair,64,M,49**********,+9************,aa************************,Unknown,60+,2025-05
B1064,9fca29bf66969aa3fdb96b272c6b766185937f5a27ffffdc97de71a222add84d,UK145,2025-09-14 11:37:36.951,CONFIRMED,24E,Vistara,BOM,HYD,2026-04-20 18:30:41.703,2026-04-20 20:41:41.703,131.0,2.183333333333333,131.0,0.0,Valid,PAY1899,14413.72,UPI,Ananya,Banerjee,46,M,73**********,+9************,an***********************,Unknown,46-60,2025-09
B1065,8537c2efa30e935deb54fe09333c46fc8c4a8e94c6a0d5071c78a160d734748f,UK010,2026-03-06 11:37:36.951,CANCELLED,7B,Vistara,MAA,HYD,2026-04-20 17:53:41.701,2026-04-20 20:40:41.701,167.0,2.783333333333333,167.0,0.0,Valid,,,,Saanvi,Chatterjee,18,M,29**********,+9************,sa******************************,Unknown,Under 18,2026-03
B1066,d97e64736317043581b903f37a496bddf921efd523efa3aa987e94c58f48e977,SJ003,2025-11-05 11:37:36.951,PENDING,1B,SpiceJet,MAA,CCU,2026-04-20 19:50:41.701,2026-04-20 20:32:41.701,42.0,0.7,42.0,0.0,Valid,,,,Shaurya,Joshi,27,F,17*********,+9************,sh************************,Unknown,18-30,2025-11
B1067,f1e921ffaf861ea372dd545d469e4e291357c01134a401015942fe6a92883e31,SJ160,2025-07-23 11:37:36.951,PENDING,7F,SpiceJet,MAA,BLR,2026-04-20 19:45:41.703,2026-04-20 20:30:41.703,45.0,0.75,45.0,0.0,Valid,PAY1611,4488.44,UPI,Ishaan,Iyer,61,M,10**********,+9************,is**********************,Unknown,60+,2025-07
B1067,f1e921ffaf861ea372dd545d469e4e291357c01134a401015942fe6a92883e31,SJ160,2025-07-23 11:37:36.951,PENDING,7F,SpiceJet,MAA,BLR,2026-04-20 19:45:41.703,2026-04-20 20:30:41.703,45.0,0.75,45.0,0.0,Valid,PAY1825,7570.06,UPI,Ishaan,Iyer,61,M,10**********,+9************,is**********************,Unknown,60+,2025-07
B1067,f1e921ffaf861ea372dd545d469e4e291357c01134a401015942fe6a92883e31,SJ160,2025-07-23 11:37:36.951,PENDING,7F,SpiceJet,MAA,BLR,2026-04-20 19:45:41.703,2026-04-20 20:30:41.703,45.0,0.75,45.0,0.0,Valid,PAY1871,5374.84,NETBANKING,Ishaan,Iyer,61,M,10**********,+9************,is**********************,Unknown,60+,2025-07
B1068,b3b2bddc4a1da01906c583ec44330f267849113c6afe3d26e04eafb43be7bbba,UK224,2025-11-22 11:37:36.951,PENDING,23A,Vistara,CCU,MAA,2026-04-20 16:25:41.704,2026-04-20 20:24:41.704,239.0,3.9833333333333334,239.0,0.0,Valid,PAY1584,5274.94,NETBANKING,Myra,Mehta,89,F,86**********,+9************,my******************,Unknown,60+,2025-11
B1069,2fa8ad9bc1180c9e7016de60dbd6a76bd214ce8b72b8ae6637e164c4dfeba8e0,UK152,2025-08-02 11:37:36.951,CONFIRMED,16E,Vistara,BOM,CCU,2026-04-20 17:24:41.703,2026-04-20 20:13:41.703,169.0,2.816666666666667,169.0,0.0,Valid,PAY1214,14992.95,UPI,Kavya,Ghosh,78,M,60**********,+9************,ka************************,Unknown,60+,2025-08
B1070,b6699f1f75b07aaa96b7f6f1ef1d6d58c2b00d2f311d23df9be2942ca0335ae7,SJ034,2025-09-22 11:37:36.951,CANCELLED,15D,SpiceJet,MAA,BOM,2026-04-20 15:20:41.701,2026-04-20 20:11:41.701,291.0,4.85,291.0,0.0,Valid,PAY1043,5631.13,NETBANKING,Aadhya,Gupta,39,M,55**********,+9************,aa********************,Unknown,31-45,2025-09
B1071,61d0f276b7160f04f92ce7d852f04296612a23d85e104124985a1e3f1afb6a25,UK215,2025-12-21 11:37:36.951,CANCELLED,15F,Vistara,BOM,DEL,2026-04-20 17:38:41.704,2026-04-20 19:50:41.704,132.0,2.2,132.0,0.0,Valid,,,,Krishna,Reddy,15,M,38**********,+9************,kr***********************,Unknown,Under 18,2025-12
B1072,383b01dfc4b4451a547935fff6c78f551e330aa833ad796209db30958a18a15d,UK089,2025-08-10 11:37:36.951,CANCELLED,18F,Vistara,BOM,HYD,2026-04-20 15:38:41.702,2026-04-20 19:50:41.702,252.0,4.2,252.0,0.0,Valid,,,,Aadhya,Nair,54,M,49**********,+9************,aa*******************,Unknown,46-60,2025-08
B1073,9585827735f88792e9359787c8c5048f41e5c39fad2e3f57fc925ebfe01459fc,6F180,2025-12-04 11:37:36.951,CONFIRMED,16A,IndiGo,MAA,BLR,2026-04-20 15:24:41.703,2026-04-20 19:48:41.703,264.0,4.4,264.0,0.0,Valid,,,,Krishna,Nair,28,F,63**********,+9************,kr**********************,Unknown,18-30,2025-12
B1074,097d1730f877c5e910f5789d79ccbbb12c982460d0c24d0f57881d9f3578c3cd,6F188,2025-09-25 11:37:36.951,CONFIRMED,7A,IndiGo,DEL,HYD,2026-04-20 14:57:41.703,2026-04-20 19:39:41.703,282.0,4.7,282.0,0.0,Valid,,,,Muhammad,Banerjee,42,F,57**********,+9************,mu***************************,Unknown,31-45,2025-09
B1075,68817845c7bde67edec29d198d21c1460e32dcbede85fd085f7ba7a632b75af2,UK131,2026-01-03 11:37:36.951,CONFIRMED,2F,Vistara,BOM,DEL,2026-04-20 15:33:41.702,2026-04-20 19:39:41.702,246.0,4.1,246.0,0.0,Valid,,,,Myra,Ghosh,6,M,46**********,+9************,my*********************,Unknown,Under 18,2026-01
B1076,63ac4a24e48cfe89f1218e7981373d1f1de2eac52e71435d035341619ce8ab8d,UK055,2025-05-04 11:37:36.951,CONFIRMED,12B,Vistara,HYD,DEL,2026-04-20 16:48:41.701,2026-04-20 19:31:41.701,163.0,2.716666666666667,163.0,0.0,Valid,PAY1523,8247.5,CARD,Myra,Kulkarni,1,F,60**********,+9************,my**************************,Unknown,Under 18,2025-05
B1076,63ac4a24e48cfe89f1218e7981373d1f1de2eac52e71435d035341619ce8ab8d,UK055,2025-05-04 11:37:36.951,CONFIRMED,12B,Vistara,HYD,DEL,2026-04-20 16:48:41.701,2026-04-20 19:31:41.701,163.0,2.716666666666667,163.0,0.0,Valid,PAY1523,8247.5,CARD,Myra,Kulkarni,1,F,47*********,+9************,my***********************,Unknown,Under 18,2025-05
B1077,7ff5d504e0d5d5b53c0f96fe7923488af6e78f4e42b77a8240c3ceb9a75aad00,UK181,2025-05-03 11:37:36.951,PENDING,3A,Vistara,MAA,DEL,2026-04-20 16:44:41.703,2026-04-20 19:26:41.703,162.0,2.7,162.0,0.0,Valid,PAY1198,2981.73,NETBANKING,Arjun,Pillai,61,F,36**********,+9************,ar********************,Unknown,60+,2025-05
B1077,7ff5d504e0d5d5b53c0f96fe7923488af6e78f4e42b77a8240c3ceb9a75aad00,UK181,2025-05-03 11:37:36.951,PENDING,3A,Vistara,MAA,DEL,2026-04-20 16:44:41.703,2026-04-20 19:26:41.703,162.0,2.7,162.0,0.0,Valid,PAY1381,8279.97,CARD,Arjun,Pillai,61,F,36**********,+9************,ar********************,Unknown,60+,2025-05
B1078,b48fae1fbcbcd5a9cf70bb89421239b93e240237c143c30daa9193cfa9486d26,6F077,2025-09-21 11:37:36.951,CONFIRMED,1B,IndiGo,CCU,DEL,2026-04-20 14:55:41.702,2026-04-20 19:13:41.702,258.0,4.3,258.0,0.0,Valid,,,,Reyansh,Das,36,F,99**********,+9************,re*********************,Unknown,31-45,2025-09
B1079,df5b29f2ff7bba8607f3a0e88336de8a46fdaface5e5b3177310f9a192d55512,SJ085,2025-06-03 11:37:36.951,CONFIRMED,10D,SpiceJet,BLR,MAA,2026-04-20 14:41:41.702,2026-04-20 19:11:41.702,270.0,4.5,270.0,0.0,Valid,,,,Ishaan,Agarwal,70,F,37**********,+9************,is************************,Unknown,60+,2025-06
B1080,8debcd3aea9b924582f8e7731f6da70c6bc861464f1273b06eb3bf0c8e627e97,SJ023,2025-06-05 11:37:36.951,CONFIRMED,22D,SpiceJet,HYD,MAA,2026-04-20 17:27:41.701,2026-04-20 19:09:41.701,102.0,1.7,102.0,0.0,Valid,PAY1640,6604.5,UPI,Ira,Naidu,50,M,40**********,+9************,ir******************,Unknown,46-60,2025-06
B1080,8debcd3aea9b924582f8e7731f6da70c6bc861464f1273b06eb3bf0c8e627e97,SJ023,2025-06-05 11:37:36.951,CONFIRMED,22D,SpiceJet,HYD,MAA,2026-04-20 17:27:41.701,2026-04-20 19:09:41.701,102.0,1.7,102.0,0.0,Valid,PAY1676,14564.92,CARD,Ira,Naidu,50,M,40**********,+9************,ir******************,Unknown,46-60,2025-06
B1081,d645a3f176a42988183d2200a102f0dd10c25011d7269c08a05d7313fb10003d,SJ202,2025-11-13 11:37:36.951,CANCELLED,29C,SpiceJet,CCU,HYD,2026-04-20 17:21:41.703,2026-04-20 19:08:41.703,107.0,1.7833333333333334,107.0,0.0,Valid,,,,Kavya,Mishra,35,M,58**********,+9************,ka**********************,Unknown,31-45,2025-11
B1082,d7828af53487e3e70a2326cfe122d3c6ccb1ec727038aeda38c7093ad8a9cb91,SJ150,2025-09-09 11:37:36.951,CANCELLED,30A,SpiceJet,BOM,HYD,2026-04-20 15:33:41.702,2026-04-20 19:03:41.702,210.0,3.5,210.0,0.0,Valid,,,,Aarav,Joshi,53,M,80**********,+9************,aa*******************,Unknown,46-60,2025-09
B1083,2a07d49e429c2a72609ac309847b8ad89662fe1042b4aad685e80acd098888f2,SJ116,2025-05-12 11:37:36.951,CANCELLED,9A,SpiceJet,HYD,CCU,2026-04-20 17:33:41.702,2026-04-20 19:02:41.702,89.0,1.4833333333333334,89.0,0.0,Valid,PAY1467,6777.38,NETBANKING,Sara,Nair,30,M,74**********,+9************,sa**********************,Unknown,18-30,2025-05
B1084,d27c1e98bd8f296f816b5428e2c9730dbf01a9c74b665c79ea5c8f9eb9b85e8d,6F270,2025-06-14 11:37:36.951,PENDING,16E,IndiGo,HYD,MAA,2026-04-20 18:14:41.701,2026-04-20 19:02:41.701,48.0,0.8,48.0,0.0,Valid,,,,Saanvi,Khan,55,F,39**********,+9************,sa********************,Unknown,46-60,2025-06
B1085,f82a60e2bbf27d94e8721e47f2b4b031cfbd46b5601b4b93cbc8e7ce409d28ec,UK150,2026-03-24 11:37:36.951,PENDING,12A,Vistara,DEL,CCU,2026-04-20 18:31:41.703,2026-04-20 19:01:41.703,30.0,0.5,30.0,0.0,Valid,PAY1976,11410.8,NETBANKING,Vivaan,Ghosh,73,F,78*********,+9************,vi********************,Unknown,60+,2026-03
B1086,66ff10bdebab942a3691e4b67ccf38b283d06a7e95740612404d27f022adc272,SJ237,2026-02-16 11:37:36.951,CONFIRMED,5D,SpiceJet,BOM,CCU,2026-04-20 16:32:41.704,2026-04-20 19:00:41.704,148.0,2.466666666666667,148.0,0.0,Valid,PAY1421,3704.21,UPI,Aditya,Iyer,21,M,82**********,+9************,ad*********************,Unknown,18-30,2026-02
B1086,66ff10bdebab942a3691e4b67ccf38b283d06a7e95740612404d27f022adc272,SJ237,2026-02-16 11:37:36.951,CONFIRMED,5D,SpiceJet,BOM,CCU,2026-04-20 16:32:41.704,2026-04-20 19:00:41.704,148.0,2.466666666666667,148.0,0.0,Valid,PAY1610,1169.75,UPI,Aditya,Iyer,21,M,82**********,+9************,ad*********************,Unknown,18-30,2026-02
B1087,88b590eeb171062401b7dc6f8c9cf7a208bfdfe4114377d292879157d2a2a690,AI221,2025-05-08 11:37:36.951,CANCELLED,2F,Air India,MAA,HYD,2026-04-20 16:18:41.703,2026-04-20 18:54:41.703,156.0,2.6,156.0,0.0,Valid,PAY1183,1154.4,NETBANKING,Sara,Singh,51,M,35**********,+9************,sa*********************,Unknown,46-60,2025-05
B1087,88b590eeb171062401b7dc6f8c9cf7a208bfdfe4114377d292879157d2a2a690,AI221,2025-05-08 11:37:36.951,CANCELLED,2F,Air India,MAA,HYD,2026-04-20 16:18:41.703,2026-04-20 18:54:41.703,156.0,2.6,156.0,0.0,Valid,PAY1278,2037.52,UPI,Sara,Singh,51,M,35**********,+9************,sa*********************,Unknown,46-60,2025-05
B1088,faaaa19b96962364ee624e5faf3049b82315b7e912f8b99b73232fe479505cd1,SJ081,2026-03-25 11:37:36.951,PENDING,31A,SpiceJet,BOM,BLR,2026-04-20 17:04:41.702,2026-04-20 18:53:41.702,109.0,1.8166666666666667,109.0,0.0,Valid,PAY1940,7375.1,UPI,Kavya,Mishra,51,F,66**********,+9************,ka*************************,Unknown,46-60,2026-03
B1089,3a1ef3bd6458cdd86d219afc3397bce9c7b12d5dcf92fdbba3fa61a29c57af42,UK189,2025-09-03 11:37:36.951,CANCELLED,25F,Vistara,BLR,MAA,2026-04-20 15:07:41.703,2026-04-20 18:51:41.703,224.0,3.7333333333333334,224.0,0.0,Valid,,,,Vivaan,Verma,88,F,24**********,+9************,vi********************,Unknown,60+,2025-09
B1089,3a1ef3bd6458cdd86d219afc3397bce9c7b12d5dcf92fdbba3fa61a29c57af42,UK189,2025-09-03 11:37:36.951,CANCELLED,25F,Vistara,BLR,MAA,2026-04-20 15:07:41.703,2026-04-20 18:51:41.703,224.0,3.7333333333333334,224.0,0.0,Valid,,,,Vivaan,Verma,88,F,70**********,+9************,vi**********************,Unknown,60+,2025-09
B1089,3a1ef3bd6458cdd86d219afc3397bce9c7b12d5dcf92fdbba3fa61a29c57af42,UK189,2025-09-03 11:37:36.951,CANCELLED,25F,Vistara,BLR,MAA,2026-04-20 15:07:41.703,2026-04-20 18:51:41.703,224.0,3.7333333333333334,224.0,0.0,Valid,,,,Vivaan,Verma,88,F,58**********,+9************,vi**********************,Unknown,60+,2025-09
B1090,0f1a22c91d0f0def2cbb84dc522ed90ddfad6898003d78b0e5d4ee1c7c8ac1b6,SJ068,2025-05-16 11:37:36.951,PENDING,31C,SpiceJet,BLR,BOM,2026-04-20 16:44:41.701,2026-04-20 18:48:41.701,124.0,2.066666666666667,124.0,0.0,Valid,,,,Krishna,Chatterjee,81,F,30**********,+9************,kr**************************,Unknown,60+,2025-05
B1091,a58c687e9ba1fd6992e0c8487ce8a80ec79ef86339a3fbef968c0fc235aa9dd3,6F043,2025-08-18 11:37:36.951,PENDING,25D,IndiGo,BOM,HYD,2026-04-20 17:17:41.701,2026-04-20 18:43:41.701,86.0,1.4333333333333333,86.0,0.0,Valid,,,,Myra,Mehta,17,M,47*********,+9************,my*******************,Unknown,Under 18,2025-08
B1092,d0cc71254d0d0f29502c4dae62dacdd6712a8b1a3d7c76cd815c0b67e7cb65c3,UK187,2026-03-18 11:37:36.951,CONFIRMED,16D,Vistara,BLR,BOM,2026-04-20 16:52:41.703,2026-04-20 18:42:41.703,110.0,1.8333333333333333,110.0,0.0,Valid,PAY1171,9120.54,UPI,Kavya,Reddy,39,M,35**********,+9************,ka*******************,Unknown,31-45,2026-03
B1092,d0cc71254d0d0f29502c4dae62dacdd6712a8b1a3d7c76cd815c0b67e7cb65c3,UK187,2026-03-18 11:37:36.951,CONFIRMED,16D,Vistara,BLR,BOM,2026-04-20 16:52:41.703,2026-04-20 18:42:41.703,110.0,1.8333333333333333,110.0,0.0,Valid,PAY1786,5439.03,CARD,Kavya,Reddy,39,M,35**********,+9************,ka*******************,Unknown,31-45,2026-03
B1092,d0cc71254d0d0f29502c4dae62dacdd6712a8b1a3d7c76cd815c0b67e7cb65c3,UK187,2026-03-18 11:37:36.951,CONFIRMED,16D,Vistara,BLR,BOM,2026-04-20 16:52:41.703,2026-04-20 18:42:41.703,110.0,1.8333333333333333,110.0,0.0,Valid,PAY1893,1339.36,NETBANKING,Kavya,Reddy,39,M,35**********,+9************,ka*******************,Unknown,31-45,2026-03
B1093,a5a552c1a898df14931a32a03de945a5846a4ebb3638c149f05dbd20f97313f4,UK074,2025-05-11 11:37:36.951,CONFIRMED,25E,Vistara,BOM,DEL,2026-04-20 16:44:41.702,2026-04-20 18:41:41.702,117.0,1.95,117.0,0.0,Valid,,,,Ira,Agarwal,56,M,85*********,+9************,ir*******************,Unknown,46-60,2025-05
B1094,2d8aa20384aacb9b04827e3c5ebead3d12aecba76827f609ebb69a373619ee49,UK004,2026-01-07 11:37:36.951,PENDING,24C,Vistara,BOM,CCU,2026-04-20 17:56:41.700,2026-04-20 18:30:41.700,34.0,0.5666666666666667,34.0,0.0,Valid,PAY1400,6923.06,CARD,Myra,Agarwal,53,F,39**********,+9************,my**********************,Unknown,46-60,2026-01
B1094,2d8aa20384aacb9b04827e3c5ebead3d12aecba76827f609ebb69a373619ee49,UK004,2026-01-07 11:37:36.951,PENDING,24C,Vistara,BOM,CCU,2026-04-20 17:56:41.700,2026-04-20 18:30:41.700,34.0,0.5666666666666667,34.0,0.0,Valid,PAY1412,10637.23,CARD,Myra,Agarwal,53,F,39**********,+9************,my**********************,Unknown,46-60,2026-01
B1095,e60442d25bc5f693c6cfc0937063c635de3a5baf3a0221977d97fdfdb824e54b,6F194,2025-07-30 11:37:36.951,CONFIRMED,14B,IndiGo,BOM,CCU,2026-04-20 16:29:41.703,2026-04-20 18:27:41.703,118.0,1.9666666666666666,118.0,0.0,Valid,,,,Ira,Naidu,75,M,91**********,+9************,ir*******************,Unknown,60+,2025-07
B1096,0fc6a280223ac3cfbf175e020aaead49d72588677e24b45170c9a9048aa64035,UK068,2026-01-03 11:37:36.951,PENDING,12B,Vistara,BLR,MAA,2026-04-20 16:28:41.701,2026-04-20 18:09:41.701,101.0,1.6833333333333333,101.0,0.0,Valid,PAY1336,9995.45,NETBANKING,Diya,Gupta,60,F,39**********,+9************,di******************,Unknown,46-60,2026-01
B1096,0fc6a280223ac3cfbf175e020aaead49d72588677e24b45170c9a9048aa64035,UK068,2026-01-03 11:37:36.951,PENDING,12B,Vistara,BLR,MAA,2026-04-20 16:28:41.701,2026-04-20 18:09:41.701,101.0,1.6833333333333333,101.0,0.0,Valid,PAY1834,8168.44,UPI,Diya,Gupta,60,F,39**********,+9************,di******************,Unknown,46-60,2026-01
B1097,ae0406e331f05b6c3cc1862b5e628541a2ba43f543dafe5dcc31a1ea710368e4,6F017,2025-08-26 11:37:36.951,Unknown,34F,IndiGo,CCU,BOM,2026-04-20 15:25:41.701,2026-04-20 18:06:41.701,161.0,2.683333333333333,161.0,0.0,Valid,,,,Sai,Khan,38,M,78**********,+9************,sa******************,Unknown,31-45,2025-08
B1098,b0319151afd041aba0c645d06c0f8abea9d2711de08340c91f4602b325080fec,6F245,2025-10-15 11:37:36.951,Unknown,13D,IndiGo,CCU,BOM,2026-04-20 15:25:41.701,2026-04-20 18:06:41.701,161.0,2.683333333333333,161.0,0.0,Valid,PAY1768,10455.66,CARD,Shaurya,Khan,2,M,72**********,+9************,sh**********************,Unknown,Under 18,2025-10
B1099,a2e1a6df1b20d75758869362fdcd51f72b40da14a5f7f80910562c4e736e9993,6F254,2025-12-07 11:37:36.951,CONFIRMED,26E,IndiGo,MAA,BLR,2026-04-20 14:26:41.703,2026-04-20 18:01:41.703,215.0,3.5833333333333335,215.0,0.0,Valid,,,,Muhammad,Patel,46,F,45**********,+9************,mu**********************,Unknown,46-60,2025-12
B1100,ddabb59a9826ea31b1ce182b4b327e1e5be2fcb5627388dbe0084a381530843a,UK077,2026-03-05 11:37:36.951,CONFIRMED,16D,Vistara,HYD,BOM,2026-04-20 16:22:41.702,2026-04-20 18:00:41.702,98.0,1.6333333333333333,98.0,0.0,Valid,,,,Ishaan,Chatterjee,5,M,54**********,+9************,is****************************,Unknown,Under 18,2026-03
B1101,c754e805cc58c13693de3d6bbaf4ca473b79a20bc39a95d391a14ba226b28c30,AI029,2025-07-19 11:37:36.951,CONFIRMED,3D,Air India,MAA,DEL,2026-04-20 13:29:41.701,2026-04-20 17:53:41.701,264.0,4.4,264.0,0.0,Valid,PAY1853,2214.47,CARD,Vivaan,Pillai,59,F,27**********,+9************,vi***************************,Unknown,46-60,2025-07
B1102,8dc928bdd6a7a7903365d77c2b04a4497020886d70a70ea3f8a4d2574e755aee,SJ196,2025-10-06 11:37:36.951,Unknown,15F,SpiceJet,DEL,HYD,2026-04-20 14:58:41.703,2026-04-20 17:44:41.703,166.0,2.7666666666666666,166.0,0.0,Valid,PAY1241,10265.07,UPI,Diya,Joshi,16,M,64**********,+9************,di************************,Unknown,Under 18,2025-10
B1102,8dc928bdd6a7a7903365d77c2b04a4497020886d70a70ea3f8a4d2574e755aee,SJ196,2025-10-06 11:37:36.951,Unknown,15F,SpiceJet,DEL,HYD,2026-04-20 14:58:41.703,2026-04-20 17:44:41.703,166.0,2.7666666666666666,166.0,0.0,Valid,PAY1432,14361.62,CARD,Diya,Joshi,16,M,64**********,+9************,di************************,Unknown,Under 18,2025-10
B1103,7ff5d504e0d5d5b53c0f96fe7923488af6e78f4e42b77a8240c3ceb9a75aad00,AI242,2025-08-08 11:37:36.951,CANCELLED,20D,Air India,BLR,CCU,2026-04-20 16:41:41.704,2026-04-20 17:43:41.704,62.0,1.0333333333333334,62.0,0.0,Valid,PAY1217,10750.13,NETBANKING,Arjun,Pillai,61,F,36**********,+9************,ar********************,Unknown,60+,2025-08
B1103,7ff5d504e0d5d5b53c0f96fe7923488af6e78f4e42b77a8240c3ceb9a75aad00,AI242,2025-08-08 11:37:36.951,CANCELLED,20D,Air India,BLR,CCU,2026-04-20 16:41:41.704,2026-04-20 17:43:41.704,62.0,1.0333333333333334,62.0,0.0,Valid,PAY1398,3312.42,NETBANKING,Arjun,Pillai,61,F,36**********,+9************,ar********************,Unknown,60+,2025-08
B1104,4cdb726a24e120816f3083c011a185a0d34c978247e769e24001a6b122005f24,AI242,2025-09-12 11:37:36.951,CANCELLED,16E,Air India,BLR,CCU,2026-04-20 16:41:41.704,2026-04-20 17:43:41.704,62.0,1.0333333333333334,62.0,0.0,Valid,,,,Diya,Chatterjee,24,M,85**********,+9************,di*************************,Unknown,18-30,2025-09
B1105,4941ef25075264b2f3ebe92301dd939fdac2784b71e89a0e36e62efe253e8fae,SJ044,2025-09-11 11:37:36.951,CONFIRMED,19F,SpiceJet,DEL,CCU,2026-04-20 15:06:41.701,2026-04-20 17:43:41.701,157.0,2.6166666666666667,157.0,0.0,Valid,PAY1635,14294.21,UPI,Arjun,Mishra,52,M,14**********,+9************,ar**********************,Unknown,46-60,2025-09
B1106,593ce4cd123b30ba32fad0c71fb333efde01434bb05f23ed38d0fc53ecb5ddaf,UK063,2025-09-01 11:37:36.951,CONFIRMED,21F,Vistara,DEL,BOM,2026-04-20 16:29:41.701,2026-04-20 17:41:41.701,72.0,1.2,72.0,0.0,Valid,PAY1897,,UPI,Aadhya,Kulkarni,12,F,15**********,+9************,aa***********************,Unknown,Under 18,2025-09
B1107,7ff5d504e0d5d5b53c0f96fe7923488af6e78f4e42b77a8240c3ceb9a75aad00,AI056,2025-05-19 11:37:36.951,CONFIRMED,30F,Air India,DEL,MAA,2026-04-20 13:44:41.701,2026-04-20 17:39:41.701,235.0,3.9166666666666665,235.0,0.0,Valid,,,,Arjun,Pillai,61,F,36**********,+9************,ar********************,Unknown,60+,2025-05
B1108,15258cca169e4b6fac5a723b1441d132e8627640980bf983d4302cc0334534b1,UK207,2025-10-11 11:37:36.951,CANCELLED,14B,Vistara,MAA,CCU,2026-04-20 16:21:41.703,2026-04-20 17:36:41.703,75.0,1.25,75.0,0.0,Valid,,,,Anika,Nair,71,M,69**********,+9************,an***********************,Unknown,60+,2025-10
B1109,5878c05908f7ccf9727182c3c14470e84de2a2d890aa6a301ecb7dbde8b34ef3,UK166,2025-12-03 11:37:36.951,CANCELLED,33D,Vistara,HYD,MAA,2026-04-20 12:39:41.703,2026-04-20 17:32:41.703,293.0,4.883333333333334,293.0,0.0,Valid,PAY1602,13080.08,NETBANKING,Arjun,Das,40,F,89*********,+9************,ar********************,Unknown,31-45,2025-12
B1110,661416e3639271e2df11ef3e62d640bc2f517a6a07132f85f15c230a7a3d9cff,6F261,2025-12-17 11:37:36.951,PENDING,12B,IndiGo,CCU,DEL,2026-04-20 14:31:41.703,2026-04-20 17:29:41.703,178.0,2.966666666666667,178.0,0.0,Valid,,,,Riya,Patel,22,M,25**********,+9************,ri******************,Unknown,18-30,2025-12
B1111,dc8011c04d95da8562c51fdfb92dc4d19e6f865742bc5f706bbb420e4da47fcc,UK134,2025-12-25 11:37:36.951,CANCELLED,34A,Vistara,HYD,CCU,2026-04-20 13:44:41.702,2026-04-20 17:26:41.702,222.0,3.7,222.0,0.0,Valid,PAY1623,,NETBANKING,Ananya,Pillai,14,F,24**********,+9************,an**********************,Unknown,Under 18,2025-12
B1111,dc8011c04d95da8562c51fdfb92dc4d19e6f865742bc5f706bbb420e4da47fcc,UK134,2025-12-25 11:37:36.951,CANCELLED,34A,Vistara,HYD,CCU,2026-04-20 13:44:41.702,2026-04-20 17:26:41.702,222.0,3.7,222.0,0.0,Valid,PAY1623,,NETBANKING,AnanyaPillai,Unknown,14,F,26**********,+9************,an***************************,Unknown,Under 18,2025-12
B1112,79bfd5dc59b585de98a96bc123673a45df114171ea2f649f20cdb96008c54d3e,6F152,2025-10-02 11:37:36.951,PENDING,27A,IndiGo,CCU,DEL,2026-04-20 15:21:41.703,2026-04-20 17:25:41.703,124.0,2.066666666666667,124.0,0.0,Valid,PAY1331,10855.19,UPI,Aadhya,Verma,88,F,32**********,+9************,aa********************,Unknown,60+,2025-10
B1112,79bfd5dc59b585de98a96bc123673a45df114171ea2f649f20cdb96008c54d3e,6F152,2025-10-02 11:37:36.951,PENDING,27A,IndiGo,CCU,DEL,2026-04-20 15:21:41.703,2026-04-20 17:25:41.703,124.0,2.066666666666667,124.0,0.0,Valid,PAY1499,9807.59,NETBANKING,Aadhya,Verma,88,F,32**********,+9************,aa********************,Unknown,60+,2025-10
B1113,7f9551c5b1ad772e43188cea0c2a7b521c53437c938aa9d0dc97c84254f0fe20,SJ089,2025-11-23 11:37:36.951,CONFIRMED,5A,SpiceJet,HYD,CCU,2026-04-20 12:42:41.702,2026-04-20 17:15:41.702,273.0,4.55,273.0,0.0,Valid,PAY1316,9457.62,UPI,Ananya,Reddy,7,M,53**********,+9************,an*************************,Unknown,Under 18,2025-11
B1114,3becf5df47bdff1dce63de3a38197a771e8c19aa38bef135b1a459eec32e1105,6F123,2025-09-26 11:37:36.951,CANCELLED,2E,IndiGo,DEL,HYD,2026-04-20 15:26:41.702,2026-04-20 17:12:41.702,106.0,1.7666666666666666,106.0,0.0,Valid,PAY1061,8187.33,NETBANKING,Reyansh,Khan,60,M,28**********,+9************,re**********************,Unknown,46-60,2025-09
B1115,29cf2d89c3589449b2bdfaefe119244ad02151ae58570028b87fba3e1219c6bb,AI025,2025-08-23 11:37:36.951,CONFIRMED,10A,Air India,HYD,DEL,2026-04-20 14:46:41.701,2026-04-20 17:11:41.701,145.0,2.4166666666666665,145.0,0.0,Valid,PAY1136,8185.02,UPI,Ishaan,Nair,82,M,60**********,+9************,is********************,Unknown,60+,2025-08
B1116,2300988a2e179648451303b5288c8a4e2de25daf44d18e59b0f864cb00f24f4e,6F030,2025-12-05 11:37:36.951,CONFIRMED,19B,IndiGo,BOM,DEL,2026-04-20 14:20:41.701,2026-04-20 17:10:41.701,170.0,2.8333333333333335,170.0,0.0,Valid,PAY1000,9883.49,NETBANKING,Saanvi,Ghosh,2,M,35**********,+9************,sa**********************,Unknown,Under 18,2025-12
B1117,f6d76e21aea6b49de13c55f6d86f3cd1e23d2c30760b76b2896ba7bc18ee7707,SJ222,2025-09-02 11:37:36.951,CONFIRMED,28F,SpiceJet,BOM,DEL,2026-04-20 14:15:41.703,2026-04-20 17:09:41.703,174.0,2.9,174.0,0.0,Valid,PAY1737,11125.21,CARD,Diya,Banerjee,19,M,96**********,+9************,di**************************,Unknown,18-30,2025-09
B1117,f6d76e21aea6b49de13c55f6d86f3cd1e23d2c30760b76b2896ba7bc18ee7707,SJ222,2025-09-02 11:37:36.951,CONFIRMED,28F,SpiceJet,BOM,DEL,2026-04-20 14:15:41.703,2026-04-20 17:09:41.703,174.0,2.9,174.0,0.0,Valid,PAY1926,13517.5,UPI,Diya,Banerjee,19,M,96**********,+9************,di**************************,Unknown,18-30,2025-09
B1118,807002ae2042fbff29e4ab3d8409ae7dd581793a94d252a8fee785cd64d8e024,UK109,2026-04-03 11:37:36.951,CONFIRMED,34B,Vistara,BLR,BOM,2026-04-20 16:06:41.702,2026-04-20 17:06:42.000,60.00496666666666,1.0000827777777777,60.0,0.004966666666661013,Valid,PAY1283,,NETBANKING,Shaurya,Joshi,62,F,77**********,+9************,sh***************************,Unknown,60+,2026-04
B1119,9a57d7ee1548ab67caf8771c78d3e18274a374f4171abf9c1204676920d8051c,SJ117,2025-11-25 11:37:36.951,CANCELLED,21F,SpiceJet,MAA,BLR,2026-04-20 13:10:41.702,2026-04-20 17:06:41.702,236.0,3.933333333333333,236.0,0.0,Valid,PAY1764,14344.34,NETBANKING,Reyansh,Nair,24,M,24*********,+9************,re********************,Unknown,18-30,2025-11
B1119,9a57d7ee1548ab67caf8771c78d3e18274a374f4171abf9c1204676920d8051c,SJ117,2025-11-25 11:37:36.951,CANCELLED,21F,SpiceJet,MAA,BLR,2026-04-20 13:10:41.702,2026-04-20 17:06:41.702,236.0,3.933333333333333,236.0,0.0,Valid,PAY1933,7924.37,CARD,Reyansh,Nair,24,M,24*********,+9************,re********************,Unknown,18-30,2025-11
B1120,3d686e842d77285c197c6e50a56b5426bbb37bfc344fe8b5849ff21cf82dc6c7,SJ142,2025-08-12 11:37:36.951,CONFIRMED,12D,SpiceJet,CCU,BOM,2026-04-20 15:14:41.702,2026-04-20 16:56:41.702,102.0,1.7,102.0,0.0,Valid,PAY1026,,CARD,Sai,Agarwal,88,M,44**********,+9************,sa*********************,Unknown,60+,2025-08
B1120,3d686e842d77285c197c6e50a56b5426bbb37bfc344fe8b5849ff21cf82dc6c7,SJ142,2025-08-12 11:37:36.951,CONFIRMED,12D,SpiceJet,CCU,BOM,2026-04-20 15:14:41.702,2026-04-20 16:56:41.702,102.0,1.7,102.0,0.0,Valid,PAY1267,1037.82,CARD,Sai,Agarwal,88,M,44**********,+9************,sa*********************,Unknown,60+,2025-08
B1120,3d686e842d77285c197c6e50a56b5426bbb37bfc344fe8b5849ff21cf82dc6c7,SJ142,2025-08-12 11:37:36.951,CONFIRMED,12D,SpiceJet,CCU,BOM,2026-04-20 15:14:41.702,2026-04-20 16:56:41.702,102.0,1.7,102.0,0.0,Valid,PAY1573,1533.66,UPI,Sai,Agarwal,88,M,44**********,+9************,sa*********************,Unknown,60+,2025-08
B1121,e7c39412523d8efa559edb6f28acdd154dbe16ba18f8dab0afeea3e4ab42e006,SJ142,2025-06-01 11:37:36.951,PENDING,17C,SpiceJet,CCU,BOM,2026-04-20 15:14:41.702,2026-04-20 16:56:41.702,102.0,1.7,102.0,0.0,Valid,,,,Muhammad,Naidu,42,M,26**********,+9************,mu****************************,Unknown,31-45,2025-06
B1122,c6a585d0daae307ac216d4febb8665d87f55a5e48b317045c1722955ad85e9fd,AI030,2025-05-02 11:37:36.951,CANCELLED,20B,Air India,CCU,HYD,2026-04-20 13:33:41.701,2026-04-20 16:52:41.701,199.0,3.316666666666667,199.0,0.0,Valid,,,,Krishna,Verma,53,F,23**********,+9************,kr**********************,Unknown,46-60,2025-05
B1123,42a4adc12f6a6b629595cdbc85b85f75d0fefab7332ae95ad33ed9b6b9d44402,6F097,2025-09-23 11:37:36.951,CONFIRMED,8A,IndiGo,BLR,BOM,2026-04-20 15:32:41.702,2026-04-20 16:49:41.702,77.0,1.2833333333333334,77.0,0.0,Valid,PAY1745,6074.04,UPI,Shaurya,Singh,81,F,13**********,+9************,sh**************************,Unknown,60+,2025-09
B1123,42a4adc12f6a6b629595cdbc85b85f75d0fefab7332ae95ad33ed9b6b9d44402,6F097,2025-09-23 11:37:36.951,CONFIRMED,8A,IndiGo,BLR,BOM,2026-04-20 15:32:41.702,2026-04-20 16:49:41.702,77.0,1.2833333333333334,77.0,0.0,Valid,PAY1880,8451.44,NETBANKING,Shaurya,Singh,81,F,13**********,+9************,sh**************************,Unknown,60+,2025-09
B1124,307ef25359a956e71b2b17949d67638d87854f2a69604f7c7fb24c7c745e0337,6F129,2025-05-23 11:37:36.951,CANCELLED,5C,IndiGo,DEL,CCU,2026-04-20 14:28:41.702,2026-04-20 16:47:41.702,139.0,2.316666666666667,139.0,0.0,Valid,PAY1256,,CARD,Vivaan,Verma,7,M,49**********,+9************,vi*************************,Unknown,Under 18,2025-05
B1124,307ef25359a956e71b2b17949d67638d87854f2a69604f7c7fb24c7c745e0337,6F129,2025-05-23 11:37:36.951,CANCELLED,5C,IndiGo,DEL,CCU,2026-04-20 14:28:41.702,2026-04-20 16:47:41.702,139.0,2.316666666666667,139.0,0.0,Valid,PAY1498,2030.14,UPI,Vivaan,Verma,7,M,49**********,+9************,vi*************************,Unknown,Under 18,2025-05
B1124,307ef25359a956e71b2b17949d67638d87854f2a69604f7c7fb24c7c745e0337,6F129,2025-05-23 11:37:36.951,CANCELLED,5C,IndiGo,DEL,CCU,2026-04-20 14:28:41.702,2026-04-20 16:47:41.702,139.0,2.316666666666667,139.0,0.0,Valid,PAY1860,13723.54,UPI,Vivaan,Verma,7,M,49**********,+9************,vi*************************,Unknown,Under 18,2025-05
B1125,0d1b4b4a2c0c15d93af2d65914da489e3b953c3c4619cba1b2ea1109bb9aff73,6F181,2026-01-15 11:37:36.951,PENDING,27E,IndiGo,BOM,MAA,2026-04-20 14:55:41.703,2026-04-20 16:43:41.703,108.0,1.8,108.0,0.0,Valid,,,,Aarav,Naidu,39,F,91**********,+9************,aa*************************,Unknown,31-45,2026-01
B1126,c7ccf6a417208a4d93399733f39ed59bee1b97558dd765c7045aa071123b4d68,AI072,2025-10-20 11:37:36.951,CONFIRMED,10E,Air India,BLR,CCU,2026-04-20 15:34:41.702,2026-04-20 16:32:41.702,58.0,0.9666666666666667,58.0,0.0,Valid,,,,Anika,Sharma,28,F,35**********,+9************,an********************,Unknown,18-30,2025-10
B1127,0569019098c7cf5a8cc47f9221abee18721c6e392b0b09c277db7e11ed6d7e4b,SJ154,2025-06-29 11:37:36.951,PENDING,2E,SpiceJet,BLR,HYD,2026-04-20 14:47:41.702,2026-04-20 16:26:41.702,99.0,1.65,99.0,0.0,Valid,,,,Kavya,Nair,5,F,71**********,+9************,ka***********************,Unknown,Under 18,2025-06
B1128,fb8fab599298ca767005a6c1027c660a1c2d3ffd621b3543c2e094475a60f63a,AI031,2026-04-08 11:37:36.951,CONFIRMED,10D,Air India,DEL,MAA,2026-04-20 13:05:41.701,2026-04-20 16:11:41.701,186.0,3.1,186.0,0.0,Valid,,,,Ananya,Kulkarni,48,M,26**********,+9************,an*************************,Unknown,46-60,2026-04
B1129,fc778a3b0a051b6a7dbac813a765eb1cbedf5c6b026fedc4f1624235fa41fa83,AI031,2025-09-18 11:37:36.951,PENDING,26F,Air India,DEL,MAA,2026-04-20 13:05:41.701,2026-04-20 16:11:41.701,186.0,3.1,186.0,0.0,Valid,PAY1046,12008.51,UPI,Saanvi,Chatterjee,14,M,31**********,+9************,sa***************************,Unknown,Under 18,2025-09
B1130,cd95778e61fcb9bcde5bdebaf1a7db91c7f48d554f2f23b84bcef9a11cd46497,6F158,2025-12-26 11:37:36.951,CONFIRMED,34E,IndiGo,CCU,MAA,2026-04-20 11:58:41.703,2026-04-20 16:04:41.703,246.0,4.1,246.0,0.0,Valid,,,,Saanvi,Singh,33,M,71**********,+9************,sa**********************,Unknown,31-45,2025-12
B1131,0e699f0e06c390e586417eb020e3a0d80b33e618c62a55599068d510c850b9e3,6F184,2025-06-16 11:37:36.951,CANCELLED,1C,IndiGo,MAA,BOM,2026-04-20 13:05:41.703,2026-04-20 16:04:41.703,179.0,2.9833333333333334,179.0,0.0,Valid,PAY1553,3592.91,UPI,Vivaan,Mishra,54,F,96**********,+9************,vi*********************,Unknown,46-60,2025-06
B1132,c4373c1b39af67a844b4f0fcb9af4efccc01f7d47ee13a02e81537fb003c3306,UK141,2025-06-20 11:37:36.951,CONFIRMED,10D,Vistara,HYD,MAA,2026-04-20 13:38:41.703,2026-04-20 15:59:41.703,141.0,2.35,141.0,0.0,Valid,PAY1186,,UPI,Ishaan,Reddy,42,M,29**********,+9************,is********************,Unknown,31-45,2025-06
B1132,c4373c1b39af67a844b4f0fcb9af4efccc01f7d47ee13a02e81537fb003c3306,UK141,2025-06-20 11:37:36.951,CONFIRMED,10D,Vistara,HYD,MAA,2026-04-20 13:38:41.703,2026-04-20 15:59:41.703,141.0,2.35,141.0,0.0,Valid,PAY1462,2045.26,UPI,Ishaan,Reddy,42,M,29**********,+9************,is********************,Unknown,31-45,2025-06
B1132,c4373c1b39af67a844b4f0fcb9af4efccc01f7d47ee13a02e81537fb003c3306,UK141,2025-06-20 11:37:36.951,CONFIRMED,10D,Vistara,HYD,MAA,2026-04-20 13:38:41.703,2026-04-20 15:59:41.703,141.0,2.35,141.0,0.0,Valid,PAY1826,2632.44,UPI,Ishaan,Reddy,42,M,29**********,+9************,is********************,Unknown,31-45,2025-06
B1133,066e3f7ad551ebc85b6358a7f4ce340b5ef470aec1821bdc38353d6f5fa81165,6F168,2025-12-29 11:37:36.951,CANCELLED,23D,IndiGo,HYD,DEL,2026-04-20 12:18:41.703,2026-04-20 15:58:41.703,220.0,3.6666666666666665,220.0,0.0,Valid,PAY1395,12903.74,NETBANKING,Riya,Patel,34,F,83**********,+9************,ri********************,Unknown,31-45,2025-12
B1133,066e3f7ad551ebc85b6358a7f4ce340b5ef470aec1821bdc38353d6f5fa81165,6F168,2025-12-29 11:37:36.951,CANCELLED,23D,IndiGo,HYD,DEL,2026-04-20 12:18:41.703,2026-04-20 15:58:41.703,220.0,3.6666666666666665,220.0,0.0,Valid,PAY1951,1296.69,NETBANKING,Riya,Patel,34,F,83**********,+9************,ri********************,Unknown,31-45,2025-12
B1134,9585a6fe9fdeb56c2583cf346135f842c524d064c6d136b701ea94cc32f44710,6F051,2025-07-28 11:37:36.951,CONFIRMED,34C,IndiGo,BLR,BOM,2026-04-20 13:58:41.701,2026-04-20 15:58:41.701,120.0,2.0,120.0,0.0,Valid,,,,Shaurya,Joshi,64,M,60**********,+9************,sh************************,Unknown,60+,2025-07
B1135,904f296ff2139cc87152e21d5022bd0862257705e9e7a7ef44057c6aad3e3953,6F047,2025-12-02 11:37:36.951,CONFIRMED,20E,IndiGo,MAA,DEL,2026-04-20 13:50:41.701,2026-04-20 15:55:41.701,125.0,2.0833333333333335,125.0,0.0,Valid,PAY1918,10501.09,CARD,Ira,Khan,65,F,20**********,+9************,ir**********************,Unknown,60+,2025-12
B1136,63ac4a24e48cfe89f1218e7981373d1f1de2eac52e71435d035341619ce8ab8d,UK156,2025-10-26 11:37:36.951,PENDING,28E,Vistara,MAA,BLR,2026-04-20 11:50:41.703,2026-04-20 15:54:41.703,244.0,4.066666666666666,244.0,0.0,Valid,PAY1501,2857.01,NETBANKING,Myra,Kulkarni,1,F,60**********,+9************,my**************************,Unknown,Under 18,2025-10
B1136,63ac4a24e48cfe89f1218e7981373d1f1de2eac52e71435d035341619ce8ab8d,UK156,2025-10-26 11:37:36.951,PENDING,28E,Vistara,MAA,BLR,2026-04-20 11:50:41.703,2026-04-20 15:54:41.703,244.0,4.066666666666666,244.0,0.0,Valid,PAY1501,2857.01,NETBANKING,Myra,Kulkarni,1,F,47*********,+9************,my***********************,Unknown,Under 18,2025-10
B1137,05eea77c075ff7329e9eb383df908cc03d91db1aad14d9e93f0e534a08c2d972,AI094,2025-09-01 11:37:36.951,PENDING,13E,Air India,DEL,BLR,2026-04-20 14:44:41.702,2026-04-20 15:44:42.000,60.00496666666666,1.0000827777777777,60.0,0.004966666666661013,Valid,PAY1666,6179.22,CARD,Aarav,Joshi,17,F,20**********,+9************,aa*********************,Unknown,Under 18,2025-09
B1137,05eea77c075ff7329e9eb383df908cc03d91db1aad14d9e93f0e534a08c2d972,AI094,2025-09-01 11:37:36.951,PENDING,13E,Air India,DEL,BLR,2026-04-20 14:44:41.702,2026-04-20 15:44:42.000,60.00496666666666,1.0000827777777777,60.0,0.004966666666661013,Valid,PAY1816,3913.54,UPI,Aarav,Joshi,17,F,20**********,+9************,aa*********************,Unknown,Under 18,2025-09
B1138,f5e5a48665b27bc28a31b48c6ff38c2db7804a6ec70eb016e57beb4c196a6c1f,AI038,2025-07-14 11:37:36.951,PENDING,6C,Air India,HYD,MAA,2026-04-20 11:05:41.701,2026-04-20 15:44:41.701,279.0,4.65,279.0,0.0,Valid,,,,Reyansh,Patel,70,F,43*********,+9************,re*********************,Unknown,60+,2025-07
B1139,304f4d73814c7a525c525b9a96053ef9d930c17a0f3b9888f8d7c5242bf8daec,6F255,2026-01-19 11:37:36.951,CONFIRMED,29F,IndiGo,DEL,BOM,2026-04-20 11:59:41.703,2026-04-20 15:33:41.703,214.0,3.566666666666667,214.0,0.0,Valid,PAY1385,6016.05,UPI,Riya,Mishra,55,M,92**********,+9************,ri*********************,Unknown,46-60,2026-01
B1140,bec7829794a0ab001d975cec779937e8d9a7b70e6edf2d2b2cad5a20f10ed2bf,SJ025,2026-01-23 11:37:36.951,CONFIRMED,29D,SpiceJet,BOM,CCU,2026-04-20 12:02:41.701,2026-04-20 15:29:41.701,207.0,3.45,207.0,0.0,Valid,PAY1430,8447.38,NETBANKING,Riya,Singh,78,M,99**********,+9************,ri******************,Unknown,60+,2026-01
B1140,bec7829794a0ab001d975cec779937e8d9a7b70e6edf2d2b2cad5a20f10ed2bf,SJ025,2026-01-23 11:37:36.951,CONFIRMED,29D,SpiceJet,BOM,CCU,2026-04-20 12:02:41.701,2026-04-20 15:29:41.701,207.0,3.45,207.0,0.0,Valid,PAY1700,,CARD,Riya,Singh,78,M,99**********,+9************,ri******************,Unknown,60+,2026-01
B1141,3f99f09b8067da26accb576db3f2755d59455a28748eeec02fdadd515a928c70,SJ185,2025-10-28 11:37:36.951,CONFIRMED,9C,SpiceJet,BOM,CCU,2026-04-20 14:21:41.703,2026-04-20 15:21:41.703,60.0,1.0,60.0,0.0,Valid,,,,Anika,Joshi,69,M,55**********,+9************,an********************,Unknown,60+,2025-10
B1142,7eaf6cc62251837e276f3b2ba719536902af6aa6480014bb7a13b3f383e6f9d7,6F259,2026-01-21 11:37:36.951,CANCELLED,5C,IndiGo,BOM,DEL,2026-04-20 14:10:41.703,2026-04-20 15:21:41.703,71.0,1.1833333333333333,71.0,0.0,Valid,PAY1963,4506.21,CARD,Ira,Patel,55,M,71**********,+9************,ir*****************,Unknown,46-60,2026-01
B1143,5a9ab6e12ec4e942348d18b895371cf4040979263f639ba05335af4e3c09d3fd,6F073,2026-04-07 11:37:36.951,CANCELLED,15A,IndiGo,DEL,CCU,2026-04-20 11:38:41.702,2026-04-20 15:18:41.702,220.0,3.6666666666666665,220.0,0.0,Valid,PAY1124,6360.73,NETBANKING,Diya,Pillai,69,M,66**********,+9************,di*********************,Unknown,60+,2026-04
B1144,6c78ca347eb017af2b5b06207cb1dbb8974d9429ed43b397a5e91b4af78ada20,AI091,2025-09-26 11:37:36.951,CONFIRMED,6D,Air India,CCU,MAA,2026-04-20 10:52:41.702,2026-04-20 15:15:41.702,263.0,4.383333333333334,263.0,0.0,Valid,PAY1590,,CARD,Vivaan,Mishra,17,M,61**********,+9************,vi**************************,Unknown,Under 18,2025-09
B1145,6db11620a17d5f39a6f4f347ad59e54eab82425e10237ae79bae9fc7f0c73224,6F191,2025-08-23 11:37:36.951,PENDING,15D,IndiGo,BLR,DEL,2026-04-20 14:41:41.703,2026-04-20 15:11:41.703,30.0,0.5,30.0,0.0,Valid,,,,Kavya,Nair,87,M,88**********,+9************,ka******************,Unknown,60+,2025-08
B1146,02ea7959f1cef0cf60aa1b07edf10b7c4499f2c2b318683470b865f437352fc0,UK228,2025-08-30 11:37:36.951,PENDING,25A,Vistara,DEL,MAA,2026-04-20 11:58:41.704,2026-04-20 15:08:41.704,190.0,3.1666666666666665,190.0,0.0,Valid,PAY1408,,UPI,Sai,Mishra,89,M,29**********,+9************,sa******************,Unknown,60+,2025-08
B1147,d53bf95834e2706661adf58091b3c62dd790be99457254b9d928c721b1549304,6F146,2026-03-25 11:37:36.951,PENDING,11E,IndiGo,HYD,MAA,2026-04-20 13:51:41.703,2026-04-20 15:07:41.703,76.0,1.2666666666666666,76.0,0.0,Valid,,,,Reyansh,Joshi,76,M,11**********,+9************,re**********************,Unknown,60+,2026-03
B1148,da273dc1a032c58510a0f5c40b7fb445a2c5d7764c0948ba9af184c805cbed4f,6F068,2025-10-13 11:37:36.951,CONFIRMED,19A,IndiGo,BLR,HYD,2026-04-20 11:17:41.701,2026-04-20 15:06:41.701,229.0,3.816666666666667,229.0,0.0,Valid,,,,Ananya,Joshi,62,F,12**********,+9************,an**********************,Unknown,60+,2025-10
B1149,5c36f970d3364a3817dc5302d76c0b162dc93001f9c4ad8994b7995b4db046aa,SJ218,2026-01-08 11:37:36.951,PENDING,30F,SpiceJet,DEL,HYD,2026-04-20 11:58:41.703,2026-04-20 15:03:41.703,185.0,3.0833333333333335,185.0,0.0,Valid,PAY1505,3280.83,UPI,Myra,Patel,67,F,37**********,+9************,my******************,Unknown,60+,2026-01
B1149,5c36f970d3364a3817dc5302d76c0b162dc93001f9c4ad8994b7995b4db046aa,SJ218,2026-01-08 11:37:36.951,PENDING,30F,SpiceJet,DEL,HYD,2026-04-20 11:58:41.703,2026-04-20 15:03:41.703,185.0,3.0833333333333335,185.0,0.0,Valid,PAY1761,9112.92,CARD,Myra,Patel,67,F,37**********,+9************,my******************,Unknown,60+,2026-01
B1150,664e6259d692132aaef87baf236f845816865482d3f2a11793222f291385e249,UK083,2025-09-25 11:37:36.951,CONFIRMED,12A,Vistara,DEL,HYD,2026-04-20 14:10:41.702,2026-04-20 14:59:41.702,49.0,0.8166666666666667,49.0,0.0,Valid,PAY1719,12535.73,NETBANKING,Muhammad,Mishra,77,F,27**********,+9************,mu*************************,Unknown,60+,2025-09
B1151,66f71a9732d47fbfc6639c3ffda1c4660aca8ce048f535c2c8b1cade97bbfcb5,SJ007,2026-01-18 11:37:36.951,CANCELLED,29B,SpiceJet,BOM,CCU,2026-04-20 10:03:41.701,2026-04-20 14:53:41.701,290.0,4.833333333333333,290.0,0.0,Valid,PAY1852,,CARD,Vivaan,Naidu,45,M,98**********,+9************,vi***********************,Unknown,31-45,2026-01
B1152,61d0f276b7160f04f92ce7d852f04296612a23d85e104124985a1e3f1afb6a25,AI077,2025-08-14 11:37:36.951,PENDING,27A,Air India,CCU,HYD,2026-04-20 13:45:41.702,2026-04-20 14:51:41.702,66.0,1.1,66.0,0.0,Valid,,,,Krishna,Reddy,15,M,38**********,+9************,kr***********************,Unknown,Under 18,2025-08
B1153,b4af8df90f7c139522006c2df3055f56b5449990959736ecce2b7f2f0b9f52cb,UK017,2025-12-20 11:37:36.951,CANCELLED,8D,Vistara,BLR,HYD,2026-04-20 13:14:41.701,2026-04-20 14:49:41.701,95.0,1.5833333333333333,95.0,0.0,Valid,PAY1836,5774.24,NETBANKING,Krishna,Naidu,62,F,23**********,+9************,kr*********************,Unknown,60+,2025-12
B1154,0a7fd94c6462ec540a915ec379638303b93d6dfc232cab50baaa2fd78eab14ee,6F229,2026-02-17 11:37:36.951,PENDING,24A,IndiGo,MAA,DEL,2026-04-20 13:10:41.704,2026-04-20 14:30:41.704,80.0,1.3333333333333333,80.0,0.0,Valid,PAY1196,9979.51,UPI,Vivaan,Ghosh,10,M,62**********,+9************,vi**********************,Unknown,Under 18,2026-02
B1155,88f7f4237aee189269417ac81c4f97a2e3ac25262ca5a762f39b765660e4cc46,6F074,2025-10-08 11:37:36.951,CONFIRMED,6D,IndiGo,HYD,BOM,2026-04-20 11:09:41.702,2026-04-20 14:29:41.702,200.0,3.3333333333333335,200.0,0.0,Valid,,,,Sai,Reddy,20,F,83**********,+9************,sa*****************,Unknown,18-30,2025-10
B1156,79ad6f8cc65209e03d6bd64d676dd8c72064c7617d7c902e0df69b282fd0e97b,SJ088,2026-03-25 11:37:36.951,CONFIRMED,5E,SpiceJet,CCU,MAA,2026-04-20 13:54:41.702,2026-04-20 14:26:41.702,32.0,0.5333333333333333,32.0,0.0,Valid,PAY1308,3413.47,NETBANKING,Muhammad,Das,3,M,27**********,+9************,mu***********************,Unknown,Under 18,2026-03
B1157,299bf2b46c2d2014c31c4e663242cf1252c7b080d88cce3b4a92f83b74d0b156,SJ167,2025-06-28 11:37:36.951,CONFIRMED,18B,SpiceJet,MAA,CCU,2026-04-20 13:18:41.703,2026-04-20 14:12:41.703,54.0,0.9,54.0,0.0,Valid,PAY1096,7902.25,NETBANKING,Anika,Iyer,84,M,14**********,+9************,an*********************,Unknown,60+,2025-06
B1158,070c4bb71150965a2eb0e9679d4faa62494d101fb20b461e34dcec7b51ea5414,6F234,2025-07-20 11:37:36.951,CONFIRMED,22A,IndiGo,BOM,DEL,2026-04-20 11:20:41.704,2026-04-20 14:11:41.704,171.0,2.85,171.0,0.0,Valid,PAY1098,14265.47,UPI,Ishaan,Naidu,74,M,80*********,+9************,is**********************,Unknown,60+,2025-07
B1159,8d7eeb17523b13f7485456164878aa94f6890cdd512f8fbac513f41b96df7037,UK071,2025-12-10 11:37:36.951,PENDING,22F,Vistara,DEL,HYD,2026-04-20 10:50:41.701,2026-04-20 14:06:41.701,196.0,3.2666666666666666,196.0,0.0,Valid,PAY1156,8897.78,CARD,Sara,Verma,80,M,12**********,+9************,sa******************,Unknown,60+,2025-12
B1159,8d7eeb17523b13f7485456164878aa94f6890cdd512f8fbac513f41b96df7037,UK071,2025-12-10 11:37:36.951,PENDING,22F,Vistara,DEL,HYD,2026-04-20 10:50:41.701,2026-04-20 14:06:41.701,196.0,3.2666666666666666,196.0,0.0,Valid,PAY1207,,CARD,Sara,Verma,80,M,12**********,+9************,sa******************,Unknown,60+,2025-12
B1159,8d7eeb17523b13f7485456164878aa94f6890cdd512f8fbac513f41b96df7037,UK071,2025-12-10 11:37:36.951,PENDING,22F,Vistara,DEL,HYD,2026-04-20 10:50:41.701,2026-04-20 14:06:41.701,196.0,3.2666666666666666,196.0,0.0,Valid,PAY1811,8064.97,CARD,Sara,Verma,80,M,12**********,+9************,sa******************,Unknown,60+,2025-12
B1160,841d6ff4bf515c14ff1194d854071d819eefe7528f5a4bee5df999ccd6cb44e6,AI178,2025-11-21 11:37:36.951,CANCELLED,29A,Air India,CCU,BLR,2026-04-20 13:04:41.703,2026-04-20 14:03:41.703,59.0,0.9833333333333333,59.0,0.0,Valid,PAY1586,5267.38,UPI,Myra,Das,6,F,96*********,+9************,my****************,Unknown,Under 18,2025-11
B1161,0bca6c5dd27f6abc1b172f53c4a98961b47e5e3518cffe6d4b9c53693deb5008,UK104,2025-11-14 11:37:36.951,CONFIRMED,12A,Vistara,DEL,BOM,2026-04-20 12:30:41.702,2026-04-20 13:52:41.702,82.0,1.3666666666666667,82.0,0.0,Valid,PAY1763,7144.72,UPI,Muhammad,Singh,51,M,88**********,+9************,mu************************,Unknown,46-60,2025-11
B1161,0bca6c5dd27f6abc1b172f53c4a98961b47e5e3518cffe6d4b9c53693deb5008,UK104,2025-11-14 11:37:36.951,CONFIRMED,12A,Vistara,DEL,BOM,2026-04-20 12:30:41.702,2026-04-20 13:52:41.702,82.0,1.3666666666666667,82.0,0.0,Valid,PAY1867,9652.61,UPI,Muhammad,Singh,51,M,88**********,+9************,mu************************,Unknown,46-60,2025-11
B1161,0bca6c5dd27f6abc1b172f53c4a98961b47e5e3518cffe6d4b9c53693deb5008,UK104,2025-11-14 11:37:36.951,CONFIRMED,12A,Vistara,DEL,BOM,2026-04-20 12:30:41.702,2026-04-20 13:52:41.702,82.0,1.3666666666666667,82.0,0.0,Valid,PAY1882,7842.91,CARD,Muhammad,Singh,51,M,88**********,+9************,mu************************,Unknown,46-60,2025-11
B1162,8fe4a9cee575ed16d908c362cb41ce216bda4d23211d948dbf7c837197a1dc9d,AI146,2025-04-22 11:37:36.951,Unknown,32D,Air India,BLR,DEL,2026-04-20 10:40:41.702,2026-04-20 13:46:41.702,186.0,3.1,186.0,0.0,Valid,,,,Reyansh,Banerjee,49,F,34**********,+9************,re************************,Unknown,46-60,2025-04
B1163,901331ea90015d4bc0291766f4f107a0d34cb5ed3825fec0e3dbd03717fde73a,SJ235,2025-11-10 11:37:36.951,CANCELLED,13D,SpiceJet,BOM,DEL,2026-04-20 09:57:41.704,2026-04-20 13:45:41.704,228.0,3.8,228.0,0.0,Valid,,,,Kavya,Joshi,63,M,58**********,+9************,ka*******************,Unknown,60+,2025-11
B1164,031a60e86398d41d18e79ffcedc168a3e137eec8e808ff3a26712c897d0c854a,6F209,2025-04-24 11:37:36.951,CONFIRMED,24A,IndiGo,MAA,CCU,2026-04-20 08:40:41.703,2026-04-20 13:40:41.703,300.0,5.0,300.0,0.0,Valid,PAY1010,2684.77,UPI,Vivaan,Chatterjee,52,F,43**********,+9************,vi*************************,Unknown,46-60,2025-04
B1165,d4b256a73ebbf0e5b9719293cd5872b7a42284f944c914c2bd3b5a53a3ea41fd,AI129,2025-08-20 11:37:36.951,CANCELLED,2F,Air India,BOM,CCU,2026-04-20 10:29:41.702,2026-04-20 13:38:41.702,189.0,3.15,189.0,0.0,Valid,PAY1236,10424.86,NETBANKING,Aditya,Das,59,F,19**********,+9************,ad******************,Unknown,46-60,2025-08
B1165,d4b256a73ebbf0e5b9719293cd5872b7a42284f944c914c2bd3b5a53a3ea41fd,AI129,2025-08-20 11:37:36.951,CANCELLED,2F,Air India,BOM,CCU,2026-04-20 10:29:41.702,2026-04-20 13:38:41.702,189.0,3.15,189.0,0.0,Valid,PAY1418,9442.05,UPI,Aditya,Das,59,F,19**********,+9************,ad******************,Unknown,46-60,2025-08
B1165,d4b256a73ebbf0e5b9719293cd5872b7a42284f944c914c2bd3b5a53a3ea41fd,AI129,2025-08-20 11:37:36.951,CANCELLED,2F,Air India,BOM,CCU,2026-04-20 10:29:41.702,2026-04-20 13:38:41.702,189.0,3.15,189.0,0.0,Valid,PAY1476,13603.29,CARD,Aditya,Das,59,F,19**********,+9************,ad******************,Unknown,46-60,2025-08
B1165,d4b256a73ebbf0e5b9719293cd5872b7a42284f944c914c2bd3b5a53a3ea41fd,AI129,2025-08-20 11:37:36.951,CANCELLED,2F,Air India,BOM,CCU,2026-04-20 10:29:41.702,2026-04-20 13:38:41.702,189.0,3.15,189.0,0.0,Valid,PAY1813,9627.79,CARD,Aditya,Das,59,F,19**********,+9************,ad******************,Unknown,46-60,2025-08
B1166,579c05dbb5c7c7fac1b3b612ec1481807fecb721127aaf95214a8afa6555856b,SJ141,2026-01-23 11:37:36.951,CONFIRMED,34D,SpiceJet,CCU,DEL,2026-04-20 10:00:41.702,2026-04-20 13:37:41.702,217.0,3.6166666666666667,217.0,0.0,Valid,PAY1769,5530.81,NETBANKING,Ishaan,Chatterjee,60,M,51**********,+9************,is*************************,Unknown,46-60,2026-01
B1167,593ce4cd123b30ba32fad0c71fb333efde01434bb05f23ed38d0fc53ecb5ddaf,SJ018,2026-02-02 11:37:36.951,CANCELLED,9F,SpiceJet,BOM,CCU,2026-04-20 10:58:41.701,2026-04-20 13:31:41.701,153.0,2.55,153.0,0.0,Valid,PAY1563,7043.11,CARD,Aadhya,Kulkarni,12,F,15**********,+9************,aa***********************,Unknown,Under 18,2026-02
B1167,593ce4cd123b30ba32fad0c71fb333efde01434bb05f23ed38d0fc53ecb5ddaf,SJ018,2026-02-02 11:37:36.951,CANCELLED,9F,SpiceJet,BOM,CCU,2026-04-20 10:58:41.701,2026-04-20 13:31:41.701,153.0,2.55,153.0,0.0,Valid,PAY1673,12224.46,UPI,Aadhya,Kulkarni,12,F,15**********,+9************,aa***********************,Unknown,Under 18,2026-02
B1167,593ce4cd123b30ba32fad0c71fb333efde01434bb05f23ed38d0fc53ecb5ddaf,SJ018,2026-02-02 11:37:36.951,CANCELLED,9F,SpiceJet,BOM,CCU,2026-04-20 10:58:41.701,2026-04-20 13:31:41.701,153.0,2.55,153.0,0.0,Valid,PAY1997,8032.22,NETBANKING,Aadhya,Kulkarni,12,F,15**********,+9************,aa***********************,Unknown,Under 18,2026-02
B1168,ee3da88980fa26dbadf8dc499b411a800bfc6c8773ee8629c6e2cf19ae2a84bc,UK120,2025-10-14 11:37:36.951,CANCELLED,11C,Vistara,HYD,DEL,2026-04-20 09:19:41.702,2026-04-20 13:30:41.702,251.0,4.183333333333334,251.0,0.0,Valid,PAY1250,5435.83,CARD,Krishna,Sharma,33,F,58**********,+9************,kr**********************,Unknown,31-45,2025-10
B1169,95edae0cf7e42aad8885909c537182f636aeabc79386efbbfd48ab71b16f1d99,AI078,2025-11-15 11:37:36.951,CONFIRMED,11E,Air India,DEL,BOM,2026-04-20 08:58:41.702,2026-04-20 13:28:41.702,270.0,4.5,270.0,0.0,Valid,PAY1481,3795.6,NETBANKING,Anika,Joshi,50,F,95**********,+9************,an********************,Unknown,46-60,2025-11
B1170,e28d79bc75f4ce24f9fb6af4dace2150680aaaaebf60bd778f49c587840f3e9a,AI079,2025-09-14 11:37:36.951,PENDING,15E,Air India,CCU,BLR,2026-04-20 11:04:41.702,2026-04-20 13:19:41.702,135.0,2.25,135.0,0.0,Valid,,,,Ananya,Agarwal,27,M,61**********,+9************,an************************,Unknown,18-30,2025-09
B1171,5e19490d12047195ffdd39cb92fc81aba599130df8ef5debe7f3e5c2245c27c7,UK087,2025-09-19 11:37:36.951,CANCELLED,21A,Vistara,HYD,MAA,2026-04-20 09:49:41.702,2026-04-20 13:17:41.702,208.0,3.466666666666667,208.0,0.0,Valid,PAY1074,7227.28,UPI,Vivaan,Ghosh,47,F,34**********,+9************,vi**********************,Unknown,46-60,2025-09
B1171,5e19490d12047195ffdd39cb92fc81aba599130df8ef5debe7f3e5c2245c27c7,UK087,2025-09-19 11:37:36.951,CANCELLED,21A,Vistara,HYD,MAA,2026-04-20 09:49:41.702,2026-04-20 13:17:41.702,208.0,3.466666666666667,208.0,0.0,Valid,PAY1199,12677.76,UPI,Vivaan,Ghosh,47,F,34**********,+9************,vi**********************,Unknown,46-60,2025-09
B1171,5e19490d12047195ffdd39cb92fc81aba599130df8ef5debe7f3e5c2245c27c7,UK087,2025-09-19 11:37:36.951,CANCELLED,21A,Vistara,HYD,MAA,2026-04-20 09:49:41.702,2026-04-20 13:17:41.702,208.0,3.466666666666667,208.0,0.0,Valid,PAY1654,3406.0,UPI,Vivaan,Ghosh,47,F,34**********,+9************,vi**********************,Unknown,46-60,2025-09
B1172,d4ccbfadbe630f46c135d0d8702ba98455bd03cd6293144ab3c60b8ada5cc378,UK133,2026-01-17 11:37:36.951,CONFIRMED,8F,Vistara,BOM,DEL,2026-04-20 10:04:41.702,2026-04-20 13:16:41.702,192.0,3.2,192.0,0.0,Valid,PAY1458,9220.51,NETBANKING,Reyansh,Banerjee,51,F,48**********,+9************,re**************************,Unknown,46-60,2026-01
B1172,d4ccbfadbe630f46c135d0d8702ba98455bd03cd6293144ab3c60b8ada5cc378,UK133,2026-01-17 11:37:36.951,CONFIRMED,8F,Vistara,BOM,DEL,2026-04-20 10:04:41.702,2026-04-20 13:16:41.702,192.0,3.2,192.0,0.0,Valid,PAY1527,10384.47,NETBANKING,Reyansh,Banerjee,51,F,48**********,+9************,re**************************,Unknown,46-60,2026-01
B1172,d4ccbfadbe630f46c135d0d8702ba98455bd03cd6293144ab3c60b8ada5cc378,UK133,2026-01-17 11:37:36.951,CONFIRMED,8F,Vistara,BOM,DEL,2026-04-20 10:04:41.702,2026-04-20 13:16:41.702,192.0,3.2,192.0,0.0,Valid,PAY1872,5872.42,UPI,Reyansh,Banerjee,51,F,48**********,+9************,re**************************,Unknown,46-60,2026-01
B1173,3f6a683ad204b51fc2e60f68bb5a7c0b55a743193570ca253ca7ddb9756d5c25,AI222,2025-06-01 11:37:36.951,CANCELLED,22E,Air India,BOM,DEL,2026-04-20 12:10:41.703,2026-04-20 13:14:41.703,64.0,1.0666666666666667,64.0,0.0,Valid,PAY1832,,UPI,Ira,patel,72,F,83**********,+9************,ir******************,Unknown,60+,2025-06
B1173,3f6a683ad204b51fc2e60f68bb5a7c0b55a743193570ca253ca7ddb9756d5c25,AI222,2025-06-01 11:37:36.951,CANCELLED,22E,Air India,BOM,DEL,2026-04-20 12:10:41.703,2026-04-20 13:14:41.703,64.0,1.0666666666666667,64.0,0.0,Valid,PAY1832,,UPI,Ira,Patel,72,F,87**********,+9************,ir*****************,Unknown,60+,2025-06
B1174,977c3154ed97450c76e731cfa64c1b4071ddd7001d11e16f6425026abd815d64,6F049,2026-04-12 11:37:36.951,CANCELLED,19D,IndiGo,HYD,DEL,2026-04-20 10:00:41.701,2026-04-20 13:13:41.701,193.0,3.216666666666667,193.0,0.0,Valid,PAY1071,,NETBANKING,Krishna,Mehta,4,M,55*********,+9************,kr**************************,Unknown,Under 18,2026-04
B1175,f1e921ffaf861ea372dd545d469e4e291357c01134a401015942fe6a92883e31,6F105,2026-01-29 11:37:36.951,PENDING,27D,IndiGo,BLR,BOM,2026-04-20 11:46:41.702,2026-04-20 12:58:41.702,72.0,1.2,72.0,0.0,Valid,PAY1957,10654.9,UPI,Ishaan,Iyer,61,M,10**********,+9************,is**********************,Unknown,60+,2026-01
B1176,09f49ca188dacbc0b7b44c0ec60a2c27b3010f6f769e36ca268f15943025cbad,SJ226,2025-04-17 11:37:36.951,CANCELLED,7C,SpiceJet,HYD,BOM,2026-04-20 08:47:41.704,2026-04-20 12:54:41.704,247.0,4.116666666666666,247.0,0.0,Valid,,,,Diya,Patel,31,F,71**********,+9************,di********************,Unknown,31-45,2025-04
B1177,8debcd3aea9b924582f8e7731f6da70c6bc861464f1273b06eb3bf0c8e627e97,SJ227,2025-07-29 11:37:36.951,CANCELLED,34D,SpiceJet,BOM,CCU,2026-04-20 08:32:41.704,2026-04-20 12:53:41.704,261.0,4.35,261.0,0.0,Valid,PAY1626,12412.89,NETBANKING,Ira,Naidu,50,M,40**********,+9************,ir******************,Unknown,46-60,2025-07
B1178,ea2b1af5291e12c0c2611bb064e78be7b194642f34f2e9ff47c1ae8e4c81c7bc,6F034,2026-02-05 11:37:36.951,CONFIRMED,34E,IndiGo,BOM,DEL,2026-04-20 11:53:41.701,2026-04-20 12:49:41.701,56.0,0.9333333333333333,56.0,0.0,Valid,PAY1460,,NETBANKING,Saanvi,Naidu,30,F,92**********,+9************,sa*********************,Unknown,18-30,2026-02
B1179,0edb4edcab53e7bd142d39aa994876b6bcbf46d9c86bce8f32c853a845f14602,SJ078,2025-10-03 11:37:36.951,CONFIRMED,33D,SpiceJet,DEL,HYD,2026-04-20 09:41:41.701,2026-04-20 12:49:41.701,188.0,3.1333333333333333,188.0,0.0,Valid,PAY1161,3495.66,UPI,Diya,Mishra,15,M,73**********,+9************,di**********************,Unknown,Under 18,2025-10
B1179,0edb4edcab53e7bd142d39aa994876b6bcbf46d9c86bce8f32c853a845f14602,SJ078,2025-10-03 11:37:36.951,CONFIRMED,33D,SpiceJet,DEL,HYD,2026-04-20 09:41:41.701,2026-04-20 12:49:41.701,188.0,3.1333333333333333,188.0,0.0,Valid,PAY1440,4786.25,NETBANKING,Diya,Mishra,15,M,73**********,+9************,di**********************,Unknown,Under 18,2025-10
B1179,0edb4edcab53e7bd142d39aa994876b6bcbf46d9c86bce8f32c853a845f14602,SJ078,2025-10-03 11:37:36.951,CONFIRMED,33D,SpiceJet,DEL,HYD,2026-04-20 09:41:41.701,2026-04-20 12:49:41.701,188.0,3.1333333333333333,188.0,0.0,Valid,PAY1565,2337.61,UPI,Diya,Mishra,15,M,73**********,+9************,di**********************,Unknown,Under 18,2025-10
B1180,745580e3e72a6d677b2701237c5fa67d1f5021ffee40ff003262efd750cb6349,AI240,2026-04-10 11:37:36.951,PENDING,22F,Air India,MAA,DEL,2026-04-20 10:19:41.704,2026-04-20 12:46:41.704,147.0,2.45,147.0,0.0,Valid,,,,Shaurya,Verma,54,F,55**********,+9************,sh**************************,Unknown,46-60,2026-04
B1181,9c98c8b1d89a4e55dce19251248a5b5625dd74a91c54075de00a12a03d978233,SJ002,2026-03-29 11:37:36.951,CANCELLED,12E,SpiceJet,DEL,BOM,2026-04-20 07:54:41.701,2026-04-20 12:40:41.701,286.0,4.766666666666667,286.0,0.0,Valid,,,,Aditya,Verma,49,F,89*********,+9************,ad***********************,Unknown,46-60,2026-03
B1182,8327c2ee1689aa6dc970de7411a1fbd55b93f654d304f70be74eabe49621e002,AI044,2025-08-11 11:37:36.951,CANCELLED,3A,Air India,MAA,BLR,2026-04-20 09:03:41.701,2026-04-20 12:36:41.701,213.0,3.55,213.0,0.0,Valid,PAY1275,9005.88,UPI,Aadhya,das,34,M,66**********,+9************,aa******************,Unknown,31-45,2025-08
B1182,8327c2ee1689aa6dc970de7411a1fbd55b93f654d304f70be74eabe49621e002,AI044,2025-08-11 11:37:36.951,CANCELLED,3A,Air India,MAA,BLR,2026-04-20 09:03:41.701,2026-04-20 12:36:41.701,213.0,3.55,213.0,0.0,Valid,PAY1275,9005.88,UPI,Aadhya,Das,34,M,17**********,+9************,aa******************,Unknown,31-45,2025-08
B1183,d871d6c1b0f4950d7432ed3b0be98732dd480e982ae01be6db6934de4e5f7012,UK076,2025-06-22 11:37:36.951,CANCELLED,8C,Vistara,MAA,CCU,2026-04-20 08:03:41.702,2026-04-20 12:26:41.702,263.0,4.383333333333334,263.0,0.0,Valid,,,,Ishaan,Sharma,38,F,81**********,+9************,is**************************,Unknown,31-45,2025-06
B1184,696200fd839848b14ea262f6d11b23f059a1f0a6d4d9a7e2ff44462bd08d35b5,6F232,2025-08-01 11:37:36.951,PENDING,28E,IndiGo,MAA,BLR,2026-04-20 10:39:41.704,2026-04-20 12:22:41.704,103.0,1.7166666666666666,103.0,0.0,Valid,,,,Ishaan,Kulkarni,8,M,16*********,+9************,is*************************,Unknown,Under 18,2025-08
B1184,696200fd839848b14ea262f6d11b23f059a1f0a6d4d9a7e2ff44462bd08d35b5,6F232,2025-08-01 11:37:36.951,PENDING,28E,IndiGo,MAA,BLR,2026-04-20 10:39:41.704,2026-04-20 12:22:41.704,103.0,1.7166666666666666,103.0,0.0,Valid,,,,IshaanKulkarni,Unknown,8,M,90**********,+9************,is*****************************,Unknown,Under 18,2025-08
B1185,7e8681b0b5dcad0de38066ad7b0a7c2be54c6d39727b1b40a94c03a56faa1c3e,SJ228,2025-08-16 11:37:36.951,CANCELLED,25E,SpiceJet,BOM,CCU,2026-04-20 08:29:41.704,2026-04-20 12:16:41.704,227.0,3.783333333333333,227.0,0.0,Valid,PAY1152,13080.31,CARD,Diya,Joshi,8,M,78**********,+9************,di***********************,Unknown,Under 18,2025-08
B1186,8d8f20ae93511da1fc31c3431fca0b705933fa3f85fc69c991b41ea56371139b,SJ074,2026-04-04 11:37:36.951,CONFIRMED,1B,SpiceJet,DEL,CCU,2026-04-20 11:21:41.701,2026-04-20 12:02:41.701,41.0,0.6833333333333333,41.0,0.0,Valid,,,,Ananya,Reddy,48,F,98**********,+9************,an********************,Unknown,46-60,2026-04
B1187,54a5a8bf692038b5094da0eaf787b6f064af2ca56dd6c67c7bece857b05866c4,UK229,2025-08-04 11:37:36.951,PENDING,7F,Vistara,HYD,DEL,2026-04-20 07:40:41.704,2026-04-20 11:57:41.704,257.0,4.283333333333333,257.0,0.0,Valid,PAY1031,6625.76,NETBANKING,Anika,Gupta,9,F,67**********,+9************,an*********************,Unknown,Under 18,2025-08
B1188,e34896f79a0e0759380ec16c206f581d69ced88424a2c7256da86cdf0e0a46dc,AI208,2026-04-04 11:37:36.951,CONFIRMED,6A,Air India,BLR,BOM,2026-04-20 08:38:41.703,2026-04-20 11:52:41.703,194.0,3.2333333333333334,194.0,0.0,Valid,,,,Ishaan,Iyer,43,F,47**********,+9************,is************************,Unknown,31-45,2026-04
B1189,841d6ff4bf515c14ff1194d854071d819eefe7528f5a4bee5df999ccd6cb44e6,AI019,2025-11-23 11:37:36.951,CONFIRMED,14F,Air India,BOM,CCU,2026-04-20 10:49:41.701,2026-04-20 11:51:41.701,62.0,1.0333333333333334,62.0,0.0,Valid,,,,Myra,Das,6,F,96*********,+9************,my****************,Unknown,Under 18,2025-11
B1190,ea46dd84b5852d6a0786d10cb63d4356a3d58f11549b85d6843e902052304a85,6F029,2025-05-23 11:37:36.951,PENDING,12B,IndiGo,BOM,BLR,2026-04-20 07:31:41.701,2026-04-20 11:45:41.701,254.0,4.233333333333333,254.0,0.0,Valid,,,,Reyansh,Pillai,6,F,21**********,+9************,re************************,Unknown,Under 18,2025-05
B1191,24cc460298985b5aee0c677b130089b61b88652596bf3938bcd37a68cedc582f,6F018,2025-04-27 11:37:36.951,CONFIRMED,25B,IndiGo,DEL,BLR,2026-04-20 10:57:41.701,2026-04-20 11:43:41.701,46.0,0.7666666666666667,46.0,0.0,Valid,,,,Anika,Verma,48,M,63*********,+9************,an*******************,Unknown,46-60,2025-04
B1192,63fe68f9c14d380c2f19c9c816ddda65f85fade6e22e9cea4ceddc45edabf834,AI059,2025-06-23 11:37:36.951,CANCELLED,7D,Air India,CCU,DEL,2026-04-20 09:16:41.701,2026-04-20 11:43:41.701,147.0,2.45,147.0,0.0,Valid,PAY1922,,UPI,Vivaan,Agarwal,26,M,84**********,+9************,vi*************************,Unknown,18-30,2025-06
B1193,54a5a8bf692038b5094da0eaf787b6f064af2ca56dd6c67c7bece857b05866c4,AI159,2025-05-22 11:37:36.951,PENDING,13D,Air India,HYD,BLR,2026-04-20 09:23:41.703,2026-04-20 11:36:41.703,133.0,2.216666666666667,133.0,0.0,Valid,,,,Anika,Gupta,9,F,67**********,+9************,an*********************,Unknown,Under 18,2025-05
B1194,71fc9efcf34b34c06caf917fe6fa53b81133b60a7a7c7779e94702f1341eae8b,6F091,2025-07-11 11:37:36.951,CONFIRMED,14F,IndiGo,BLR,CCU,2026-04-20 10:10:41.702,2026-04-20 11:36:41.702,86.0,1.4333333333333333,86.0,0.0,Valid,,,,Vivaan,Chatterjee,24,M,20**********,+9************,vi*************************,Unknown,18-30,2025-07
B1195,7cc494ed01333ca3c7ab0eff63086589b5a996ac86ecc321bc389393be71b5da,6F084,2025-07-20 11:37:36.951,CANCELLED,10B,IndiGo,CCU,HYD,2026-04-20 10:34:41.702,2026-04-20 11:34:42.000,60.00496666666666,1.0000827777777777,60.0,0.004966666666661013,Valid,PAY1351,13205.17,UPI,Reyansh,Naidu,22,F,99**********,+9************,re**************************,Unknown,18-30,2025-07
B1195,7cc494ed01333ca3c7ab0eff63086589b5a996ac86ecc321bc389393be71b5da,6F084,2025-07-20 11:37:36.951,CANCELLED,10B,IndiGo,CCU,HYD,2026-04-20 10:34:41.702,2026-04-20 11:34:42.000,60.00496666666666,1.0000827777777777,60.0,0.004966666666661013,Valid,PAY1618,6019.11,CARD,Reyansh,Naidu,22,F,99**********,+9************,re**************************,Unknown,18-30,2025-07
B1196,409613d90acdde04e00e7085d199b79fc56a98709ed151209739343a85df32a2,UK170,2026-01-15 11:37:36.951,CANCELLED,20C,Vistara,BOM,BLR,2026-04-20 09:42:41.703,2026-04-20 11:32:41.703,110.0,1.8333333333333333,110.0,0.0,Valid,,,,Vivaan,Gupta,4,F,32**********,+9************,vi**********************,Unknown,Under 18,2026-01
B1197,30e4512135119c357868dcfa2a810326ae9f8f4c74a43016116bf2ba33458b3a,UK212,2025-05-19 11:37:36.951,CONFIRMED,2E,Vistara,HYD,MAA,2026-04-20 10:46:41.704,2026-04-20 11:31:41.704,45.0,0.75,45.0,0.0,Valid,PAY1227,8876.86,CARD,Ira,Iyer,66,M,60*********,+9************,ir*****************,Unknown,60+,2025-05
B1198,86d87cbac905451cd1cf943b93648d0f6b147644f646a978feb82bf0245d63b5,SJ022,2025-06-16 11:37:36.951,Unknown,29A,SpiceJet,DEL,BLR,2026-04-20 07:56:41.701,2026-04-20 11:07:41.701,191.0,3.183333333333333,191.0,0.0,Valid,PAY1193,1830.32,CARD,Ananya,Nair,66,F,86**********,+9************,an**********************,Unknown,60+,2025-06
B1199,9c98c8b1d89a4e55dce19251248a5b5625dd74a91c54075de00a12a03d978233,SJ075,2025-12-13 11:37:36.951,PENDING,30E,SpiceJet,MAA,BLR,2026-04-20 09:26:41.701,2026-04-20 11:03:41.701,97.0,1.6166666666666667,97.0,0.0,Valid,PAY1035,12300.69,NETBANKING,Aditya,Verma,49,F,89*********,+9************,ad***********************,Unknown,46-60,2025-12
B1199,9c98c8b1d89a4e55dce19251248a5b5625dd74a91c54075de00a12a03d978233,SJ075,2025-12-13 11:37:36.951,PENDING,30E,SpiceJet,MAA,BLR,2026-04-20 09:26:41.701,2026-04-20 11:03:41.701,97.0,1.6166666666666667,97.0,0.0,Valid,PAY1363,1198.83,CARD,Aditya,Verma,49,F,89*********,+9************,ad***********************,Unknown,46-60,2025-12
B1200,44f4c40b2d4180be174e74764b2fa93a31e9acf2f95cffd3d99e341557a6e008,UK177,2025-09-17 11:37:36.951,CONFIRMED,16B,Vistara,DEL,HYD,2026-04-20 06:21:41.703,2026-04-20 10:50:41.703,269.0,4.483333333333333,269.0,0.0,Valid,PAY1492,10067.38,NETBANKING,Ishaan,Kulkarni,4,F,64**********,+9************,is*************************,Unknown,Under 18,2025-09
B1200,44f4c40b2d4180be174e74764b2fa93a31e9acf2f95cffd3d99e341557a6e008,UK177,2025-09-17 11:37:36.951,CONFIRMED,16B,Vistara,DEL,HYD,2026-04-20 06:21:41.703,2026-04-20 10:50:41.703,269.0,4.483333333333333,269.0,0.0,Valid,PAY1529,14034.27,CARD,Ishaan,Kulkarni,4,F,64**********,+9************,is*************************,Unknown,Under 18,2025-09
B1200,44f4c40b2d4180be174e74764b2fa93a31e9acf2f95cffd3d99e341557a6e008,UK177,2025-09-17 11:37:36.951,CONFIRMED,16B,Vistara,DEL,HYD,2026-04-20 06:21:41.703,2026-04-20 10:50:41.703,269.0,4.483333333333333,269.0,0.0,Valid,PAY1883,6711.92,NETBANKING,Ishaan,Kulkarni,4,F,64**********,+9************,is*************************,Unknown,Under 18,2025-09
B1201,4106a53da67785e5d50e3c3b7495c032f8b5ea65429f48c6ac715ffb1db71025,UK206,2026-02-01 11:37:36.951,CANCELLED,3A,Vistara,MAA,BLR,2026-04-20 06:01:41.703,2026-04-20 10:34:41.703,273.0,4.55,273.0,0.0,Valid,PAY1845,7338.75,CARD,Ananya,Khan,60,M,84**********,+9************,an*******************,Unknown,46-60,2026-02
B1202,0569abad026a1d117a57bdb86a2d539284d7be656b90a55283f053dc06bf3ea6,UK079,2025-04-29 11:37:36.951,CANCELLED,29C,Vistara,DEL,BLR,2026-04-20 06:43:41.702,2026-04-20 10:34:41.702,231.0,3.85,231.0,0.0,Valid,PAY1223,1973.12,UPI,Sai,Banerjee,3,F,29**********,+9************,sa*********************,Unknown,Under 18,2025-04
B1203,b56dbde0e0be2b561f40b96027c685159781a84b10adca21d650d985af9ada1e,UK040,2025-06-21 11:37:36.951,CONFIRMED,3B,Vistara,HYD,CCU,2026-04-20 09:15:41.701,2026-04-20 10:32:41.701,77.0,1.2833333333333334,77.0,0.0,Valid,PAY1022,12774.63,NETBANKING,Arjun,Nair,25,M,46**********,+9************,ar********************,Unknown,18-30,2025-06
B1204,1881045f69a737bc4f4dd7840b4f9f5b006fbbf3f4b5a605a3c66ddfbdff5ff0,AI034,2025-07-25 11:37:36.951,CONFIRMED,30A,Air India,DEL,BOM,2026-04-20 05:48:41.701,2026-04-20 10:31:41.701,283.0,4.716666666666667,283.0,0.0,Valid,PAY1814,14106.07,CARD,Muhammad,Banerjee,12,F,59*********,+9************,mu******************************,Unknown,Under 18,2025-07
B1204,1881045f69a737bc4f4dd7840b4f9f5b006fbbf3f4b5a605a3c66ddfbdff5ff0,AI034,2025-07-25 11:37:36.951,CONFIRMED,30A,Air India,DEL,BOM,2026-04-20 05:48:41.701,2026-04-20 10:31:41.701,283.0,4.716666666666667,283.0,0.0,Valid,PAY1814,14106.07,CARD,Muhammad,Bbanerjee,12,F,95*********,+9************,mu*******************************,Unknown,Under 18,2025-07
B1204,1881045f69a737bc4f4dd7840b4f9f5b006fbbf3f4b5a605a3c66ddfbdff5ff0,AI034,2025-07-25 11:37:36.951,CONFIRMED,30A,Air India,DEL,BOM,2026-04-20 05:48:41.701,2026-04-20 10:31:41.701,283.0,4.716666666666667,283.0,0.0,Valid,PAY1814,14106.07,CARD,Muhammad,Banerjee,12,F,40**********,+9************,mu*************************,Unknown,Under 18,2025-07
B1205,43162d4ec9ebb8ca231a1237815ccd5f56ac1f07f4f470abc2f47b5de6c05c29,UK034,2025-10-18 11:37:36.951,CONFIRMED,23F,Vistara,DEL,BLR,2026-04-20 06:47:41.701,2026-04-20 10:11:41.701,204.0,3.4,204.0,0.0,Valid,PAY1888,10452.65,UPI,Aarav,Reddy,63,F,16**********,+9************,aa*******************,Unknown,60+,2025-10
B1206,bba5061a33d739cfdd3a5b55460a8173c8fd1952f3d64c8d0fa79c15cea4a34a,AI088,2025-07-02 11:37:36.951,CONFIRMED,13A,Air India,MAA,DEL,2026-04-20 06:34:41.702,2026-04-20 10:10:41.702,216.0,3.6,216.0,0.0,Valid,,,,Diya,Joshi,39,M,59**********,+9************,di******************,Unknown,31-45,2025-07
B1207,7eaf6cc62251837e276f3b2ba719536902af6aa6480014bb7a13b3f383e6f9d7,AI128,2025-06-11 11:37:36.951,PENDING,26A,Air India,BOM,CCU,2026-04-20 06:07:41.702,2026-04-20 10:03:41.702,236.0,3.933333333333333,236.0,0.0,Valid,PAY1191,10823.99,CARD,Ira,Patel,55,M,71**********,+9************,ir*****************,Unknown,46-60,2025-06
B1208,92eb1a7f77b6b0b1587404e822cb87abcada05c31c4923f5f5cb4cc9bdeeff95,SJ052,2025-07-22 11:37:36.951,Unknown,9A,SpiceJet,MAA,BLR,2026-04-20 08:20:41.701,2026-04-20 09:57:41.701,97.0,1.6166666666666667,97.0,0.0,Valid,PAY1706,9105.12,NETBANKING,Vivaan,Mishra,61,M,22**********,+9************,vi***********************,Unknown,60+,2025-07
B1208,92eb1a7f77b6b0b1587404e822cb87abcada05c31c4923f5f5cb4cc9bdeeff95,SJ052,2025-07-22 11:37:36.951,Unknown,9A,SpiceJet,MAA,BLR,2026-04-20 08:20:41.701,2026-04-20 09:57:41.701,97.0,1.6166666666666667,97.0,0.0,Valid,PAY1928,12966.45,CARD,Vivaan,Mishra,61,M,22**********,+9************,vi***********************,Unknown,60+,2025-07
B1209,fe806d818988e5ee16e1ac60627b5143451ad44b0c85d58468127ae1e68255ea,AI233,2025-12-15 11:37:36.951,PENDING,3A,Air India,BLR,BOM,2026-04-20 08:04:41.704,2026-04-20 09:52:41.704,108.0,1.8,108.0,0.0,Valid,PAY1168,10307.2,NETBANKING,Aadhya,Pillai,86,M,51**********,+9************,aa************************,Unknown,60+,2025-12
B1210,f0316f28ef6214df53c678ecde337e63f431b074b6cbf48b8fc4df3a0b16bef7,AI012,2026-01-20 11:37:36.951,PENDING,3C,Air India,BOM,CCU,2026-04-20 05:44:41.701,2026-04-20 09:47:41.701,243.0,4.05,243.0,0.0,Valid,,,,Krishna,Naidu,39,M,65**********,+9************,kr*********************,Unknown,31-45,2026-01
B1211,9c90f9d7d09cf46dbd5bc724a796b3ce1fd1c65d9a531c50bfe36465f539c681,AI084,2025-07-07 11:37:36.951,CONFIRMED,34A,Air India,BOM,HYD,2026-04-20 08:31:41.702,2026-04-20 09:46:41.702,75.0,1.25,75.0,0.0,Valid,,,,Vivaan,Das,61,M,91**********,+9************,vi********************,Unknown,60+,2025-07
B1212,611287edff2d9e602fc6312c5850f6c8c7f4718408f7c4e4adbda51ff8cefd15,6F126,2025-07-08 11:37:36.951,PENDING,34B,IndiGo,CCU,MAA,2026-04-20 08:21:41.702,2026-04-20 09:39:41.702,78.0,1.3,78.0,0.0,Valid,PAY1113,8421.62,NETBANKING,Ira,Kulkarni,55,F,34*********,+9************,ir**********************,Unknown,46-60,2025-07
B1213,d1406331ab9ef39ab2b3392b85933c1dab382970373f5b7ce9dbef3bf9b912b5,SJ061,2025-06-16 11:37:36.951,CONFIRMED,2E,SpiceJet,MAA,BLR,2026-04-20 06:38:41.701,2026-04-20 09:35:41.701,177.0,2.95,177.0,0.0,Valid,,,,Aadhya,Pillai,87,F,44**********,+9************,aa***********************,Unknown,60+,2025-06
B1214,d4b256a73ebbf0e5b9719293cd5872b7a42284f944c914c2bd3b5a53a3ea41fd,UK194,2025-08-14 11:37:36.951,Unknown,23B,Vistara,CCU,BOM,2026-04-20 08:26:41.703,2026-04-20 09:26:42.000,60.00495,1.0000825,60.0,0.004950000000000898,Valid,,,,Aditya,Das,59,F,19**********,+9************,ad******************,Unknown,46-60,2025-08
B1215,7ae8dcbe94a54464daf80d37c16be7d84c37baabdd578d32e2202f1827705d86,AI135,2025-08-08 11:37:36.951,CANCELLED,28C,Air India,BLR,BOM,2026-04-20 06:40:41.702,2026-04-20 09:21:41.702,161.0,2.683333333333333,161.0,0.0,Valid,PAY1216,9065.13,NETBANKING,Aarav,Banerjee,77,M,65**********,+9************,aa***************************,Unknown,60+,2025-08
B1215,7ae8dcbe94a54464daf80d37c16be7d84c37baabdd578d32e2202f1827705d86,AI135,2025-08-08 11:37:36.951,CANCELLED,28C,Air India,BLR,BOM,2026-04-20 06:40:41.702,2026-04-20 09:21:41.702,161.0,2.683333333333333,161.0,0.0,Valid,PAY1228,2886.02,NETBANKING,Aarav,Banerjee,77,M,65**********,+9************,aa***************************,Unknown,60+,2025-08
B1216,29cf2d89c3589449b2bdfaefe119244ad02151ae58570028b87fba3e1219c6bb,6F238,2025-12-09 11:37:36.951,CONFIRMED,10A,IndiGo,BOM,DEL,2026-04-20 08:31:41.704,2026-04-20 09:19:41.704,48.0,0.8,48.0,0.0,Valid,PAY1346,1149.69,CARD,Ishaan,Nair,82,M,60**********,+9************,is********************,Unknown,60+,2025-12
B1216,29cf2d89c3589449b2bdfaefe119244ad02151ae58570028b87fba3e1219c6bb,6F238,2025-12-09 11:37:36.951,CONFIRMED,10A,IndiGo,BOM,DEL,2026-04-20 08:31:41.704,2026-04-20 09:19:41.704,48.0,0.8,48.0,0.0,Valid,PAY1530,12779.83,UPI,Ishaan,Nair,82,M,60**********,+9************,is********************,Unknown,60+,2025-12
B1216,29cf2d89c3589449b2bdfaefe119244ad02151ae58570028b87fba3e1219c6bb,6F238,2025-12-09 11:37:36.951,CONFIRMED,10A,IndiGo,BOM,DEL,2026-04-20 08:31:41.704,2026-04-20 09:19:41.704,48.0,0.8,48.0,0.0,Valid,PAY1878,5236.29,NETBANKING,Ishaan,Nair,82,M,60**********,+9************,is********************,Unknown,60+,2025-12
B1217,08cb2d3a1162156fae3f8de8547a4392bc4947f04eba00d88607c9bff433f76a,6F092,2026-03-19 11:37:36.951,CANCELLED,32C,IndiGo,MAA,BLR,2026-04-20 08:39:41.702,2026-04-20 09:15:41.702,36.0,0.6,36.0,0.0,Valid,,,,Krishna,Banerjee,18,M,17**********,+9************,kr************************,Unknown,Under 18,2026-03
B1218,2a54a8854f5f160840e5f70ad0ffcc10b125a105d49e24f2672c01b0d9d5762d,AI213,2025-11-13 11:37:36.951,PENDING,2D,Air India,HYD,CCU,2026-04-20 08:03:41.703,2026-04-20 09:14:41.703,71.0,1.1833333333333333,71.0,0.0,Valid,,,,Myra,Kulkarni,43,M,48**********,+9************,my***********************,Unknown,31-45,2025-11
B1219,148b9ad00dca1b3d2358919e159c35911bb7a83968adaf8e861d72e83045df0a,UK193,2026-02-15 11:37:36.951,CANCELLED,1B,Vistara,HYD,DEL,2026-04-20 08:39:41.703,2026-04-20 09:14:41.703,35.0,0.5833333333333334,35.0,0.0,Valid,,,,Kavya,Mishra,40,F,23**********,+9************,ka*********************,Unknown,31-45,2026-02
B1220,46c37b0969c071f44e483ad1af7011824bd31169e039a3e20ccbe748eabec60e,6F178,2026-04-04 11:37:36.951,PENDING,29C,IndiGo,BOM,CCU,2026-04-20 04:48:41.703,2026-04-20 09:11:41.703,263.0,4.383333333333334,263.0,0.0,Valid,PAY1172,11075.72,UPI,Muhammad,Joshi,5,M,34**********,+9************,mu****************************,Unknown,Under 18,2026-04
B1221,89fef259b03bd24a0b841cd92ec8accc906ac07ab48804c073e5facfc880bcc5,AI158,2026-03-06 11:37:36.951,CONFIRMED,19D,Air India,CCU,DEL,2026-04-20 06:04:41.703,2026-04-20 09:01:41.703,177.0,2.95,177.0,0.0,Valid,PAY1094,13658.68,UPI,Muhammad,Joshi,9,M,97**********,+9************,mu***************************,Unknown,Under 18,2026-03
B1221,89fef259b03bd24a0b841cd92ec8accc906ac07ab48804c073e5facfc880bcc5,AI158,2026-03-06 11:37:36.951,CONFIRMED,19D,Air India,CCU,DEL,2026-04-20 06:04:41.703,2026-04-20 09:01:41.703,177.0,2.95,177.0,0.0,Valid,PAY1134,5138.43,UPI,Muhammad,Joshi,9,M,97**********,+9************,mu***************************,Unknown,Under 18,2026-03
B1222,1fa22c4b51a16d10c3645a0087accdad2fed9ce11f93fed4665b2a953dcaa50c,UK208,2026-03-30 11:37:36.951,PENDING,8A,Vistara,DEL,CCU,2026-04-20 03:54:41.704,2026-04-20 08:51:41.704,297.0,4.95,297.0,0.0,Valid,,,,Myra,Kulkarni,36,M,97**********,+9************,my***************************,Unknown,31-45,2026-03
B1223,b63f0c822b6e830ae9c355c7894d5c011f41efd0b6667b3a0d2cf9230d8bea10,6F056,2026-04-09 11:37:36.951,Unknown,15A,IndiGo,BOM,MAA,2026-04-20 07:00:41.701,2026-04-20 08:49:41.701,109.0,1.8166666666666667,109.0,0.0,Valid,PAY1159,1794.08,UPI,Reyansh,Verma,79,M,12**********,+9************,re***********************,Unknown,60+,2026-04
B1224,664e6259d692132aaef87baf236f845816865482d3f2a11793222f291385e249,UK185,2025-10-26 11:37:36.951,CONFIRMED,1E,Vistara,DEL,MAA,2026-04-20 07:31:41.703,2026-04-20 08:48:41.703,77.0,1.2833333333333334,77.0,0.0,Valid,,,,Muhammad,Mishra,77,F,27**********,+9************,mu*************************,Unknown,60+,2025-10
B1225,f783d91c35c828950d9d1abbde14b046134cb69597db8e0d62057cc1deb4984d,AI163,2026-01-13 11:37:36.951,PENDING,4D,Air India,HYD,MAA,2026-04-20 07:45:41.703,2026-04-20 08:46:41.703,61.0,1.0166666666666666,61.0,0.0,Valid,PAY1433,,CARD,Ishaan,Kulkarni,71,F,38**********,+9************,is**************************,Unknown,60+,2026-01
B1225,f783d91c35c828950d9d1abbde14b046134cb69597db8e0d62057cc1deb4984d,AI163,2026-01-13 11:37:36.951,PENDING,4D,Air India,HYD,MAA,2026-04-20 07:45:41.703,2026-04-20 08:46:41.703,61.0,1.0166666666666666,61.0,0.0,Valid,PAY1480,3894.65,CARD,Ishaan,Kulkarni,71,F,38**********,+9************,is**************************,Unknown,60+,2026-01
B1226,2bb472f799372f4d0f11780096f1b1c58d98d65d1f611d7d7e881bd650f76a1e,AI112,2025-08-23 11:37:36.951,CONFIRMED,15C,Air India,DEL,BLR,2026-04-20 04:41:41.702,2026-04-20 08:24:41.702,223.0,3.716666666666667,223.0,0.0,Valid,PAY1730,8968.11,NETBANKING,Ananya,Chatterjee,6,M,25**********,+9************,an******************************,Unknown,Under 18,2025-08
B1227,c1a316f03b3ae5a203bbe1db1b8f5b4dbac55098aca918d8902272408387712a,AI227,2025-10-23 11:37:36.951,CANCELLED,12A,Air India,BLR,MAA,2026-04-20 04:31:41.703,2026-04-20 08:17:41.703,226.0,3.7666666666666666,226.0,0.0,Valid,PAY1450,,CARD,Diya,Mehta,8,F,26**********,+9************,di******************,Unknown,Under 18,2025-10
B1228,cbce6411448934040ed7d1dde13cdc5b1476b8c4547803701bcc1ff5d7a66ced,SJ083,2026-04-17 11:37:36.951,CONFIRMED,29D,SpiceJet,MAA,BLR,2026-04-20 05:13:41.702,2026-04-20 08:17:41.702,184.0,3.066666666666667,184.0,0.0,Valid,PAY1859,4629.36,CARD,Anika,Singh,84,M,13**********,+9************,an************************,Unknown,60+,2026-04
B1228,cbce6411448934040ed7d1dde13cdc5b1476b8c4547803701bcc1ff5d7a66ced,SJ083,2026-04-17 11:37:36.951,CONFIRMED,29D,SpiceJet,MAA,BLR,2026-04-20 05:13:41.702,2026-04-20 08:17:41.702,184.0,3.066666666666667,184.0,0.0,Valid,PAY1910,7087.22,UPI,Anika,Singh,84,M,13**********,+9************,an************************,Unknown,60+,2026-04
B1229,a283a09aa25e74844adbaa72805adfee5de273ca179f93f31826cf2ad4dc9551,UK073,2026-02-07 11:37:36.951,CONFIRMED,13F,Vistara,BLR,CCU,2026-04-20 03:59:41.702,2026-04-20 08:09:41.702,250.0,4.166666666666667,250.0,0.0,Valid,,,,Reyansh,Chatterjee,89,F,41**********,+9************,re**************************,Unknown,60+,2026-02
B1230,bb36064338c667e548c378da8265e5e11394f6809ff1b670006daa8d168ad9c1,6F169,2025-04-29 11:37:36.951,PENDING,6C,IndiGo,BOM,DEL,2026-04-20 03:27:41.703,2026-04-20 08:06:41.703,279.0,4.65,279.0,0.0,Valid,PAY1358,4531.77,CARD,Kavya,Iyer,73,F,92**********,+9************,ka*********************,Unknown,60+,2025-04
B1231,9e9cdc2bf4b91e70025e63cc7ea079b158f64e6d9631a7cc43556b9c29593df6,UK154,2026-04-06 11:37:36.951,CANCELLED,27D,Vistara,MAA,HYD,2026-04-20 04:00:41.703,2026-04-20 07:57:41.703,237.0,3.95,237.0,0.0,Valid,PAY1129,6547.3,UPI,Reyansh,Patel,86,F,38**********,+9************,re***********************,Unknown,60+,2026-04
B1231,9e9cdc2bf4b91e70025e63cc7ea079b158f64e6d9631a7cc43556b9c29593df6,UK154,2026-04-06 11:37:36.951,CANCELLED,27D,Vistara,MAA,HYD,2026-04-20 04:00:41.703,2026-04-20 07:57:41.703,237.0,3.95,237.0,0.0,Valid,PAY1175,5009.12,UPI,Reyansh,Patel,86,F,38**********,+9************,re***********************,Unknown,60+,2026-04
B1232,bb36064338c667e548c378da8265e5e11394f6809ff1b670006daa8d168ad9c1,SJ169,2025-10-06 11:37:36.951,CONFIRMED,32F,SpiceJet,BOM,MAA,2026-04-20 03:10:41.703,2026-04-20 07:56:41.703,286.0,4.766666666666667,286.0,0.0,Valid,,,,Kavya,Iyer,73,F,92**********,+9************,ka*********************,Unknown,60+,2025-10
B1233,0f1a22c91d0f0def2cbb84dc522ed90ddfad6898003d78b0e5d4ee1c7c8ac1b6,6F187,2025-05-13 11:37:36.951,CANCELLED,5F,IndiGo,BOM,MAA,2026-04-20 03:19:41.703,2026-04-20 07:37:41.703,258.0,4.3,258.0,0.0,Valid,PAY1325,1617.29,NETBANKING,Krishna,Chatterjee,81,F,30**********,+9************,kr**************************,Unknown,60+,2025-05
B1234,f6b417a876311203b71363b2de9b23777e0a1dae3d73d787849b48272abc719d,UK210,2025-11-21 11:37:36.951,CANCELLED,33A,Vistara,DEL,CCU,2026-04-20 06:35:41.704,2026-04-20 07:30:41.704,55.0,0.9166666666666666,55.0,0.0,Valid,PAY1102,7984.22,CARD,Aditya,Mehta,2,M,33*********,+9************,ad*********************,Unknown,Under 18,2025-11
B1235,7da056615e9de44036a97bc53ef4dae7905297542ca3ba538d600ce7e4d2ac6b,6F250,2025-12-23 11:37:36.951,PENDING,13D,IndiGo,DEL,BLR,2026-04-20 03:26:41.701,2026-04-20 07:30:41.701,244.0,4.066666666666666,244.0,0.0,Valid,PAY1448,,NETBANKING,Kavya,Gupta,11,M,46**********,+9************,ka*******************,Unknown,Under 18,2025-12
B1235,7da056615e9de44036a97bc53ef4dae7905297542ca3ba538d600ce7e4d2ac6b,6F250,2025-12-23 11:37:36.951,PENDING,13D,IndiGo,DEL,BLR,2026-04-20 03:26:41.701,2026-04-20 07:30:41.701,244.0,4.066666666666666,244.0,0.0,Valid,PAY1866,1236.74,CARD,Kavya,Gupta,11,M,46**********,+9************,ka*******************,Unknown,Under 18,2025-12
B1235,7da056615e9de44036a97bc53ef4dae7905297542ca3ba538d600ce7e4d2ac6b,6F250,2025-12-23 11:37:36.951,PENDING,13D,IndiGo,CCU,BLR,2026-04-20 02:23:41.702,2026-04-20 02:56:41.702,33.0,0.55,33.0,0.0,Valid,PAY1448,,NETBANKING,Kavya,Gupta,11,M,46**********,+9************,ka*******************,Unknown,Under 18,2025-12
B1235,7da056615e9de44036a97bc53ef4dae7905297542ca3ba538d600ce7e4d2ac6b,6F250,2025-12-23 11:37:36.951,PENDING,13D,IndiGo,CCU,BLR,2026-04-20 02:23:41.702,2026-04-20 02:56:41.702,33.0,0.55,33.0,0.0,Valid,PAY1866,1236.74,CARD,Kavya,Gupta,11,M,46**********,+9************,ka*******************,Unknown,Under 18,2025-12
B1236,1fa22c4b51a16d10c3645a0087accdad2fed9ce11f93fed4665b2a953dcaa50c,AI062,2025-07-05 11:37:36.951,CONFIRMED,25A,Air India,MAA,DEL,2026-04-20 06:49:41.701,2026-04-20 07:25:41.701,36.0,0.6,36.0,0.0,Valid,,,,Myra,Kulkarni,36,M,97**********,+9************,my***************************,Unknown,31-45,2025-07
B1237,c8825a62bdff38dd0a66384c87a053d4c10cda8640c32505017564104dd13cbd,AI047,2025-11-16 11:37:36.951,Unknown,15B,Air India,CCU,MAA,2026-04-20 06:36:41.701,2026-04-20 07:23:41.701,47.0,0.7833333333333333,47.0,0.0,Valid,,,,Arjun,Gupta,30,M,68**********,+9************,ar*******************,Unknown,18-30,2025-11
B1238,05eea77c075ff7329e9eb383df908cc03d91db1aad14d9e93f0e534a08c2d972,SJ186,2025-10-20 11:37:36.951,Unknown,8E,SpiceJet,CCU,DEL,2026-04-20 05:11:41.703,2026-04-20 07:22:41.703,131.0,2.183333333333333,131.0,0.0,Valid,PAY1324,3231.46,UPI,Aarav,Joshi,17,F,20**********,+9************,aa*********************,Unknown,Under 18,2025-10
B1239,022b671b6c1a787f8e18f8f36dbe7fcbf50142158932d527006569dbebe96b3d,AI217,2025-11-17 11:37:36.951,CANCELLED,30A,Air India,CCU,BLR,2026-04-20 04:57:41.703,2026-04-20 07:14:41.703,137.0,2.283333333333333,137.0,0.0,Valid,PAY1208,8821.9,UPI,Saanvi,Sharma,32,F,39**********,+9************,sa***********************,Unknown,31-45,2025-11
B1240,5c67efc01eb595f27aba409d16d77d677572da560aa9687a3dd588f0763782dd,UK100,2025-12-31 11:37:36.951,CONFIRMED,17A,Vistara,CCU,BLR,2026-04-20 04:40:41.702,2026-04-20 07:12:41.702,152.0,2.533333333333333,152.0,0.0,Valid,PAY1406,12241.53,UPI,Ananya,Verma,23,M,16**********,+9************,an**********************,Unknown,18-30,2025-12
B1241,af73e26b43f653fd66c79ebf74dc6440a04dc060b0b4fadc2ff2726a16a2c325,UK116,2025-12-16 11:37:36.951,CONFIRMED,10A,Vistara,CCU,BOM,2026-04-20 03:18:41.702,2026-04-20 07:06:41.702,228.0,3.8,228.0,0.0,Valid,PAY1838,,NETBANKING,Anika,Iyer,80,F,73**********,+9************,an********************,Unknown,60+,2025-12
B1242,266db57c2806a8daee3f67f58f72ab92b2bb26f1e5e7a9fa54cf59737e06378c,6F036,2025-12-01 11:37:36.951,CANCELLED,26C,IndiGo,CCU,BLR,2026-04-20 02:14:41.701,2026-04-20 06:57:41.701,283.0,4.716666666666667,283.0,0.0,Valid,,,,Myra,Iyer,70,F,91**********,+9************,my**********************,Unknown,60+,2025-12
B1243,ae639e6b01fba028430948040d9b7b6aeef60a3c8e6d60187ee09508d3f8410f,AI175,2026-01-22 11:37:36.951,CANCELLED,29E,Air India,BOM,HYD,2026-04-20 03:08:41.703,2026-04-20 06:55:41.703,227.0,3.783333333333333,227.0,0.0,Valid,,,,Aditya,Singh,8,M,36**********,+9************,ad********************,Unknown,Under 18,2026-01
B1244,7ae0a3e744a2bd37750d3b84ed95f70b570eb5c4367f6454611d81e778484d33,UK051,2025-08-18 11:37:36.951,CONFIRMED,27D,Vistara,HYD,DEL,2026-04-20 03:55:41.701,2026-04-20 06:55:41.701,180.0,3.0,180.0,0.0,Valid,PAY1248,4953.56,CARD,Anika,Sharma,22,F,53**********,+9************,an**********************,Unknown,18-30,2025-08
B1245,ddb723773923fb83eddc5684a1b82d5841819a41e1397eb83c585f4829b3e5f6,6F201,2026-04-17 11:37:36.951,Unknown,26A,IndiGo,CCU,BOM,2026-04-20 02:09:41.703,2026-04-20 06:49:41.703,280.0,4.666666666666667,280.0,0.0,Valid,PAY1639,3162.91,CARD,Aarav,Agarwal,15,F,87**********,+9************,aa*********************,Unknown,Under 18,2026-04
B1246,7f7a4a05ac7584dc445b403e3f3476be43426f7f0889117eb963af5f8bb1d4c5,6F230,2026-04-09 11:37:36.951,CONFIRMED,33B,IndiGo,CCU,BLR,2026-04-20 03:34:41.704,2026-04-20 06:47:41.704,193.0,3.216666666666667,193.0,0.0,Valid,PAY1784,11516.06,CARD,Kavya,Khan,28,F,39**********,+9************,ka********************,Unknown,18-30,2026-04
B1247,081a2b17323ae201cb16fa33d3c2494e3cc3d447b9114a9680b391d9d76c6b25,SJ138,2025-08-13 11:37:36.951,CANCELLED,15F,SpiceJet,BLR,BOM,2026-04-20 05:55:41.702,2026-04-20 06:43:41.702,48.0,0.8,48.0,0.0,Valid,PAY1953,7658.69,CARD,Aarav,Mehta,86,F,54**********,+9************,aa*********************,Unknown,60+,2025-08
B1248,bfbd09d804a4325c66b9ca8d063a804f83a8267bfe9f0ec618ca9ab999247225,AI246,2026-03-04 11:37:36.951,PENDING,16B,Air India,BOM,BLR,2026-04-20 03:22:41.704,2026-04-20 06:41:41.704,199.0,3.316666666666667,199.0,0.0,Valid,,,,Aarav,Verma,33,M,13**********,+9************,aa*********************,Unknown,31-45,2026-03
B1249,255778825079acb5b763b6559c5fc45e24e91da572163fe53460a36801cb563a,6F179,2025-06-06 11:37:36.951,CANCELLED,26B,IndiGo,HYD,MAA,2026-04-20 02:25:41.703,2026-04-20 06:40:41.703,255.0,4.25,255.0,0.0,Valid,PAY1320,1969.22,UPI,Shaurya,Agarwal,52,M,94**********,+9************,sh*****************************,Unknown,46-60,2025-06
B1249,255778825079acb5b763b6559c5fc45e24e91da572163fe53460a36801cb563a,6F179,2025-06-06 11:37:36.951,CANCELLED,26B,IndiGo,HYD,MAA,2026-04-20 02:25:41.703,2026-04-20 06:40:41.703,255.0,4.25,255.0,0.0,Valid,PAY1494,3055.22,NETBANKING,Shaurya,Agarwal,52,M,94**********,+9************,sh*****************************,Unknown,46-60,2025-06
B1250,c778c14fe604ebd8110269e845512adeb743b9756d3c57402cb17a108a3de500,6F031,2026-01-28 11:37:36.951,CANCELLED,16F,IndiGo,BOM,BLR,2026-04-20 02:00:41.701,2026-04-20 06:37:41.701,277.0,4.616666666666666,277.0,0.0,Valid,PAY1758,6497.92,NETBANKING,Sara,Naidu,3,M,57**********,+9************,sa******************,Unknown,Under 18,2026-01
B1251,075f6dd5d6befe2ed58ab07f2ce22efa55b8c935c798f1589f004e1576553551,UK015,2025-08-30 11:37:36.951,PENDING,29A,Vistara,BLR,BOM,2026-04-20 04:46:41.701,2026-04-20 06:33:41.701,107.0,1.7833333333333334,107.0,0.0,Valid,PAY1521,6952.65,UPI,Ishaan,Gupta,68,F,77**********,+9************,is***********************,Unknown,60+,2025-08
B1252,37b790ac45eacb4d66f50b7c5f6adfbbd850f1ef459633d46e1335583be1bff6,UK001,2025-04-21 11:37:36.951,CANCELLED,27C,Vistara,CCU,DEL,2026-04-20 05:06:41.700,2026-04-20 06:31:41.700,85.0,1.4166666666666667,85.0,0.0,Valid,PAY1805,1480.08,CARD,Reyansh,Das,58,M,97**********,+9************,re**********************,Unknown,46-60,2025-04
B1253,925ec241dafb2b93be2f3e97032bfe0e5cb88bd62b489c564a2851b26066b331,6F133,2026-02-27 11:37:36.951,CANCELLED,15E,IndiGo,MAA,BLR,2026-04-20 04:38:41.702,2026-04-20 06:25:41.702,107.0,1.7833333333333334,107.0,0.0,Valid,PAY1266,2152.89,NETBANKING,Arjun,Iyer,33,M,40**********,+9************,ar********************,Unknown,31-45,2026-02
B1253,925ec241dafb2b93be2f3e97032bfe0e5cb88bd62b489c564a2851b26066b331,6F133,2026-02-27 11:37:36.951,CANCELLED,15E,IndiGo,MAA,BLR,2026-04-20 04:38:41.702,2026-04-20 06:25:41.702,107.0,1.7833333333333334,107.0,0.0,Valid,PAY1439,14029.28,NETBANKING,Arjun,Iyer,33,M,40**********,+9************,ar********************,Unknown,31-45,2026-02
B1254,b3b2bddc4a1da01906c583ec44330f267849113c6afe3d26e04eafb43be7bbba,6F143,2025-07-22 11:37:36.951,CANCELLED,5D,IndiGo,CCU,DEL,2026-04-20 02:09:41.702,2026-04-20 06:08:41.702,239.0,3.9833333333333334,239.0,0.0,Valid,PAY1721,,UPI,Myra,Mehta,89,F,86**********,+9************,my******************,Unknown,60+,2025-07
B1255,10d6d6ecb2a19a228670bab3cf934566fd9976ff05b8628d509958a3af826188,UK165,2025-09-22 11:37:36.951,CANCELLED,23F,Vistara,DEL,BLR,2026-04-20 01:51:41.703,2026-04-20 06:04:41.703,253.0,4.216666666666667,253.0,0.0,Valid,PAY1160,1412.67,CARD,Muhammad,Singh,63,F,48**********,+9************,mu**********************,Unknown,60+,2025-09
B1256,93847cd98056474b065afd1edea5da9e9bba3a8cf5497abeb29724dee06524e0,6F083,2025-08-10 11:37:36.951,CANCELLED,22B,IndiGo,BLR,DEL,2026-04-20 05:24:41.702,2026-04-20 06:03:41.702,39.0,0.65,39.0,0.0,Valid,PAY1105,2040.64,NETBANKING,Shaurya,Patel,80,M,93**********,+9************,sh*********************,Unknown,60+,2025-08
B1257,af515aa38deed73c0e79390494936b3c5062c3d6fb1d4125a6878ac6ff9c7c14,AI082,2025-08-19 11:37:36.951,CANCELLED,11C,Air India,DEL,CCU,2026-04-20 03:19:41.702,2026-04-20 06:01:41.702,162.0,2.7,162.0,0.0,Valid,PAY1390,13028.65,NETBANKING,Ananya,Pillai,44,M,64**********,+9************,an***********************,Unknown,31-45,2025-08
B1258,10001017dbdb645c950f1db621963558fa08bb4cf1469e76b4524f9d0b3bb48c,AI164,2025-10-28 11:37:36.951,CANCELLED,21F,Air India,DEL,BLR,2026-04-20 03:57:41.703,2026-04-20 05:45:41.703,108.0,1.8,108.0,0.0,Valid,,,,Aditya,Mehta,89,F,17**********,+9************,ad*************************,Unknown,60+,2025-10
B1259,b884baa483ed63465490a927aac29ed841e361a66c5a8011fbe8724504c76d4c,SJ155,2026-01-19 11:37:36.951,CANCELLED,31F,SpiceJet,DEL,CCU,2026-04-20 00:38:41.702,2026-04-20 05:38:41.702,300.0,5.0,300.0,0.0,Valid,PAY1348,12805.67,CARD,Kavya,Reddy,23,M,84**********,+9************,ka**********************,Unknown,18-30,2026-01
B1260,2160872f2e614a13bff2e81412b0948c5fdc0e77ddbb5981e2fc4ff99c926561,AI189,2026-01-04 11:37:36.951,CANCELLED,1D,Air India,CCU,DEL,2026-04-20 03:44:41.703,2026-04-20 05:32:41.703,108.0,1.8,108.0,0.0,Valid,PAY1126,9458.88,NETBANKING,Sai,Banerjee,54,M,85**********,+9************,sa********************,Unknown,46-60,2026-01
B1260,2160872f2e614a13bff2e81412b0948c5fdc0e77ddbb5981e2fc4ff99c926561,AI189,2026-01-04 11:37:36.951,CANCELLED,1D,Air India,CCU,DEL,2026-04-20 03:44:41.703,2026-04-20 05:32:41.703,108.0,1.8,108.0,0.0,Valid,PAY1153,2117.99,NETBANKING,Sai,Banerjee,54,M,85**********,+9************,sa********************,Unknown,46-60,2026-01
B1260,2160872f2e614a13bff2e81412b0948c5fdc0e77ddbb5981e2fc4ff99c926561,AI189,2026-01-04 11:37:36.951,CANCELLED,1D,Air India,CCU,DEL,2026-04-20 03:44:41.703,2026-04-20 05:32:41.703,108.0,1.8,108.0,0.0,Valid,PAY1877,4716.99,NETBANKING,Sai,Banerjee,54,M,85**********,+9************,sa********************,Unknown,46-60,2026-01
B1261,a2e1a6df1b20d75758869362fdcd51f72b40da14a5f7f80910562c4e736e9993,SJ057,2025-12-21 11:37:36.951,CONFIRMED,34A,SpiceJet,BOM,CCU,2026-04-20 02:17:41.701,2026-04-20 05:29:41.701,192.0,3.2,192.0,0.0,Valid,,,,Muhammad,Patel,46,F,45**********,+9************,mu**********************,Unknown,46-60,2025-12
B1262,2b4d0c8fdf599c052b4fd074e6545ad56cfab92217400417ac526e1780373df0,SJ198,2025-05-07 11:37:36.951,CONFIRMED,16F,SpiceJet,CCU,BOM,2026-04-20 00:47:41.703,2026-04-20 05:28:41.703,281.0,4.683333333333334,281.0,0.0,Valid,PAY1475,3896.83,UPI,Anika,Patel,25,F,50**********,+9************,an*******************,Unknown,18-30,2025-05
B1262,2b4d0c8fdf599c052b4fd074e6545ad56cfab92217400417ac526e1780373df0,SJ198,2025-05-07 11:37:36.951,CONFIRMED,16F,SpiceJet,CCU,BOM,2026-04-20 00:47:41.703,2026-04-20 05:28:41.703,281.0,4.683333333333334,281.0,0.0,Valid,PAY1622,6722.37,UPI,Anika,Patel,25,F,50**********,+9************,an*******************,Unknown,18-30,2025-05
B1263,29b50a0cf1005354bee43ac4169f609fce2718c926a49545f42418af74a1306a,6F122,2026-01-03 11:37:36.951,CANCELLED,6C,IndiGo,DEL,BLR,2026-04-20 01:44:41.702,2026-04-20 05:28:41.702,224.0,3.7333333333333334,224.0,0.0,Valid,PAY1648,1483.05,NETBANKING,Arjun,Agarwal,12,M,96**********,+9************,ar**************************,Unknown,Under 18,2026-01
B1263,29b50a0cf1005354bee43ac4169f609fce2718c926a49545f42418af74a1306a,6F122,2026-01-03 11:37:36.951,CANCELLED,6C,IndiGo,DEL,BLR,2026-04-20 01:44:41.702,2026-04-20 05:28:41.702,224.0,3.7333333333333334,224.0,0.0,Valid,PAY1665,10997.85,UPI,Arjun,Agarwal,12,M,96**********,+9************,ar**************************,Unknown,Under 18,2026-01
B1264,20e09fcd1bcdf6adcace35266b8c3d44d1b16ac792d199846a07ecfb1f4d5dd1,SJ097,2026-04-15 11:37:36.951,CONFIRMED,12A,SpiceJet,BOM,CCU,2026-04-20 02:37:41.702,2026-04-20 05:27:41.702,170.0,2.8333333333333335,170.0,0.0,Valid,PAY1277,3936.86,NETBANKING,Sai,Chatterjee,69,F,55**********,+9************,sa************************,Unknown,60+,2026-04
B1264,20e09fcd1bcdf6adcace35266b8c3d44d1b16ac792d199846a07ecfb1f4d5dd1,SJ097,2026-04-15 11:37:36.951,CONFIRMED,12A,SpiceJet,BOM,CCU,2026-04-20 02:37:41.702,2026-04-20 05:27:41.702,170.0,2.8333333333333335,170.0,0.0,Valid,PAY1655,4662.75,UPI,Sai,Chatterjee,69,F,55**********,+9************,sa************************,Unknown,60+,2026-04
B1265,b24576ecd2ed6403ddcd31b778d1bbb7344f6a124efad807c9397688faa70322,UK203,2025-08-06 11:37:36.951,PENDING,28F,Vistara,BLR,HYD,2026-04-20 04:12:41.703,2026-04-20 05:24:41.703,72.0,1.2,72.0,0.0,Valid,,,,Shaurya,Agarwal,12,M,34**********,+9************,sh***********************,Unknown,Under 18,2025-08
B1266,ae811a447c699265d2570253c132d8615b7113c7660a8c6187d1dbb621a8f169,UK093,2026-01-16 11:37:36.951,CONFIRMED,27F,Vistara,HYD,CCU,2026-04-20 04:31:41.702,2026-04-20 05:21:41.702,50.0,0.8333333333333334,50.0,0.0,Valid,PAY1815,14431.32,UPI,Arjun,Verma,18,F,20**********,+9************,ar********************,Unknown,Under 18,2026-01
B1267,8249f45e7acc37f4632d0a259fbec44a4ed875f9ba9f655e0c57b224d001a1f9,AI205,2025-05-21 11:37:36.951,CANCELLED,32A,Air India,BLR,BOM,2026-04-20 03:26:41.703,2026-04-20 05:14:41.703,108.0,1.8,108.0,0.0,Valid,PAY1718,2158.29,CARD,Vivaan,Agarwal,71,F,70**********,+9************,vi************************,Unknown,60+,2025-05
B1267,8249f45e7acc37f4632d0a259fbec44a4ed875f9ba9f655e0c57b224d001a1f9,AI205,2025-05-21 11:37:36.951,CANCELLED,32A,Air India,BLR,BOM,2026-04-20 03:26:41.703,2026-04-20 05:14:41.703,108.0,1.8,108.0,0.0,Valid,PAY1787,14150.69,UPI,Vivaan,Agarwal,71,F,70**********,+9************,vi************************,Unknown,60+,2025-05
B1268,ae37fa4a6e4efefde12bd52af53066456a5c1b5a8b5ad036317a0dc0218e0db1,AI102,2026-01-16 11:37:36.951,Unknown,12A,Air India,CCU,BLR,2026-04-20 00:17:41.702,2026-04-20 05:08:41.702,291.0,4.85,291.0,0.0,Valid,PAY1595,13289.27,CARD,Sai,Kulkarni,8,F,39**********,+9************,sa********************,Unknown,Under 18,2026-01
B1269,79d3e921288b3e1edc7d0293236688e782d509d35365d799481a628bbf783ecb,6F046,2025-09-06 11:37:36.951,CONFIRMED,4C,IndiGo,DEL,BLR,2026-04-20 01:27:41.701,2026-04-20 05:08:41.701,221.0,3.683333333333333,221.0,0.0,Valid,PAY1130,6692.76,UPI,Kavya,Pillai,75,M,51**********,+9************,ka********************,Unknown,60+,2025-09
B1269,79d3e921288b3e1edc7d0293236688e782d509d35365d799481a628bbf783ecb,6F046,2025-09-06 11:37:36.951,CONFIRMED,4C,IndiGo,DEL,BLR,2026-04-20 01:27:41.701,2026-04-20 05:08:41.701,221.0,3.683333333333333,221.0,0.0,Valid,PAY1394,14606.94,CARD,Kavya,Pillai,75,M,51**********,+9************,ka********************,Unknown,60+,2025-09
B1270,dc3fb38aab9df1c81e21b57b1e36fec002153e68c6f7feff5b8aab07689146ee,SJ017,2025-06-02 11:37:36.951,Unknown,22E,SpiceJet,DEL,MAA,2026-04-20 02:57:41.701,2026-04-20 05:00:41.701,123.0,2.05,123.0,0.0,Valid,,,,Ishaan,Singh,40,F,19**********,+9************,is**********************,Unknown,31-45,2025-06
B1271,afd81ec419f86cb4489130cd42d84f23b6fba17ab902661d11149968be4e16da,6F156,2025-10-20 11:37:36.951,PENDING,28B,IndiGo,MAA,BOM,2026-04-20 02:23:41.703,2026-04-20 04:57:41.703,154.0,2.566666666666667,154.0,0.0,Valid,PAY1416,12211.33,NETBANKING,Riya,Sharma,27,M,29**********,+9************,ri*******************,Unknown,18-30,2025-10
B1272,323969a7963eafc6513bc14886c789e73bb1919adde854ed931330089747a1aa,AI068,2025-07-18 11:37:36.951,PENDING,19A,Air India,BOM,BLR,2026-04-20 02:48:41.702,2026-04-20 04:48:42.000,120.00496666666666,2.0000827777777777,120.0,0.004966666666661013,Valid,PAY1155,7902.41,UPI,Aadhya,Mishra,59,F,46**********,+9************,aa*********************,Unknown,46-60,2025-07
B1272,323969a7963eafc6513bc14886c789e73bb1919adde854ed931330089747a1aa,AI068,2025-07-18 11:37:36.951,PENDING,19A,Air India,BOM,BLR,2026-04-20 02:48:41.702,2026-04-20 04:48:42.000,120.00496666666666,2.0000827777777777,120.0,0.004966666666661013,Valid,PAY1546,12486.95,UPI,Aadhya,Mishra,59,F,46**********,+9************,aa*********************,Unknown,46-60,2025-07
B1272,323969a7963eafc6513bc14886c789e73bb1919adde854ed931330089747a1aa,AI068,2025-07-18 11:37:36.951,PENDING,19A,Air India,BOM,BLR,2026-04-20 02:48:41.702,2026-04-20 04:48:42.000,120.00496666666666,2.0000827777777777,120.0,0.004966666666661013,Valid,PAY1890,,UPI,Aadhya,Mishra,59,F,46**********,+9************,aa*********************,Unknown,46-60,2025-07
B1272,323969a7963eafc6513bc14886c789e73bb1919adde854ed931330089747a1aa,AI068,2025-07-18 11:37:36.951,PENDING,19A,Air India,BOM,BLR,2026-04-20 02:48:41.702,2026-04-20 04:48:42.000,120.00496666666666,2.0000827777777777,120.0,0.004966666666661013,Valid,PAY1909,10043.5,CARD,Aadhya,Mishra,59,F,46**********,+9************,aa*********************,Unknown,46-60,2025-07
B1273,cd605f21ec12328c2775cc58f3d9ef27effc5e4776b6019e85bf0321e43c9109,AI150,2025-06-05 11:37:36.951,Unknown,28B,Air India,BOM,DEL,2026-04-20 03:51:41.703,2026-04-20 04:38:41.703,47.0,0.7833333333333333,47.0,0.0,Valid,PAY1238,5268.31,UPI,Aadhya,Mehta,75,F,26**********,+9************,aa*********************,Unknown,60+,2025-06
B1273,cd605f21ec12328c2775cc58f3d9ef27effc5e4776b6019e85bf0321e43c9109,AI150,2025-06-05 11:37:36.951,Unknown,28B,Air India,BOM,DEL,2026-04-20 03:51:41.703,2026-04-20 04:38:41.703,47.0,0.7833333333333333,47.0,0.0,Valid,PAY1651,3873.81,CARD,Aadhya,Mehta,75,F,26**********,+9************,aa*********************,Unknown,60+,2025-06
B1274,c30107be7574bf2559c6d6fd9791e99507b3c0ae8cae21d031b4e65c787a4c13,UK008,2025-10-15 11:37:36.951,PENDING,20D,Vistara,CCU,BLR,2026-04-20 03:57:41.701,2026-04-20 04:34:41.701,37.0,0.6166666666666667,37.0,0.0,Valid,PAY1887,8582.34,NETBANKING,Anika,Pillai,41,F,85**********,+9************,an*************************,Unknown,31-45,2025-10
B1275,533f7e3d8910c50b0ec45a1afeb1f7bcf0e73ca069bc544d57a8078864b2d685,6F166,2025-07-11 11:37:36.951,PENDING,18F,IndiGo,BOM,CCU,2026-04-20 00:03:41.703,2026-04-20 04:33:41.703,270.0,4.5,270.0,0.0,Valid,,,,Reyansh,Verma,1,M,14**********,+9************,re**********************,Unknown,Under 18,2025-07
B1276,b80f0792f54b48b735169ad48fab43e1494809354d2a41baabde61a641586c52,6F177,2025-07-15 11:37:36.951,CONFIRMED,1A,IndiGo,HYD,MAA,2026-04-20 02:03:41.703,2026-04-20 04:25:41.703,142.0,2.3666666666666667,142.0,0.0,Valid,PAY1747,9396.07,UPI,Reyansh,Agarwal,44,F,29**********,+9************,re*************************,Unknown,31-45,2025-07
B1277,51a7fa0dd59bfd6da269989ac286fec3b22d87ca00fea3eddf735ee72d2aa6ea,AI196,2026-01-19 11:37:36.951,PENDING,12E,Air India,MAA,HYD,2026-04-20 02:52:41.703,2026-04-20 04:25:41.703,93.0,1.55,93.0,0.0,Valid,,,,Saanvi,Naidu,51,F,67*********,+9************,sa********************,Unknown,46-60,2026-01
B1278,6ca38ffc450ae62263f740a07c50384cf41b8e1fbbdbb5702cfbe6ba296c293e,SJ191,2025-08-09 11:37:36.951,CONFIRMED,5B,SpiceJet,BLR,BOM,2026-04-20 03:01:41.703,2026-04-20 04:23:41.703,82.0,1.3666666666666667,82.0,0.0,Valid,,,,Muhammad,Chatterjee,58,M,71**********,+9************,mu******************************,Unknown,46-60,2025-08
B1279,d5169308ce3fd20e529e3b94cc846e5723dbadb54b0c69af7ceb2713f60c1692,6F019,2025-05-10 11:37:36.951,Unknown,28C,IndiGo,BLR,BOM,2026-04-20 00:19:41.701,2026-04-20 04:14:41.701,235.0,3.9166666666666665,235.0,0.0,Valid,PAY1473,5467.05,UPI,Muhammad,Das,36,F,43**********,+9************,mu**********************,Unknown,31-45,2025-05
B1280,ab64cb415612e62b2e83997f579ce67fe17cc0a0720320eefb864759ac62606c,AI226,2026-04-12 11:37:36.951,CONFIRMED,33B,Air India,BLR,HYD,2026-04-20 01:19:41.703,2026-04-20 04:08:41.703,169.0,2.816666666666667,169.0,0.0,Valid,,,,Anika,Agarwal,10,M,52**********,+9************,an*********************,Unknown,Under 18,2026-04
B1281,ed8e122bd68a569887c16b079ba6288e80df60b41575461820db1a931bbd1a3f,SJ207,2026-01-21 11:37:36.951,CANCELLED,4A,SpiceJet,DEL,CCU,2026-04-20 00:52:41.703,2026-04-20 04:05:41.703,193.0,3.216666666666667,193.0,0.0,Valid,PAY1388,4413.8,CARD,Reyansh,Mehta,28,M,50**********,+9************,re***********************,Unknown,18-30,2026-01
B1282,c9ed8557564494bbe7442b4bc16c6e43b59a5a4be7ceae2c1c2e95f875aa2c21,AI009,2025-12-30 11:37:36.951,CANCELLED,8B,Air India,DEL,CCU,2026-04-20 01:31:41.701,2026-04-20 04:05:41.701,154.0,2.566666666666667,154.0,0.0,Valid,,,,Myra,Iyer,32,M,48**********,+9************,my*****************,Unknown,31-45,2025-12
B1283,19298fd58334c2576e49a117e7714d5a8dc0fc9a1b9e879f7f8eb13fcb898319,AI103,2025-05-08 11:37:36.951,Unknown,29D,Air India,BLR,BOM,2026-04-20 03:26:41.702,2026-04-20 04:04:41.702,38.0,0.6333333333333333,38.0,0.0,Valid,PAY1080,1369.37,NETBANKING,Sara,Chatterjee,44,M,20**********,+9************,sa***********************,Unknown,31-45,2025-05
B1283,19298fd58334c2576e49a117e7714d5a8dc0fc9a1b9e879f7f8eb13fcb898319,AI103,2025-05-08 11:37:36.951,Unknown,29D,Air India,BLR,BOM,2026-04-20 03:26:41.702,2026-04-20 04:04:41.702,38.0,0.6333333333333333,38.0,0.0,Valid,PAY1948,7236.69,CARD,Sara,Chatterjee,44,M,20**********,+9************,sa***********************,Unknown,31-45,2025-05
B1284,b11b2b07b8e9e629cac2cb3d8bddbfd980fb7ce7e8423952eca200faf0729060,SJ127,2026-02-22 11:37:36.951,CANCELLED,25F,SpiceJet,BOM,DEL,2026-04-20 01:21:41.702,2026-04-20 03:58:41.702,157.0,2.6166666666666667,157.0,0.0,Valid,PAY1383,4189.8,UPI,Reyansh,Pillai,37,M,85**********,+9************,re*************************,Unknown,31-45,2026-02
B1284,b11b2b07b8e9e629cac2cb3d8bddbfd980fb7ce7e8423952eca200faf0729060,SJ127,2026-02-22 11:37:36.951,CANCELLED,25F,SpiceJet,BOM,DEL,2026-04-20 01:21:41.702,2026-04-20 03:58:41.702,157.0,2.6166666666666667,157.0,0.0,Valid,PAY1840,8516.93,CARD,Reyansh,Pillai,37,M,85**********,+9************,re*************************,Unknown,31-45,2026-02
B1285,2fa8ad9bc1180c9e7016de60dbd6a76bd214ce8b72b8ae6637e164c4dfeba8e0,UK188,2026-03-26 11:37:36.951,CANCELLED,25B,Vistara,MAA,BLR,2026-04-20 02:55:41.703,2026-04-20 03:44:41.703,49.0,0.8166666666666667,49.0,0.0,Valid,PAY1021,1207.32,NETBANKING,Kavya,Ghosh,78,M,60**********,+9************,ka************************,Unknown,60+,2026-03
B1286,3637cf9c2a0f3c442d1fc9871e196e275b5092307c15aaa343430617f1846df4,6F010,2025-09-25 11:37:36.951,Unknown,33B,IndiGo,DEL,BLR,2026-04-19 23:53:41.701,2026-04-20 03:44:41.701,231.0,3.85,231.0,0.0,Valid,,,,Diya,Reddy,82,F,63**********,+9************,di********************,Unknown,60+,2025-09
B1287,c2f61e9be3d5b855846c5c362bdd35e8d1441dfab903d122b461088e3a36830d,SJ098,2025-12-13 11:37:36.951,CANCELLED,5F,SpiceJet,HYD,MAA,2026-04-20 03:02:41.702,2026-04-20 03:37:41.702,35.0,0.5833333333333334,35.0,0.0,Valid,PAY1224,14610.33,CARD,Reyansh,Chatterjee,57,M,28**********,+9************,re***************************,Unknown,46-60,2025-12
B1287,c2f61e9be3d5b855846c5c362bdd35e8d1441dfab903d122b461088e3a36830d,SJ098,2025-12-13 11:37:36.951,CANCELLED,5F,SpiceJet,HYD,MAA,2026-04-20 03:02:41.702,2026-04-20 03:37:41.702,35.0,0.5833333333333334,35.0,0.0,Valid,PAY1989,7693.36,CARD,Reyansh,Chatterjee,57,M,28**********,+9************,re***************************,Unknown,46-60,2025-12
B1288,9891e403b0f09d3ef6bb6a150444d7aed41685e904c6f0657120ac5fec5ca431,6F058,2025-12-11 11:37:36.951,PENDING,18C,IndiGo,BOM,CCU,2026-04-20 01:04:41.701,2026-04-20 03:33:41.701,149.0,2.4833333333333334,149.0,0.0,Valid,PAY1200,1114.05,CARD,Riya,Gupta,10,M,99**********,+9************,ri*******************,Unknown,Under 18,2025-12
B1288,9891e403b0f09d3ef6bb6a150444d7aed41685e904c6f0657120ac5fec5ca431,6F058,2025-12-11 11:37:36.951,PENDING,18C,IndiGo,BOM,CCU,2026-04-20 01:04:41.701,2026-04-20 03:33:41.701,149.0,2.4833333333333334,149.0,0.0,Valid,PAY1200,1114.05,CARD,RiyaGupta,Unknown,10,M,55**********,+9************,ri**********************,Unknown,Under 18,2025-12
B1288,9891e403b0f09d3ef6bb6a150444d7aed41685e904c6f0657120ac5fec5ca431,6F058,2025-12-11 11:37:36.951,PENDING,18C,IndiGo,BOM,CCU,2026-04-20 01:04:41.701,2026-04-20 03:33:41.701,149.0,2.4833333333333334,149.0,0.0,Valid,PAY1517,8140.84,NETBANKING,Riya,Gupta,10,M,99**********,+9************,ri*******************,Unknown,Under 18,2025-12
B1288,9891e403b0f09d3ef6bb6a150444d7aed41685e904c6f0657120ac5fec5ca431,6F058,2025-12-11 11:37:36.951,PENDING,18C,IndiGo,BOM,CCU,2026-04-20 01:04:41.701,2026-04-20 03:33:41.701,149.0,2.4833333333333334,149.0,0.0,Valid,PAY1517,8140.84,NETBANKING,RiyaGupta,Unknown,10,M,55**********,+9************,ri**********************,Unknown,Under 18,2025-12
B1289,11e7405e976ffe2fd78666cff7c08b5698c1ab4dc4b8917abe86e0e24ee45002,SJ030,2026-03-23 11:37:36.951,PENDING,24F,SpiceJet,DEL,HYD,2026-04-20 02:36:41.701,2026-04-20 03:19:41.701,43.0,0.7166666666666667,43.0,0.0,Valid,PAY1705,,UPI,Ishaan,Banerjee,62,M,25**********,+9************,is**************************,Unknown,60+,2026-03
B1289,11e7405e976ffe2fd78666cff7c08b5698c1ab4dc4b8917abe86e0e24ee45002,SJ030,2026-03-23 11:37:36.951,PENDING,24F,SpiceJet,DEL,HYD,2026-04-20 02:36:41.701,2026-04-20 03:19:41.701,43.0,0.7166666666666667,43.0,0.0,Valid,PAY1716,12016.99,NETBANKING,Ishaan,Banerjee,62,M,25**********,+9************,is**************************,Unknown,60+,2026-03
B1290,afbe1d334c79478b8e5626b3ba334e5e23163f59e7cf271ac0ca60d0fef851fb,UK175,2025-07-26 11:37:36.951,CANCELLED,16F,Vistara,BLR,BOM,2026-04-19 23:56:41.703,2026-04-20 03:18:41.703,202.0,3.3666666666666667,202.0,0.0,Valid,PAY1994,13471.57,UPI,Kavya,Mehta,20,F,57**********,+9************,ka*******************,Unknown,18-30,2025-07
B1291,4f298002003d87c1d612ccc5bd08710bf4a0e8820b936ee256fe2747d11f2c86,SJ108,2026-04-01 11:37:36.951,PENDING,28E,SpiceJet,BLR,HYD,2026-04-20 00:40:41.702,2026-04-20 03:16:41.702,156.0,2.6,156.0,0.0,Valid,PAY1013,4129.39,NETBANKING,Shaurya,Ghosh,1,F,40**********,+9************,sh*********************,Unknown,Under 18,2026-04
B1292,066e3f7ad551ebc85b6358a7f4ce340b5ef470aec1821bdc38353d6f5fa81165,6F075,2025-08-03 11:37:36.951,CONFIRMED,7C,IndiGo,BOM,CCU,2026-04-19 22:20:41.702,2026-04-20 03:02:41.702,282.0,4.7,282.0,0.0,Valid,PAY1414,13787.78,NETBANKING,Riya,Patel,34,F,83**********,+9************,ri********************,Unknown,31-45,2025-08
B1292,066e3f7ad551ebc85b6358a7f4ce340b5ef470aec1821bdc38353d6f5fa81165,6F075,2025-08-03 11:37:36.951,CONFIRMED,7C,IndiGo,BOM,CCU,2026-04-19 22:20:41.702,2026-04-20 03:02:41.702,282.0,4.7,282.0,0.0,Valid,PAY1477,8321.74,UPI,Riya,Patel,34,F,83**********,+9************,ri********************,Unknown,31-45,2025-08
B1293,bfbd09d804a4325c66b9ca8d063a804f83a8267bfe9f0ec618ca9ab999247225,UK222,2025-08-31 11:37:36.951,CONFIRMED,25F,Vistara,BOM,CCU,2026-04-20 01:22:41.704,2026-04-20 02:57:41.704,95.0,1.5833333333333333,95.0,0.0,Valid,PAY1436,6227.3,NETBANKING,Aarav,Verma,33,M,13**********,+9************,aa*********************,Unknown,31-45,2025-08
B1294,459b89f1c1c07e4eeab0dd6c7d5c40bea90d231854870ac2ef30273e6339ae40,6F250,2025-07-13 11:37:36.951,CANCELLED,34B,IndiGo,DEL,BLR,2026-04-20 03:26:41.701,2026-04-20 07:30:41.701,244.0,4.066666666666666,244.0,0.0,Valid,,,,Shaurya,Singh,3,F,83**********,+9************,sh***********************,Unknown,Under 18,2025-07
B1294,459b89f1c1c07e4eeab0dd6c7d5c40bea90d231854870ac2ef30273e6339ae40,6F250,2025-07-13 11:37:36.951,CANCELLED,34B,IndiGo,CCU,BLR,2026-04-20 02:23:41.702,2026-04-20 02:56:41.702,33.0,0.55,33.0,0.0,Valid,,,,Shaurya,Singh,3,F,83**********,+9************,sh***********************,Unknown,Under 18,2025-07
B1295,90b4e732ed7b857b631db1628f6d3aacca64e3954d38a803da76f97f588eaec2,AI096,2025-12-29 11:37:36.951,CANCELLED,14B,Air India,CCU,DEL,2026-04-19 21:48:41.702,2026-04-20 02:46:41.702,298.0,4.966666666666667,298.0,0.0,Valid,,,,Riya,Patel,61,F,78**********,+9************,ri*********************,Unknown,60+,2025-12
B1296,b47b4015cd417df26ad71a3fe85ac082a29f9740562eee3d135e79e814ec0d7f,AI216,2025-12-23 11:37:36.951,CANCELLED,1B,Air India,BOM,CCU,2026-04-20 01:10:41.703,2026-04-20 02:34:41.703,84.0,1.4,84.0,0.0,Valid,,,,Sai,Ghosh,78,M,26**********,+9************,sa*******************,Unknown,60+,2025-12
B1297,f0dc16ef2ccee2c0811edee2f0c602b0376a7e022cd5e8e7e422a6f3a12862ce,6F193,2026-01-23 11:37:36.951,PENDING,8A,IndiGo,BOM,MAA,2026-04-20 00:34:41.703,2026-04-20 02:32:41.703,118.0,1.9666666666666666,118.0,0.0,Valid,,,,Shaurya,Reddy,40,M,51**********,+9************,sh***************************,Unknown,31-45,2026-01
B1298,f15c5a7ae439f4d0d814a0da0ed58a95284bc4359467ecfbb10bcd62e48d1e17,SJ194,2026-01-02 11:37:36.951,PENDING,6C,SpiceJet,CCU,DEL,2026-04-19 22:46:41.703,2026-04-20 02:31:41.703,225.0,3.75,225.0,0.0,Valid,,,,Kavya,Chatterjee,35,M,50**********,+9************,ka**************************,Unknown,31-45,2026-01
B1299,bfaab51e35ad7b3d1666f7469bc4c42bc87bfa7807198d84cc0d59c656fc92f3,SJ020,2025-09-11 11:37:36.951,CONFIRMED,16F,SpiceJet,BLR,BOM,2026-04-19 22:18:41.701,2026-04-20 02:27:41.701,249.0,4.15,249.0,0.0,Valid,PAY1797,8842.93,CARD,Shaurya,Agarwal,88,F,18**********,+9************,sh****************************,Unknown,60+,2025-09
B1300,9a5d603fd6eacc409027cb091b3ea3b03a3857bd38efe4a1b2ad7e450b585085,6F070,2025-06-14 11:37:36.951,PENDING,21C,IndiGo,HYD,DEL,2026-04-19 23:23:41.701,2026-04-20 02:24:41.701,181.0,3.0166666666666666,181.0,0.0,Valid,,,,Ishaan,Mishra,16,M,67**********,+9************,is***********************,Unknown,Under 18,2025-06
B1301,f0dc16ef2ccee2c0811edee2f0c602b0376a7e022cd5e8e7e422a6f3a12862ce,AI051,2025-09-03 11:37:36.951,CONFIRMED,12A,Air India,MAA,BLR,2026-04-20 01:27:41.701,2026-04-20 02:22:41.701,55.0,0.9166666666666666,55.0,0.0,Valid,PAY1056,14671.03,UPI,Shaurya,Reddy,40,M,51**********,+9************,sh***************************,Unknown,31-45,2025-09
B1302,92929313a75069630a3f41a498062f3b99dc58e1bb7aaab8b084ebdfa4e98f0c,UK219,2025-12-27 11:37:36.951,PENDING,3D,Vistara,BOM,HYD,2026-04-19 22:03:41.704,2026-04-20 02:21:41.704,258.0,4.3,258.0,0.0,Valid,PAY1326,6515.83,NETBANKING,Kavya,Kulkarni,45,M,91**********,+9************,ka************************,Unknown,31-45,2025-12
B1302,92929313a75069630a3f41a498062f3b99dc58e1bb7aaab8b084ebdfa4e98f0c,UK219,2025-12-27 11:37:36.951,PENDING,3D,Vistara,BOM,HYD,2026-04-19 22:03:41.704,2026-04-20 02:21:41.704,258.0,4.3,258.0,0.0,Valid,PAY1732,8423.69,NETBANKING,Kavya,Kulkarni,45,M,91**********,+9************,ka************************,Unknown,31-45,2025-12
B1302,92929313a75069630a3f41a498062f3b99dc58e1bb7aaab8b084ebdfa4e98f0c,UK219,2025-12-27 11:37:36.951,PENDING,3D,Vistara,BOM,HYD,2026-04-19 22:03:41.704,2026-04-20 02:21:41.704,258.0,4.3,258.0,0.0,Valid,PAY1803,9282.39,UPI,Kavya,Kulkarni,45,M,91**********,+9************,ka************************,Unknown,31-45,2025-12
B1303,bb36064338c667e548c378da8265e5e11394f6809ff1b670006daa8d168ad9c1,AI235,2025-12-13 11:37:36.951,CONFIRMED,20A,Air India,BLR,HYD,2026-04-19 22:45:41.704,2026-04-20 02:12:41.704,207.0,3.45,207.0,0.0,Valid,PAY1091,5866.4,CARD,Kavya,Iyer,73,F,92**********,+9************,ka*********************,Unknown,60+,2025-12
B1303,bb36064338c667e548c378da8265e5e11394f6809ff1b670006daa8d168ad9c1,AI235,2025-12-13 11:37:36.951,CONFIRMED,20A,Air India,BLR,HYD,2026-04-19 22:45:41.704,2026-04-20 02:12:41.704,207.0,3.45,207.0,0.0,Valid,PAY1839,13806.55,NETBANKING,Kavya,Iyer,73,F,92**********,+9************,ka*********************,Unknown,60+,2025-12
B1304,54880709cf829c2d0d703d6ee6f77deed4c47aeb026f35def2f7a6b2e789432d,6F022,2025-12-13 11:37:36.951,Unknown,18E,IndiGo,MAA,BLR,2026-04-19 21:46:41.701,2026-04-20 02:05:41.701,259.0,4.316666666666666,259.0,0.0,Valid,,,,Muhammad,Khan,2,F,50**********,+9************,mu*********************,Unknown,Under 18,2025-12
B1305,061cbc880123b92060ec8d82728701002b20e22fb5941108a2d038cf0e0e618a,SJ114,2025-09-28 11:37:36.951,PENDING,13C,SpiceJet,HYD,DEL,2026-04-19 22:42:41.702,2026-04-20 02:02:41.702,200.0,3.3333333333333335,200.0,0.0,Valid,PAY1438,13844.39,NETBANKING,Reyansh,Sharma,59,M,50**********,+9************,re**********************,Unknown,46-60,2025-09
B1306,584be399b93f9a946285e1bc0a358895e9dc8f301b445d214321f144c3dc0006,SJ076,2025-12-01 11:37:36.951,CONFIRMED,30A,SpiceJet,DEL,MAA,2026-04-19 23:01:41.701,2026-04-20 02:02:41.701,181.0,3.0166666666666666,181.0,0.0,Valid,PAY1916,9753.04,NETBANKING,Muhammad,Nair,17,M,47**********,+9************,mu***********************,Unknown,Under 18,2025-12
B1307,ee3da88980fa26dbadf8dc499b411a800bfc6c8773ee8629c6e2cf19ae2a84bc,UK227,2026-01-26 11:37:36.951,PENDING,32E,Vistara,BOM,HYD,2026-04-19 21:57:41.704,2026-04-20 01:47:41.704,230.0,3.8333333333333335,230.0,0.0,Valid,PAY1065,12772.93,CARD,Krishna,Sharma,33,F,58**********,+9************,kr**********************,Unknown,31-45,2026-01
B1307,ee3da88980fa26dbadf8dc499b411a800bfc6c8773ee8629c6e2cf19ae2a84bc,UK227,2026-01-26 11:37:36.951,PENDING,32E,Vistara,BOM,HYD,2026-04-19 21:57:41.704,2026-04-20 01:47:41.704,230.0,3.8333333333333335,230.0,0.0,Valid,PAY1830,13498.4,CARD,Krishna,Sharma,33,F,58**********,+9************,kr**********************,Unknown,31-45,2026-01
B1308,15fd27eb5581a4470d632fb8f63f155f85e2ae84e05544a2f9e169da810e6711,UK135,2025-07-22 11:37:36.951,CANCELLED,30D,Vistara,HYD,DEL,2026-04-19 23:50:41.702,2026-04-20 01:43:41.702,113.0,1.8833333333333333,113.0,0.0,Valid,PAY1149,9613.19,UPI,Ishaan,Singh,85,F,40**********,+9************,is***********************,Unknown,60+,2025-07
B1308,15fd27eb5581a4470d632fb8f63f155f85e2ae84e05544a2f9e169da810e6711,UK135,2025-07-22 11:37:36.951,CANCELLED,30D,Vistara,HYD,DEL,2026-04-19 23:50:41.702,2026-04-20 01:43:41.702,113.0,1.8833333333333333,113.0,0.0,Valid,PAY1230,12097.48,UPI,Ishaan,Singh,85,F,40**********,+9************,is***********************,Unknown,60+,2025-07
B1309,37f70e517d13b58c91152dc3c591320d5d08e0be15019d148e5655232948953a,AI234,2025-05-06 11:37:36.951,CONFIRMED,30F,Air India,BOM,MAA,2026-04-19 23:50:41.704,2026-04-20 01:34:41.704,104.0,1.7333333333333334,104.0,0.0,Valid,,,,Sara,Verma,28,F,34**********,+9************,sa******************,Unknown,18-30,2025-05
B1310,b97880ebfd72f0c28039111791d925472732f2506d801af8097c8a1081a4d51f,6F113,2025-08-20 11:37:36.951,PENDING,5D,IndiGo,BOM,CCU,2026-04-19 21:04:41.702,2026-04-20 01:30:41.702,266.0,4.433333333333334,266.0,0.0,Valid,PAY1368,7370.22,UPI,Aadhya,Reddy,72,F,85**********,+9************,aa*************************,Unknown,60+,2025-08
B1311,ebd2de92b9184342a7bcb91048da605ae27d244d1c500059bc22659462083b0f,SJ206,2025-11-16 11:37:36.951,PENDING,9D,SpiceJet,DEL,CCU,2026-04-19 20:43:41.703,2026-04-20 01:21:41.703,278.0,4.633333333333334,278.0,0.0,Valid,,,,Kavya,Pillai,58,M,63**********,+9************,ka*********************,Unknown,46-60,2025-11
B1312,fdff1477af852fb0e86fc129c5b2510e9c5f6a722608ded739cdc6277962b28e,AI015,2026-03-29 11:37:36.951,Unknown,6E,Air India,BLR,CCU,2026-04-19 23:21:41.701,2026-04-20 01:15:41.701,114.0,1.9,114.0,0.0,Valid,,,,Saanvi,Das,3,M,38**********,+9************,sa******************,Unknown,Under 18,2026-03
B1313,27473346c866b66de92864725e25b82376fe9bf6c8bd24e4ebbef139b30151c6,6F260,2025-05-16 11:37:36.951,CANCELLED,33E,IndiGo,CCU,DEL,2026-04-19 21:51:41.702,2026-04-20 01:14:41.702,203.0,3.3833333333333333,203.0,0.0,Valid,,,,Diya,Pillai,53,M,96**********,+9************,di**********************,Unknown,46-60,2025-05
B1314,533f7e3d8910c50b0ec45a1afeb1f7bcf0e73ca069bc544d57a8078864b2d685,AI061,2025-04-28 11:37:36.951,CONFIRMED,19C,Air India,BOM,CCU,2026-04-19 23:31:41.701,2026-04-20 01:02:41.701,91.0,1.5166666666666666,91.0,0.0,Valid,PAY1323,,NETBANKING,Reyansh,Verma,1,M,14**********,+9************,re**********************,Unknown,Under 18,2025-04
B1314,533f7e3d8910c50b0ec45a1afeb1f7bcf0e73ca069bc544d57a8078864b2d685,AI061,2025-04-28 11:37:36.951,CONFIRMED,19C,Air India,BOM,CCU,2026-04-19 23:31:41.701,2026-04-20 01:02:41.701,91.0,1.5166666666666666,91.0,0.0,Valid,PAY1583,7529.51,CARD,Reyansh,Verma,1,M,14**********,+9************,re**********************,Unknown,Under 18,2025-04
B1315,cbce6411448934040ed7d1dde13cdc5b1476b8c4547803701bcc1ff5d7a66ced,6F237,2026-03-26 11:37:36.951,PENDING,9C,IndiGo,HYD,MAA,2026-04-19 21:41:41.704,2026-04-20 00:44:41.704,183.0,3.05,183.0,0.0,Valid,,,,Anika,Singh,84,M,13**********,+9************,an************************,Unknown,60+,2026-03
B1316,a5f805bedc69ac04a4429722e8f4996b31bc58cec4192c50a80db8b00e0e010d,SJ099,2026-01-06 11:37:36.951,PENDING,27C,SpiceJet,MAA,BLR,2026-04-19 22:14:41.702,2026-04-20 00:34:41.702,140.0,2.3333333333333335,140.0,0.0,Valid,PAY1633,11302.63,UPI,Ira,Sharma,89,F,92**********,+9************,ir*********************,Unknown,60+,2026-01
B1317,c3b65a7f63cdf9077407c656298c53cf2f5eb3571bcc4fa8c5d8b5aa74f4d8bc,SJ146,2026-02-24 11:37:36.951,CANCELLED,21F,SpiceJet,HYD,BLR,2026-04-19 22:37:41.702,2026-04-20 00:33:41.702,116.0,1.9333333333333333,116.0,0.0,Valid,PAY1237,12552.7,NETBANKING,Aadhya,Chatterjee,9,F,18**********,+9************,aa***************************,Unknown,Under 18,2026-02
B1317,c3b65a7f63cdf9077407c656298c53cf2f5eb3571bcc4fa8c5d8b5aa74f4d8bc,SJ146,2026-02-24 11:37:36.951,CANCELLED,21F,SpiceJet,HYD,BLR,2026-04-19 22:37:41.702,2026-04-20 00:33:41.702,116.0,1.9333333333333333,116.0,0.0,Valid,PAY1932,7684.83,UPI,Aadhya,Chatterjee,9,F,18**********,+9************,aa***************************,Unknown,Under 18,2026-02
B1317,c3b65a7f63cdf9077407c656298c53cf2f5eb3571bcc4fa8c5d8b5aa74f4d8bc,SJ146,2026-02-24 11:37:36.951,CANCELLED,21F,SpiceJet,HYD,BLR,2026-04-19 22:37:41.702,2026-04-20 00:33:41.702,116.0,1.9333333333333333,116.0,0.0,Valid,PAY1955,13045.18,CARD,Aadhya,Chatterjee,9,F,18**********,+9************,aa***************************,Unknown,Under 18,2026-02
B1318,097d1730f877c5e910f5789d79ccbbb12c982460d0c24d0f57881d9f3578c3cd,SJ146,2025-05-23 11:37:36.951,CANCELLED,29B,SpiceJet,HYD,BLR,2026-04-19 22:37:41.702,2026-04-20 00:33:41.702,116.0,1.9333333333333333,116.0,0.0,Valid,PAY1557,4594.77,UPI,Muhammad,Banerjee,42,F,57**********,+9************,mu***************************,Unknown,31-45,2025-05
B1319,bf219043426100ec85812e8a37d44447967fc2afe70788790177dd4e49f4d094,6F071,2025-05-04 11:37:36.951,CONFIRMED,4C,IndiGo,DEL,CCU,2026-04-19 20:18:41.702,2026-04-20 00:31:41.702,253.0,4.216666666666667,253.0,0.0,Valid,PAY1350,5359.26,UPI,Aditya,Verma,12,M,83**********,+9************,ad**********************,Unknown,Under 18,2025-05
B1320,1881045f69a737bc4f4dd7840b4f9f5b006fbbf3f4b5a605a3c66ddfbdff5ff0,6F272,2025-08-13 11:37:36.951,PENDING,6C,IndiGo,HYD,MAA,2026-04-19 23:35:41.702,2026-04-20 00:22:41.702,47.0,0.7833333333333333,47.0,0.0,Valid,PAY1512,12788.34,UPI,Muhammad,Banerjee,12,F,59*********,+9************,mu******************************,Unknown,Under 18,2025-08
B1320,1881045f69a737bc4f4dd7840b4f9f5b006fbbf3f4b5a605a3c66ddfbdff5ff0,6F272,2025-08-13 11:37:36.951,PENDING,6C,IndiGo,HYD,MAA,2026-04-19 23:35:41.702,2026-04-20 00:22:41.702,47.0,0.7833333333333333,47.0,0.0,Valid,PAY1512,12788.34,UPI,Muhammad,Bbanerjee,12,F,95*********,+9************,mu*******************************,Unknown,Under 18,2025-08
B1320,1881045f69a737bc4f4dd7840b4f9f5b006fbbf3f4b5a605a3c66ddfbdff5ff0,6F272,2025-08-13 11:37:36.951,PENDING,6C,IndiGo,HYD,MAA,2026-04-19 23:35:41.702,2026-04-20 00:22:41.702,47.0,0.7833333333333333,47.0,0.0,Valid,PAY1512,12788.34,UPI,Muhammad,Banerjee,12,F,40**********,+9************,mu*************************,Unknown,Under 18,2025-08
B1320,1881045f69a737bc4f4dd7840b4f9f5b006fbbf3f4b5a605a3c66ddfbdff5ff0,6F272,2025-08-13 11:37:36.951,PENDING,6C,IndiGo,HYD,MAA,2026-04-19 23:35:41.702,2026-04-20 00:22:41.702,47.0,0.7833333333333333,47.0,0.0,Valid,PAY1792,9370.75,CARD,Muhammad,Banerjee,12,F,59*********,+9************,mu******************************,Unknown,Under 18,2025-08
B1320,1881045f69a737bc4f4dd7840b4f9f5b006fbbf3f4b5a605a3c66ddfbdff5ff0,6F272,2025-08-13 11:37:36.951,PENDING,6C,IndiGo,HYD,MAA,2026-04-19 23:35:41.702,2026-04-20 00:22:41.702,47.0,0.7833333333333333,47.0,0.0,Valid,PAY1792,9370.75,CARD,Muhammad,Bbanerjee,12,F,95*********,+9************,mu*******************************,Unknown,Under 18,2025-08
B1320,1881045f69a737bc4f4dd7840b4f9f5b006fbbf3f4b5a605a3c66ddfbdff5ff0,6F272,2025-08-13 11:37:36.951,PENDING,6C,IndiGo,HYD,MAA,2026-04-19 23:35:41.702,2026-04-20 00:22:41.702,47.0,0.7833333333333333,47.0,0.0,Valid,PAY1792,9370.75,CARD,Muhammad,Banerjee,12,F,40**********,+9************,mu*************************,Unknown,Under 18,2025-08
B1321,804ac90b07e39e12ca6788b04f5b81c01cf56ce3ae3bf451323a4576367f7dbb,SJ029,2026-02-12 11:37:36.951,PENDING,13A,SpiceJet,HYD,DEL,2026-04-19 22:55:41.701,2026-04-20 00:22:41.701,87.0,1.45,87.0,0.0,Valid,,,,Shaurya,Mehta,65,M,81**********,+9************,sh***********************,Unknown,60+,2026-02
B1322,5f7e0863cdbd3370639e380a6ebd3f2003c8fb7411fd3cdbc9babbee32357e8f,UK084,2025-07-27 11:37:36.951,CONFIRMED,6E,Vistara,MAA,DEL,2026-04-19 20:44:41.702,2026-04-20 00:20:41.702,216.0,3.6,216.0,0.0,Valid,,,,Arjun,Ghosh,19,F,74*********,+9************,ar*********************,Unknown,18-30,2025-07
B1323,8889ac1b6cee312d8700accbb812d5b60e9510e9a0aab6d7a683c57667fb35ae,SJ048,2026-02-06 11:37:36.951,CONFIRMED,14D,SpiceJet,MAA,BLR,2026-04-19 22:43:41.701,2026-04-20 00:19:41.701,96.0,1.6,96.0,0.0,Valid,,,,Riya,Iyer,40,F,50**********,+9************,ri*******************,Unknown,31-45,2026-02
B1324,460b5a5ad37a13083a7b252b274cf64127648c898c6e4c0aa2e4dc3f038674b8,AI108,2026-02-04 11:37:36.951,CANCELLED,33B,Air India,BLR,CCU,2026-04-19 21:32:41.702,2026-04-20 00:17:41.702,165.0,2.75,165.0,0.0,Valid,PAY1068,7543.0,NETBANKING,Sara,Patel,14,F,43**********,+9************,sa********************,Unknown,Under 18,2026-02
B1324,460b5a5ad37a13083a7b252b274cf64127648c898c6e4c0aa2e4dc3f038674b8,AI108,2026-02-04 11:37:36.951,CANCELLED,33B,Air India,BLR,CCU,2026-04-19 21:32:41.702,2026-04-20 00:17:41.702,165.0,2.75,165.0,0.0,Valid,PAY1981,,CARD,Sara,Patel,14,F,43**********,+9************,sa********************,Unknown,Under 18,2026-02
B1325,63e1c2ff2767ca8ceed81263ce666870649190fbb395864203e8c6a17db4f468,SJ134,2025-08-11 11:37:36.951,CANCELLED,3B,SpiceJet,BOM,CCU,2026-04-19 19:58:41.702,2026-04-20 00:15:41.702,257.0,4.283333333333333,257.0,0.0,Valid,PAY1779,4503.45,UPI,Krishna,Iyer,29,M,66**********,+9************,kr**************************,Unknown,18-30,2025-08
B1326,5462e26b2c4f69495b9a7e04fdb2576e4484537640762a2bd5ef3724ad75b5d3,UK146,2025-10-31 11:37:36.951,CONFIRMED,14F,Vistara,BOM,MAA,2026-04-19 21:40:41.703,2026-04-20 00:08:41.703,148.0,2.466666666666667,148.0,0.0,Valid,,,,Krishna,Iyer,84,M,10**********,+9************,kr**********************,Unknown,60+,2025-10
B1327,d38568db2aa153115ee25ff07b753791c01fb713305c8c915655b1a4d99f024c,SJ036,2025-09-24 11:37:36.951,CONFIRMED,26C,SpiceJet,DEL,HYD,2026-04-19 20:24:41.701,2026-04-19 23:54:41.701,210.0,3.5,210.0,0.0,Valid,PAY1898,13822.99,UPI,Myra,Ghosh,42,F,15**********,+9************,my***********************,Unknown,31-45,2025-09
B1328,29b50a0cf1005354bee43ac4169f609fce2718c926a49545f42418af74a1306a,6F202,2025-11-01 11:37:36.951,PENDING,33B,IndiGo,HYD,BLR,2026-04-19 20:18:41.703,2026-04-19 23:48:41.703,210.0,3.5,210.0,0.0,Valid,,,,Arjun,Agarwal,12,M,96**********,+9************,ar**************************,Unknown,Under 18,2025-11
B1329,36de8c394ea20850f7f2d64db77546deb8febea37f85ff31161770db64ff0db7,UK041,2026-02-13 11:37:36.951,CONFIRMED,22C,Vistara,HYD,MAA,2026-04-19 22:37:41.701,2026-04-19 23:44:41.701,67.0,1.1166666666666667,67.0,0.0,Valid,PAY1221,6401.38,UPI,Ishaan,Agarwal,19,M,89**********,+9************,is***************************,Unknown,18-30,2026-02
B1330,93847cd98056474b065afd1edea5da9e9bba3a8cf5497abeb29724dee06524e0,6F078,2025-12-06 11:37:36.951,CONFIRMED,23A,IndiGo,BOM,CCU,2026-04-19 22:04:41.702,2026-04-19 23:37:41.702,93.0,1.55,93.0,0.0,Valid,,,,Shaurya,Patel,80,M,93**********,+9************,sh*********************,Unknown,60+,2025-12
B1331,ef8c824a356b9f1c99470aab441219594cad3791ef47a5d4746382ddf37d2180,AI097,2025-07-03 11:37:36.951,PENDING,22C,Air India,HYD,MAA,2026-04-19 18:42:41.702,2026-04-19 23:34:41.702,292.0,4.866666666666666,292.0,0.0,Valid,PAY1233,7131.5,NETBANKING,Riya,Khan,33,M,29**********,+9************,ri*****************,Unknown,31-45,2025-07
B1332,901b4abcd16372fdad9b63045a7a38072dd6b35a12c3b1e5d20a92e268b94a39,UK159,2026-01-15 11:37:36.951,CONFIRMED,7D,Vistara,CCU,BLR,2026-04-19 20:45:41.703,2026-04-19 23:32:41.703,167.0,2.783333333333333,167.0,0.0,Valid,PAY1313,4183.32,NETBANKING,Aditya,Nair,49,M,38**********,+9************,ad********************,Unknown,46-60,2026-01
B1333,4c76b2e19e760c735e901272308cde7ff1275a49afd4e3debb2e5b17e0566d59,UK044,2025-09-06 11:37:36.951,CANCELLED,12B,Vistara,BLR,BOM,2026-04-19 20:31:41.701,2026-04-19 23:29:41.701,178.0,2.966666666666667,178.0,0.0,Valid,PAY1079,2238.82,UPI,Shaurya,Singh,66,M,16**********,+9************,sh*********************,Unknown,60+,2025-09
B1333,4c76b2e19e760c735e901272308cde7ff1275a49afd4e3debb2e5b17e0566d59,UK044,2025-09-06 11:37:36.951,CANCELLED,12B,Vistara,BLR,BOM,2026-04-19 20:31:41.701,2026-04-19 23:29:41.701,178.0,2.966666666666667,178.0,0.0,Valid,PAY1330,2372.08,NETBANKING,Shaurya,Singh,66,M,16**********,+9************,sh*********************,Unknown,60+,2025-09
B1334,228617b3e082657a58da30650b2fb1949a3b5e0caac340093eef48a1c41397dc,6F176,2025-09-27 11:37:36.951,CANCELLED,6F,IndiGo,CCU,DEL,2026-04-19 20:23:42.000,2026-04-19 23:23:42.000,180.0,3.0,180.0,0.0,Valid,,,,Sai,Banerjee,78,M,49**********,+9************,sa*********************,Unknown,60+,2025-09
B1335,c30107be7574bf2559c6d6fd9791e99507b3c0ae8cae21d031b4e65c787a4c13,SJ221,2026-02-11 11:37:36.951,PENDING,4A,SpiceJet,MAA,HYD,2026-04-19 18:31:41.703,2026-04-19 23:17:41.703,286.0,4.766666666666667,286.0,0.0,Valid,,,,Anika,Pillai,41,F,85**********,+9************,an*************************,Unknown,31-45,2026-02
B1336,383b01dfc4b4451a547935fff6c78f551e330aa833ad796209db30958a18a15d,6F112,2025-07-03 11:37:36.951,CONFIRMED,22A,IndiGo,HYD,DEL,2026-04-19 21:00:41.702,2026-04-19 23:16:41.702,136.0,2.2666666666666666,136.0,0.0,Valid,,,,Aadhya,Nair,54,M,49**********,+9************,aa*******************,Unknown,46-60,2025-07
B1337,323969a7963eafc6513bc14886c789e73bb1919adde854ed931330089747a1aa,6F246,2025-10-20 11:37:36.951,Unknown,4C,IndiGo,HYD,DEL,2026-04-19 21:00:41.702,2026-04-19 23:16:41.702,136.0,2.2666666666666666,136.0,0.0,Valid,,,,Aadhya,Mishra,59,F,46**********,+9************,aa*********************,Unknown,46-60,2025-10
B1338,bc5fe68e5cdf84ae711dfa039703f9dfacab766b8680db31efd1b4b74e8768fb,6F014,2026-02-21 11:37:36.951,CANCELLED,14C,IndiGo,DEL,MAA,2026-04-19 19:42:41.701,2026-04-19 23:15:41.701,213.0,3.55,213.0,0.0,Valid,,,,Shaurya,Banerjee,54,F,23********,+9************,sh************************,Unknown,46-60,2026-02
B1339,677104faba0eb37cf9fc7912e402bb55962271b7b600ba163c03b6446ac91de4,AI237,2025-09-17 11:37:36.951,CANCELLED,28A,Air India,BOM,CCU,2026-04-19 19:58:41.704,2026-04-19 23:13:41.704,195.0,3.25,195.0,0.0,Valid,,,,Vivaan,Singh,35,M,93**********,+9************,vi*************************,Unknown,31-45,2025-09
B1340,afd81ec419f86cb4489130cd42d84f23b6fba17ab902661d11149968be4e16da,6F003,2025-12-14 11:37:36.951,CANCELLED,12E,IndiGo,HYD,BOM,2026-04-19 20:06:41.700,2026-04-19 23:13:41.700,187.0,3.1166666666666667,187.0,0.0,Valid,,,,Riya,Sharma,27,M,29**********,+9************,ri*******************,Unknown,18-30,2025-12
B1341,88659952d7f5e68c9a08f77a0ec08ebc2d007999fc6bb89770907d04ec125d69,6F249,2025-07-04 11:37:36.951,CONFIRMED,5A,IndiGo,HYD,BOM,2026-04-19 20:06:41.700,2026-04-19 23:13:41.700,187.0,3.1166666666666667,187.0,0.0,Valid,PAY1118,9263.24,CARD,Aadhya,Agarwal,16,M,89**********,+9************,aa***************************,Unknown,Under 18,2025-07
B1341,88659952d7f5e68c9a08f77a0ec08ebc2d007999fc6bb89770907d04ec125d69,6F249,2025-07-04 11:37:36.951,CONFIRMED,5A,IndiGo,HYD,BOM,2026-04-19 20:06:41.700,2026-04-19 23:13:41.700,187.0,3.1166666666666667,187.0,0.0,Valid,PAY1118,9263.24,CARD,Aadhya,Agarwal,16,M,38**********,+9************,aa************************,Unknown,Under 18,2025-07
B1341,88659952d7f5e68c9a08f77a0ec08ebc2d007999fc6bb89770907d04ec125d69,6F249,2025-07-04 11:37:36.951,CONFIRMED,5A,IndiGo,HYD,BOM,2026-04-19 20:06:41.700,2026-04-19 23:13:41.700,187.0,3.1166666666666667,187.0,0.0,Valid,PAY1273,,NETBANKING,Aadhya,Agarwal,16,M,89**********,+9************,aa***************************,Unknown,Under 18,2025-07
B1341,88659952d7f5e68c9a08f77a0ec08ebc2d007999fc6bb89770907d04ec125d69,6F249,2025-07-04 11:37:36.951,CONFIRMED,5A,IndiGo,HYD,BOM,2026-04-19 20:06:41.700,2026-04-19 23:13:41.700,187.0,3.1166666666666667,187.0,0.0,Valid,PAY1273,,NETBANKING,Aadhya,Agarwal,16,M,38**********,+9************,aa************************,Unknown,Under 18,2025-07
B1342,95edae0cf7e42aad8885909c537182f636aeabc79386efbbfd48ab71b16f1d99,UK149,2025-04-29 11:37:36.951,CONFIRMED,4A,Vistara,MAA,DEL,2026-04-19 18:22:41.703,2026-04-19 23:08:41.703,286.0,4.766666666666667,286.0,0.0,Valid,PAY1456,,NETBANKING,Anika,Joshi,50,F,95**********,+9************,an********************,Unknown,46-60,2025-04
B1342,95edae0cf7e42aad8885909c537182f636aeabc79386efbbfd48ab71b16f1d99,UK149,2025-04-29 11:37:36.951,CONFIRMED,4A,Vistara,MAA,DEL,2026-04-19 18:22:41.703,2026-04-19 23:08:41.703,286.0,4.766666666666667,286.0,0.0,Valid,PAY1472,10237.49,CARD,Anika,Joshi,50,F,95**********,+9************,an********************,Unknown,46-60,2025-04
B1342,95edae0cf7e42aad8885909c537182f636aeabc79386efbbfd48ab71b16f1d99,UK149,2025-04-29 11:37:36.951,CONFIRMED,4A,Vistara,MAA,DEL,2026-04-19 18:22:41.703,2026-04-19 23:08:41.703,286.0,4.766666666666667,286.0,0.0,Valid,PAY1507,8765.79,NETBANKING,Anika,Joshi,50,F,95**********,+9************,an********************,Unknown,46-60,2025-04
B1343,ff59c2683e6104bfda79f88a7dd17f55ea278b316808d55ec0d311b985a600d0,SJ163,2026-03-08 11:37:36.951,CONFIRMED,9F,SpiceJet,DEL,HYD,2026-04-19 18:32:41.703,2026-04-19 23:08:41.703,276.0,4.6,276.0,0.0,Valid,,,,Shaurya,Joshi,66,F,60*********,+9************,sh***************************,Unknown,60+,2026-03
B1344,ddabb59a9826ea31b1ce182b4b327e1e5be2fcb5627388dbe0084a381530843a,SJ243,2026-03-28 11:37:36.951,CONFIRMED,1D,SpiceJet,BLR,DEL,2026-04-19 18:17:41.704,2026-04-19 23:03:41.704,286.0,4.766666666666667,286.0,0.0,Valid,,,,Ishaan,Chatterjee,5,M,54**********,+9************,is****************************,Unknown,Under 18,2026-03
B1345,b10cca87bf39c2434d094f305e8c8bbe33583cbb8f70956cc9b07aa8d93058c9,UK113,2025-06-06 11:37:36.951,CANCELLED,1A,Vistara,CCU,DEL,2026-04-19 18:34:41.702,2026-04-19 22:58:41.702,264.0,4.4,264.0,0.0,Valid,,,,Reyansh,Das,63,F,27**********,+9************,re*********************,Unknown,60+,2025-06
B1346,b47b4015cd417df26ad71a3fe85ac082a29f9740562eee3d135e79e814ec0d7f,AI071,2025-06-07 11:37:36.951,PENDING,30E,Air India,BOM,MAA,2026-04-19 19:55:41.702,2026-04-19 22:58:41.702,183.0,3.05,183.0,0.0,Valid,,,,Sai,Ghosh,78,M,26**********,+9************,sa*******************,Unknown,60+,2025-06
B1347,dd0d4f009ccd8b20446938da00fde4d16ce9a707f7318dd1f54c3dafd7e07f28,6F271,2026-02-07 11:37:36.951,PENDING,22A,IndiGo,HYD,MAA,2026-04-19 19:33:41.702,2026-04-19 22:52:41.702,199.0,3.316666666666667,199.0,0.0,Valid,PAY1097,12000.54,CARD,Aditya,Kulkarni,82,M,37**********,+9************,ad*************************,Unknown,60+,2026-02
B1348,c572be8c765284c030826ccc2a248fd4d939365db7b6eeb4afde34c934deb9b0,SJ015,2025-06-05 11:37:36.951,CANCELLED,27E,SpiceJet,BOM,CCU,2026-04-19 21:40:41.701,2026-04-19 22:52:41.701,72.0,1.2,72.0,0.0,Valid,,,,Aadhya,Pillai,61,F,97**********,+9************,aa***********************,Unknown,60+,2025-06
B1349,0569019098c7cf5a8cc47f9221abee18721c6e392b0b09c277db7e11ed6d7e4b,UK047,2025-11-19 11:37:36.951,CANCELLED,9E,Vistara,BLR,HYD,2026-04-19 18:40:41.701,2026-04-19 22:45:41.701,245.0,4.083333333333333,245.0,0.0,Valid,PAY1601,11101.75,CARD,Kavya,Nair,5,F,71**********,+9************,ka***********************,Unknown,Under 18,2025-11
B1350,fef3551179d3071c36364f32685122bf5ea6d3a401fcc5707960d1986ef03b46,UK020,2026-02-04 11:37:36.951,PENDING,12A,Vistara,MAA,BLR,2026-04-19 21:23:41.701,2026-04-19 22:38:41.701,75.0,1.25,75.0,0.0,Valid,PAY1463,13802.17,UPI,Riya,Nair,19,F,31**********,+9************,ri*****************,Unknown,18-30,2026-02
B1350,fef3551179d3071c36364f32685122bf5ea6d3a401fcc5707960d1986ef03b46,UK020,2026-02-04 11:37:36.951,PENDING,12A,Vistara,MAA,BLR,2026-04-19 21:23:41.701,2026-04-19 22:38:41.701,75.0,1.25,75.0,0.0,Valid,PAY1767,7709.03,CARD,Riya,Nair,19,F,31**********,+9************,ri*****************,Unknown,18-30,2026-02
B1350,fef3551179d3071c36364f32685122bf5ea6d3a401fcc5707960d1986ef03b46,UK020,2026-02-04 11:37:36.951,PENDING,12A,Vistara,MAA,BLR,2026-04-19 21:23:41.701,2026-04-19 22:38:41.701,75.0,1.25,75.0,0.0,Valid,PAY1962,8540.17,CARD,Riya,Nair,19,F,31**********,+9************,ri*****************,Unknown,18-30,2026-02
B1351,9c2a76d8a61fe2469124635622acd7267218ef36954ebaa68819b07cd5ea2c59,AI122,2025-09-03 11:37:36.951,PENDING,27F,Air India,BOM,CCU,2026-04-19 18:25:41.702,2026-04-19 22:36:41.702,251.0,4.183333333333334,251.0,0.0,Valid,PAY1740,14687.44,UPI,Krishna,Kulkarni,85,F,50**********,+9************,kr**************************,Unknown,60+,2025-09
B1352,9b57b5fc7625f88f57e8fe4555294eaeef9b619337085e95fb71928be130113b,UK223,2025-10-20 11:37:36.951,CANCELLED,17D,Vistara,CCU,DEL,2026-04-19 21:58:41.704,2026-04-19 22:30:41.704,32.0,0.5333333333333333,32.0,0.0,Valid,PAY1722,2116.34,CARD,Shaurya,Singh,42,M,40**********,+9************,sh***********************,Unknown,31-45,2025-10
B1352,9b57b5fc7625f88f57e8fe4555294eaeef9b619337085e95fb71928be130113b,UK223,2025-10-20 11:37:36.951,CANCELLED,17D,Vistara,CCU,DEL,2026-04-19 21:58:41.704,2026-04-19 22:30:41.704,32.0,0.5333333333333333,32.0,0.0,Valid,PAY1722,2116.34,CARD,Shaurya,Singh,42,M,26**********,+9************,sh************************,Unknown,31-45,2025-10
B1352,9b57b5fc7625f88f57e8fe4555294eaeef9b619337085e95fb71928be130113b,UK223,2025-10-20 11:37:36.951,CANCELLED,17D,Vistara,CCU,DEL,2026-04-19 21:58:41.704,2026-04-19 22:30:41.704,32.0,0.5333333333333333,32.0,0.0,Valid,PAY1870,10103.51,UPI,Shaurya,Singh,42,M,40**********,+9************,sh***********************,Unknown,31-45,2025-10
B1352,9b57b5fc7625f88f57e8fe4555294eaeef9b619337085e95fb71928be130113b,UK223,2025-10-20 11:37:36.951,CANCELLED,17D,Vistara,CCU,DEL,2026-04-19 21:58:41.704,2026-04-19 22:30:41.704,32.0,0.5333333333333333,32.0,0.0,Valid,PAY1870,10103.51,UPI,Shaurya,Singh,42,M,26**********,+9************,sh************************,Unknown,31-45,2025-10
B1353,61864ff2276be466a69ab1a9b45c546576ecb6da65cdcc0c9639a94034459d6e,6F148,2025-09-19 11:37:36.951,CANCELLED,15F,IndiGo,CCU,BOM,2026-04-19 20:23:41.703,2026-04-19 22:30:41.703,127.0,2.1166666666666667,127.0,0.0,Valid,,,,Aditya,Mehta,23,M,18*********,+9************,ad**********************,Unknown,18-30,2025-09
B1354,ed0d591e1541e972df852ab1f85f0151ede892b9b811f3e4020bc5d4f00046e5,SJ162,2025-12-14 11:37:36.951,CONFIRMED,34A,SpiceJet,DEL,HYD,2026-04-19 20:11:41.703,2026-04-19 22:30:41.703,139.0,2.316666666666667,139.0,0.0,Valid,PAY1987,10023.88,UPI,Aadhya,Mishra,76,F,76**********,+9************,aa***********************,Unknown,60+,2025-12
B1355,569541aef05a35fd51845055d14159e660e2e5e024dfbe429a608c06a6d6fc15,6F127,2026-03-30 11:37:36.951,CONFIRMED,28B,IndiGo,HYD,BOM,2026-04-19 18:27:41.702,2026-04-19 22:28:41.702,241.0,4.016666666666667,241.0,0.0,Valid,PAY1254,5421.14,CARD,Myra,Agarwal,35,M,52**********,+9************,my********************,Unknown,31-45,2026-03
B1355,569541aef05a35fd51845055d14159e660e2e5e024dfbe429a608c06a6d6fc15,6F127,2026-03-30 11:37:36.951,CONFIRMED,28B,IndiGo,HYD,BOM,2026-04-19 18:27:41.702,2026-04-19 22:28:41.702,241.0,4.016666666666667,241.0,0.0,Valid,PAY1662,8877.37,CARD,Myra,Agarwal,35,M,52**********,+9************,my********************,Unknown,31-45,2026-03
B1356,f0260781fb2aba4e4277a4959cefacd2211aef405843b1b72f148059b1d4d91e,AI173,2025-11-10 11:37:36.951,PENDING,11F,Air India,HYD,DEL,2026-04-19 17:36:41.703,2026-04-19 22:27:41.703,291.0,4.85,291.0,0.0,Valid,,,,Aarav,Singh,21,F,69**********,+9************,aa*************************,Unknown,18-30,2025-11
B1357,9985af7cd23dbc3b0b3d6d654015391b8f54314efe44e9f3501c1b8821178042,6F065,2026-02-05 11:37:36.951,Unknown,14A,IndiGo,MAA,BLR,2026-04-19 19:40:41.701,2026-04-19 22:23:41.701,163.0,2.716666666666667,163.0,0.0,Valid,PAY1726,6983.72,UPI,Myra,Kulkarni,24,M,61**********,+9************,my***************************,Unknown,18-30,2026-02
B1358,e453e79b699aadfa85bc39c7dd2730f841d1f87123c949fdea49d3dc23717e6b,AI053,2025-06-22 11:37:36.951,PENDING,20A,Air India,CCU,DEL,2026-04-19 18:04:41.701,2026-04-19 22:19:41.701,255.0,4.25,255.0,0.0,Valid,,,,Riya,Iyer,52,M,19**********,+9************,ri*******************,Unknown,46-60,2025-06
B1359,7d9b9205eaa991d8de68f47eaf6e4897bc0e9bafbd038c8c0a2c69e4f77b4a6e,AI241,2025-10-22 11:37:36.951,CONFIRMED,14E,Air India,HYD,BLR,2026-04-19 20:11:41.704,2026-04-19 22:18:41.704,127.0,2.1166666666666667,127.0,0.0,Valid,PAY1392,,CARD,Myra,Gupta,1,F,21**********,+9************,my*********************,Unknown,Under 18,2025-10
B1359,7d9b9205eaa991d8de68f47eaf6e4897bc0e9bafbd038c8c0a2c69e4f77b4a6e,AI241,2025-10-22 11:37:36.951,CONFIRMED,14E,Air India,HYD,BLR,2026-04-19 20:11:41.704,2026-04-19 22:18:41.704,127.0,2.1166666666666667,127.0,0.0,Valid,PAY1695,3097.73,CARD,Myra,Gupta,1,F,21**********,+9************,my*********************,Unknown,Under 18,2025-10
B1359,7d9b9205eaa991d8de68f47eaf6e4897bc0e9bafbd038c8c0a2c69e4f77b4a6e,AI241,2025-10-22 11:37:36.951,CONFIRMED,14E,Air India,HYD,BLR,2026-04-19 20:11:41.704,2026-04-19 22:18:41.704,127.0,2.1166666666666667,127.0,0.0,Valid,PAY1751,8949.59,UPI,Myra,Gupta,1,F,21**********,+9************,my*********************,Unknown,Under 18,2025-10
B1359,7d9b9205eaa991d8de68f47eaf6e4897bc0e9bafbd038c8c0a2c69e4f77b4a6e,AI241,2025-10-22 11:37:36.951,CONFIRMED,14E,Air India,HYD,BLR,2026-04-19 20:11:41.704,2026-04-19 22:18:41.704,127.0,2.1166666666666667,127.0,0.0,Valid,PAY1843,9519.49,UPI,Myra,Gupta,1,F,21**********,+9************,my*********************,Unknown,Under 18,2025-10
B1360,547d9344fb2018b3014f8911219667d36401d2e162a40cb2f7f9302c1a662630,AI105,2025-06-15 11:37:36.951,Unknown,18D,Air India,CCU,DEL,2026-04-19 20:16:41.702,2026-04-19 22:03:41.702,107.0,1.7833333333333334,107.0,0.0,Valid,,,,Sai,Gupta,47,M,24**********,+9************,sa*******************,Unknown,46-60,2025-06
B1361,7367c04f5225397375bd5fdbf583232e6c813b63fac8efd4b7f203061fd3d10f,AI110,2025-08-24 11:37:36.951,PENDING,13F,Air India,BOM,CCU,2026-04-19 17:07:41.702,2026-04-19 22:00:41.702,293.0,4.883333333333334,293.0,0.0,Valid,PAY1333,5339.72,UPI,Anika,Ghosh,63,M,72**********,+9************,an*************************,Unknown,60+,2025-08
B1362,8a476547d4cf963e230232a65adb7a9aa6ed589ac5f4438a7f13da335fe22741,AI252,2025-10-22 11:37:36.951,CONFIRMED,15B,Air India,HYD,DEL,2026-04-19 17:30:41.704,2026-04-19 21:54:41.704,264.0,4.4,264.0,0.0,Valid,,,,Aditya,Joshi,70,M,70**********,+9************,ad***********************,Unknown,60+,2025-10
B1363,11e7405e976ffe2fd78666cff7c08b5698c1ab4dc4b8917abe86e0e24ee45002,AI149,2025-12-14 11:37:36.951,CANCELLED,3B,Air India,BOM,HYD,2026-04-19 18:19:41.703,2026-04-19 21:36:41.703,197.0,3.283333333333333,197.0,0.0,Valid,PAY1177,8554.62,NETBANKING,Ishaan,Banerjee,62,M,25**********,+9************,is**************************,Unknown,60+,2025-12
B1364,35430287391de581e621b9614f829be68e799590a1abee63f4e54e7644d50cd3,AI224,2025-09-09 11:37:36.951,PENDING,23F,Air India,DEL,HYD,2026-04-19 16:51:41.703,2026-04-19 21:36:41.703,285.0,4.75,285.0,0.0,Valid,PAY1240,2061.92,CARD,Ananya,Mishra,9,M,74**********,+9************,an*********************,Unknown,Under 18,2025-09
B1364,35430287391de581e621b9614f829be68e799590a1abee63f4e54e7644d50cd3,AI224,2025-09-09 11:37:36.951,PENDING,23F,Air India,DEL,HYD,2026-04-19 16:51:41.703,2026-04-19 21:36:41.703,285.0,4.75,285.0,0.0,Valid,PAY1777,10914.38,NETBANKING,Ananya,Mishra,9,M,74**********,+9************,an*********************,Unknown,Under 18,2025-09
B1364,35430287391de581e621b9614f829be68e799590a1abee63f4e54e7644d50cd3,AI224,2025-09-09 11:37:36.951,PENDING,23F,Air India,DEL,HYD,2026-04-19 16:51:41.703,2026-04-19 21:36:41.703,285.0,4.75,285.0,0.0,Valid,PAY1900,1147.36,NETBANKING,Ananya,Mishra,9,M,74**********,+9************,an*********************,Unknown,Under 18,2025-09
B1365,48d0441e3c09dcd5670121d6361a6d933c03274afe1b985e939e761d08ce4230,UK158,2025-07-03 11:37:36.951,CANCELLED,15B,Vistara,BOM,MAA,2026-04-19 20:49:41.703,2026-04-19 21:22:41.703,33.0,0.55,33.0,0.0,Valid,,,,Aditya,Kulkarni,60,F,95**********,+9************,ad***********************,Unknown,46-60,2025-07
B1366,22835d7fd4e730004943432a725d5399017d2cc18d365af87afbd06573c156c6,6F125,2025-05-05 11:37:36.951,CANCELLED,25E,IndiGo,BOM,CCU,2026-04-19 17:09:41.702,2026-04-19 21:13:41.702,244.0,4.066666666666666,244.0,0.0,Valid,,,,Saanvi,Sharma,18,M,52**********,+9************,sa*********************,Unknown,Under 18,2025-05
B1367,0211dba0308362d09d12cce5048bc85a2ef253da3e6168f427992abe6729bcef,UK164,2025-12-14 11:37:36.951,CONFIRMED,18A,Vistara,BOM,HYD,2026-04-19 16:46:41.703,2026-04-19 21:10:41.703,264.0,4.4,264.0,0.0,Valid,PAY1011,2379.52,CARD,Vivaan,Joshi,65,F,52**********,+9************,vi**********************,Unknown,60+,2025-12
B1367,0211dba0308362d09d12cce5048bc85a2ef253da3e6168f427992abe6729bcef,UK164,2025-12-14 11:37:36.951,CONFIRMED,18A,Vistara,BOM,HYD,2026-04-19 16:46:41.703,2026-04-19 21:10:41.703,264.0,4.4,264.0,0.0,Valid,PAY1817,,UPI,Vivaan,Joshi,65,F,52**********,+9************,vi**********************,Unknown,60+,2025-12
B1368,ff421e0eb5002c2a9944fa12b0d74fc8ef50622bbeebbfa26b19f0e802effd18,UK007,2025-12-26 11:37:36.951,CANCELLED,1E,Vistara,DEL,HYD,2026-04-19 18:50:41.701,2026-04-19 21:04:41.701,134.0,2.2333333333333334,134.0,0.0,Valid,PAY1572,9184.07,CARD,Arjun,Khan,2,F,51*********,+9************,ar********************,Unknown,Under 18,2025-12
B1368,ff421e0eb5002c2a9944fa12b0d74fc8ef50622bbeebbfa26b19f0e802effd18,UK007,2025-12-26 11:37:36.951,CANCELLED,1E,Vistara,DEL,HYD,2026-04-19 18:50:41.701,2026-04-19 21:04:41.701,134.0,2.2333333333333334,134.0,0.0,Valid,PAY1808,9111.32,CARD,Arjun,Khan,2,F,51*********,+9************,ar********************,Unknown,Under 18,2025-12
B1368,ff421e0eb5002c2a9944fa12b0d74fc8ef50622bbeebbfa26b19f0e802effd18,UK007,2025-12-26 11:37:36.951,CANCELLED,1E,Vistara,DEL,HYD,2026-04-19 18:50:41.701,2026-04-19 21:04:41.701,134.0,2.2333333333333334,134.0,0.0,Valid,PAY1970,3626.55,UPI,Arjun,Khan,2,F,51*********,+9************,ar********************,Unknown,Under 18,2025-12
B1369,9585a6fe9fdeb56c2583cf346135f842c524d064c6d136b701ea94cc32f44710,6F118,2026-03-18 11:37:36.951,PENDING,15F,IndiGo,CCU,HYD,2026-04-19 19:52:41.702,2026-04-19 21:01:41.702,69.0,1.15,69.0,0.0,Valid,PAY1729,7583.98,UPI,Shaurya,Joshi,64,M,60**********,+9************,sh************************,Unknown,60+,2026-03
B1369,9585a6fe9fdeb56c2583cf346135f842c524d064c6d136b701ea94cc32f44710,6F118,2026-03-18 11:37:36.951,PENDING,15F,IndiGo,CCU,HYD,2026-04-19 19:52:41.702,2026-04-19 21:01:41.702,69.0,1.15,69.0,0.0,Valid,PAY1850,,CARD,Shaurya,Joshi,64,M,60**********,+9************,sh************************,Unknown,60+,2026-03
B1369,9585a6fe9fdeb56c2583cf346135f842c524d064c6d136b701ea94cc32f44710,6F118,2026-03-18 11:37:36.951,PENDING,15F,IndiGo,CCU,HYD,2026-04-19 19:52:41.702,2026-04-19 21:01:41.702,69.0,1.15,69.0,0.0,Valid,PAY1973,10519.7,UPI,Shaurya,Joshi,64,M,60**********,+9************,sh************************,Unknown,60+,2026-03
B1370,c754e805cc58c13693de3d6bbaf4ca473b79a20bc39a95d391a14ba226b28c30,SJ004,2026-01-01 11:37:36.951,CANCELLED,19C,SpiceJet,MAA,DEL,2026-04-19 17:52:41.701,2026-04-19 21:01:41.701,189.0,3.15,189.0,0.0,Valid,PAY1378,1770.53,UPI,Vivaan,Pillai,59,F,27**********,+9************,vi***************************,Unknown,46-60,2026-01
B1370,c754e805cc58c13693de3d6bbaf4ca473b79a20bc39a95d391a14ba226b28c30,SJ004,2026-01-01 11:37:36.951,CANCELLED,19C,SpiceJet,MAA,DEL,2026-04-19 17:52:41.701,2026-04-19 21:01:41.701,189.0,3.15,189.0,0.0,Valid,PAY1712,14742.11,UPI,Vivaan,Pillai,59,F,27**********,+9************,vi***************************,Unknown,46-60,2026-01
B1371,21e853f3600aad697c0928b58f515b7db0f6d7820db35fe3ca776dc81c2a0308,6F206,2025-09-25 11:37:36.951,CANCELLED,15E,IndiGo,DEL,BOM,2026-04-19 16:39:41.703,2026-04-19 20:59:41.703,260.0,4.333333333333333,260.0,0.0,Valid,,,,Aarav,Singh,44,M,97**********,+9************,aa*********************,Unknown,31-45,2025-09
B1372,63e1c2ff2767ca8ceed81263ce666870649190fbb395864203e8c6a17db4f468,SJ130,2025-05-11 11:37:36.951,CANCELLED,11D,SpiceJet,BOM,DEL,2026-04-19 16:53:41.702,2026-04-19 20:53:41.702,240.0,4.0,240.0,0.0,Valid,PAY1245,4621.54,NETBANKING,Krishna,Iyer,29,M,66**********,+9************,kr**************************,Unknown,18-30,2025-05
B1372,63e1c2ff2767ca8ceed81263ce666870649190fbb395864203e8c6a17db4f468,SJ130,2025-05-11 11:37:36.951,CANCELLED,11D,SpiceJet,BOM,DEL,2026-04-19 16:53:41.702,2026-04-19 20:53:41.702,240.0,4.0,240.0,0.0,Valid,PAY1545,5975.68,CARD,Krishna,Iyer,29,M,66**********,+9************,kr**************************,Unknown,18-30,2025-05
B1373,c24146553498b11133c73b471f128c4034fbbc101da3d55d16b786b97abc6fc3,SJ070,2026-02-14 11:37:36.951,CANCELLED,22F,SpiceJet,MAA,CCU,2026-04-19 18:55:41.701,2026-04-19 20:48:41.701,113.0,1.8833333333333333,113.0,0.0,Valid,PAY1180,6540.32,UPI,Ishaan,Gupta,44,M,61**********,+9************,is**********************,Unknown,31-45,2026-02
B1374,10d6d6ecb2a19a228670bab3cf934566fd9976ff05b8628d509958a3af826188,AI085,2025-04-24 11:37:36.951,CANCELLED,7F,Air India,DEL,HYD,2026-04-19 15:45:41.702,2026-04-19 20:33:41.702,288.0,4.8,288.0,0.0,Valid,,,,Muhammad,Singh,63,F,48**********,+9************,mu**********************,Unknown,60+,2025-04
B1375,1881045f69a737bc4f4dd7840b4f9f5b006fbbf3f4b5a605a3c66ddfbdff5ff0,SJ109,2025-09-02 11:37:36.951,CONFIRMED,15B,SpiceJet,BOM,DEL,2026-04-19 17:24:41.702,2026-04-19 20:28:41.702,184.0,3.066666666666667,184.0,0.0,Valid,PAY1342,9150.53,UPI,Muhammad,Banerjee,12,F,59*********,+9************,mu******************************,Unknown,Under 18,2025-09
B1375,1881045f69a737bc4f4dd7840b4f9f5b006fbbf3f4b5a605a3c66ddfbdff5ff0,SJ109,2025-09-02 11:37:36.951,CONFIRMED,15B,SpiceJet,BOM,DEL,2026-04-19 17:24:41.702,2026-04-19 20:28:41.702,184.0,3.066666666666667,184.0,0.0,Valid,PAY1342,9150.53,UPI,Muhammad,Bbanerjee,12,F,95*********,+9************,mu*******************************,Unknown,Under 18,2025-09
B1375,1881045f69a737bc4f4dd7840b4f9f5b006fbbf3f4b5a605a3c66ddfbdff5ff0,SJ109,2025-09-02 11:37:36.951,CONFIRMED,15B,SpiceJet,BOM,DEL,2026-04-19 17:24:41.702,2026-04-19 20:28:41.702,184.0,3.066666666666667,184.0,0.0,Valid,PAY1342,9150.53,UPI,Muhammad,Banerjee,12,F,40**********,+9************,mu*************************,Unknown,Under 18,2025-09
B1375,1881045f69a737bc4f4dd7840b4f9f5b006fbbf3f4b5a605a3c66ddfbdff5ff0,SJ109,2025-09-02 11:37:36.951,CONFIRMED,15B,SpiceJet,BOM,DEL,2026-04-19 17:24:41.702,2026-04-19 20:28:41.702,184.0,3.066666666666667,184.0,0.0,Valid,PAY1531,10064.26,UPI,Muhammad,Banerjee,12,F,59*********,+9************,mu******************************,Unknown,Under 18,2025-09
B1375,1881045f69a737bc4f4dd7840b4f9f5b006fbbf3f4b5a605a3c66ddfbdff5ff0,SJ109,2025-09-02 11:37:36.951,CONFIRMED,15B,SpiceJet,BOM,DEL,2026-04-19 17:24:41.702,2026-04-19 20:28:41.702,184.0,3.066666666666667,184.0,0.0,Valid,PAY1531,10064.26,UPI,Muhammad,Bbanerjee,12,F,95*********,+9************,mu*******************************,Unknown,Under 18,2025-09
B1375,1881045f69a737bc4f4dd7840b4f9f5b006fbbf3f4b5a605a3c66ddfbdff5ff0,SJ109,2025-09-02 11:37:36.951,CONFIRMED,15B,SpiceJet,BOM,DEL,2026-04-19 17:24:41.702,2026-04-19 20:28:41.702,184.0,3.066666666666667,184.0,0.0,Valid,PAY1531,10064.26,UPI,Muhammad,Banerjee,12,F,40**********,+9************,mu*************************,Unknown,Under 18,2025-09
B1376,b4fdf273d54b2ade5506a89ba09603e0594ca44b488621e16852cbc787ac395d,AI168,2025-08-24 11:37:36.951,PENDING,16B,Air India,DEL,CCU,2026-04-19 15:50:41.703,2026-04-19 20:20:41.703,270.0,4.5,270.0,0.0,Valid,PAY1723,12718.31,NETBANKING,Arjun,Sharma,46,F,31*********,+9************,ar********************,Unknown,46-60,2025-08
B1376,b4fdf273d54b2ade5506a89ba09603e0594ca44b488621e16852cbc787ac395d,AI168,2025-08-24 11:37:36.951,PENDING,16B,Air India,DEL,CCU,2026-04-19 15:50:41.703,2026-04-19 20:20:41.703,270.0,4.5,270.0,0.0,Valid,PAY1735,7199.9,UPI,Arjun,Sharma,46,F,31*********,+9************,ar********************,Unknown,46-60,2025-08
B1376,b4fdf273d54b2ade5506a89ba09603e0594ca44b488621e16852cbc787ac395d,AI168,2025-08-24 11:37:36.951,PENDING,16B,Air India,DEL,CCU,2026-04-19 15:50:41.703,2026-04-19 20:20:41.703,270.0,4.5,270.0,0.0,Valid,PAY1949,,UPI,Arjun,Sharma,46,F,31*********,+9************,ar********************,Unknown,46-60,2025-08
B1377,9dbf68e071e2c1bc37c5acc4c1e6272d719672928db5a6393249fee4ee9951b0,UK123,2025-10-24 11:37:36.951,CONFIRMED,26A,Vistara,BOM,DEL,2026-04-19 17:24:41.702,2026-04-19 20:18:41.702,174.0,2.9,174.0,0.0,Valid,,,,Sai,Singh,4,M,58**********,+9************,sa**********************,Unknown,Under 18,2025-10
B1378,5ad895f805352bd089d1618e6d92731687f52b9ec12045b5cfe70faa0821e0fd,UK110,2026-01-16 11:37:36.951,PENDING,30D,Vistara,HYD,DEL,2026-04-19 15:26:41.702,2026-04-19 20:13:41.702,287.0,4.783333333333333,287.0,0.0,Valid,PAY1491,4050.66,UPI,Reyansh,Banerjee,63,M,99**********,+9************,re**************************,Unknown,60+,2026-01
B1378,5ad895f805352bd089d1618e6d92731687f52b9ec12045b5cfe70faa0821e0fd,UK110,2026-01-16 11:37:36.951,PENDING,30D,Vistara,HYD,DEL,2026-04-19 15:26:41.702,2026-04-19 20:13:41.702,287.0,4.783333333333333,287.0,0.0,Valid,PAY1896,10365.35,CARD,Reyansh,Banerjee,63,M,99**********,+9************,re**************************,Unknown,60+,2026-01
B1379,735846a90b8720be80c983aef65b04a379a43e86c0f4a8ccc5310b77f7271dff,AI206,2025-11-02 11:37:36.951,PENDING,31C,Air India,CCU,MAA,2026-04-19 16:30:41.703,2026-04-19 20:01:41.703,211.0,3.5166666666666666,211.0,0.0,Valid,,,,Krishna,Nair,56,M,79**********,+9************,kr*********************,Unknown,46-60,2025-11
B1380,013d99516c3b5284e05ed24e98fead9f9c3fc2ccc5886314c7ff6b72aa3a2482,6F007,2026-04-16 11:37:36.951,PENDING,6B,IndiGo,HYD,MAA,2026-04-19 18:55:41.701,2026-04-19 19:54:41.701,59.0,0.9833333333333333,59.0,0.0,Valid,PAY1307,14705.02,CARD,Anika,Iyer,51,F,29**********,+9************,an******************,Unknown,46-60,2026-04
B1381,15fd27eb5581a4470d632fb8f63f155f85e2ae84e05544a2f9e169da810e6711,SJ013,2025-11-11 11:37:36.951,PENDING,33A,SpiceJet,DEL,MAA,2026-04-19 15:25:41.701,2026-04-19 19:54:41.701,269.0,4.483333333333333,269.0,0.0,Valid,PAY1975,7452.89,UPI,Ishaan,Singh,85,F,40**********,+9************,is***********************,Unknown,60+,2025-11
B1382,cdc2e6ec383396f644a32ca366118b4a309e0ffe202578b23ed4ccdd0d0099d4,UK061,2025-09-19 11:37:36.951,PENDING,20D,Vistara,BLR,BOM,2026-04-19 17:58:41.701,2026-04-19 19:48:41.701,110.0,1.8333333333333333,110.0,0.0,Valid,PAY1239,14862.46,UPI,Krishna,Agarwal,57,F,46*********,+9************,kr*************************,Unknown,46-60,2025-09
B1383,2271c9268b10ca16a8458505c1f7f05fe98580f7411f2245579a82ba80687066,AI010,2025-09-24 11:37:36.951,CANCELLED,8C,Air India,BOM,HYD,2026-04-19 15:00:41.701,2026-04-19 19:48:41.701,288.0,4.8,288.0,0.0,Valid,,,,Ira,Nair,40,M,90**********,+9************,ir****************,Unknown,31-45,2025-09
B1384,ab354da3fa71b24d589ecd87a5023da29288a6d317b2edd06829a827f500fbb6,AI024,2025-05-16 11:37:36.951,CONFIRMED,11D,Air India,MAA,BOM,2026-04-19 18:38:41.701,2026-04-19 19:45:41.701,67.0,1.1166666666666667,67.0,0.0,Valid,PAY1594,5107.55,NETBANKING,Riya,Agarwal,41,M,30**********,+9************,ri********************,Unknown,31-45,2025-05
B1385,10ec5467b62dbd27378d1fff18fea368e3c6a52b3c796c8ea97fe8fbf30db16f,UK130,2025-06-08 11:37:36.951,CONFIRMED,30B,Vistara,MAA,BLR,2026-04-19 15:36:41.702,2026-04-19 19:43:41.702,247.0,4.116666666666666,247.0,0.0,Valid,,,,Ira,Sharma,54,F,37**********,+9************,ir********************,Unknown,46-60,2025-06
B1386,79033b56d853693270e1b765fcd2c2250f8517228f25b69ce7432d748caae205,AI161,2026-03-12 11:37:36.951,CANCELLED,10A,Air India,CCU,BOM,2026-04-19 16:40:41.703,2026-04-19 19:40:41.703,180.0,3.0,180.0,0.0,Valid,,,,Ira,Banerjee,29,F,49**********,+9************,ir********************,Unknown,18-30,2026-03
B1387,fbfdae7167ca504fb6574b58058717aec2eb950ea169dfd4a4e81f4a4d437af7,SJ208,2025-07-23 11:37:36.951,PENDING,24F,SpiceJet,DEL,HYD,2026-04-19 18:32:41.703,2026-04-19 19:33:41.703,61.0,1.0166666666666666,61.0,0.0,Valid,,,,Diya,Iyer,23,M,61*********,+9************,di*******************,Unknown,18-30,2025-07
B1388,f4133d1257c4df22d1f3160f167fa0b82a2d16ffc2fa6076b0dd622aa9284cbf,6F038,2025-09-23 11:37:36.951,Unknown,8D,IndiGo,HYD,MAA,2026-04-19 15:36:41.701,2026-04-19 19:33:41.701,237.0,3.95,237.0,0.0,Valid,PAY1317,10389.84,NETBANKING,Ira,Chatterjee,33,F,43**********,+9************,ir**********************,Unknown,31-45,2025-09
B1388,f4133d1257c4df22d1f3160f167fa0b82a2d16ffc2fa6076b0dd622aa9284cbf,6F038,2025-09-23 11:37:36.951,Unknown,8D,IndiGo,HYD,MAA,2026-04-19 15:36:41.701,2026-04-19 19:33:41.701,237.0,3.95,237.0,0.0,Valid,PAY1734,12160.17,UPI,Ira,Chatterjee,33,F,43**********,+9************,ir**********************,Unknown,31-45,2025-09
B1389,8e26350544cae3f0f70ce8db62951546a2e8e09af01719b2917ac5c05e1798cc,6F085,2026-02-22 11:37:36.951,Unknown,30D,IndiGo,HYD,MAA,2026-04-19 17:32:41.702,2026-04-19 19:32:42.000,120.00496666666666,2.0000827777777777,120.0,0.004966666666661013,Valid,PAY1344,,NETBANKING,Vivaan,Singh,9,F,63**********,+9************,vi**************************,Unknown,Under 18,2026-02
B1390,7aa176d0a5f6a996e7fe57dec83784416fe6d898c98ce4815d2a6492d57a6472,SJ028,2026-03-09 11:37:36.951,CANCELLED,8C,SpiceJet,CCU,BOM,2026-04-19 15:04:41.701,2026-04-19 19:32:41.701,268.0,4.466666666666667,268.0,0.0,Valid,,,,Riya,Singh,56,M,83**********,+9************,ri***********************,Unknown,46-60,2026-03
B1391,0e699f0e06c390e586417eb020e3a0d80b33e618c62a55599068d510c850b9e3,SJ084,2025-11-26 11:37:36.951,CONFIRMED,21F,SpiceJet,HYD,MAA,2026-04-19 18:31:41.702,2026-04-19 19:30:41.702,59.0,0.9833333333333333,59.0,0.0,Valid,PAY1143,10930.16,CARD,Vivaan,Mishra,54,F,96**********,+9************,vi*********************,Unknown,46-60,2025-11
B1391,0e699f0e06c390e586417eb020e3a0d80b33e618c62a55599068d510c850b9e3,SJ084,2025-11-26 11:37:36.951,CONFIRMED,21F,SpiceJet,HYD,MAA,2026-04-19 18:31:41.702,2026-04-19 19:30:41.702,59.0,0.9833333333333333,59.0,0.0,Valid,PAY1282,14307.48,UPI,Vivaan,Mishra,54,F,96**********,+9************,vi*********************,Unknown,46-60,2025-11
B1391,0e699f0e06c390e586417eb020e3a0d80b33e618c62a55599068d510c850b9e3,SJ084,2025-11-26 11:37:36.951,CONFIRMED,21F,SpiceJet,HYD,MAA,2026-04-19 18:31:41.702,2026-04-19 19:30:41.702,59.0,0.9833333333333333,59.0,0.0,Valid,PAY1525,10231.31,CARD,Vivaan,Mishra,54,F,96**********,+9************,vi*********************,Unknown,46-60,2025-11
B1392,dd0d4f009ccd8b20446938da00fde4d16ce9a707f7318dd1f54c3dafd7e07f28,AI139,2026-03-27 11:37:36.951,CONFIRMED,21D,Air India,HYD,MAA,2026-04-19 18:23:41.702,2026-04-19 19:24:41.702,61.0,1.0166666666666666,61.0,0.0,Valid,,,,Aditya,Kulkarni,82,M,37**********,+9************,ad*************************,Unknown,60+,2026-03
B1393,06cf5fba4db048c6700c1058a21ce384bf0093a18e77441744df25a610cba230,UK179,2026-04-06 11:37:36.951,PENDING,26E,Vistara,DEL,HYD,2026-04-19 14:25:41.703,2026-04-19 19:15:41.703,290.0,4.833333333333333,290.0,0.0,Valid,PAY1749,5252.26,UPI,Aarav,Chatterjee,22,M,43**********,+9************,aa************************,Unknown,18-30,2026-04
B1394,37f70e517d13b58c91152dc3c591320d5d08e0be15019d148e5655232948953a,6F256,2025-07-23 11:37:36.951,PENDING,23F,IndiGo,BOM,CCU,2026-04-19 18:40:41.702,2026-04-19 19:13:41.702,33.0,0.55,33.0,0.0,Valid,,,,Sara,Verma,28,F,34**********,+9************,sa******************,Unknown,18-30,2025-07
B1395,3c5a756d3cd50af2c1cceb589f32a40d1a67aed43e64136cfbab05982a63230e,UK023,2026-02-10 11:37:36.951,Unknown,23B,Vistara,DEL,MAA,2026-04-19 14:15:41.701,2026-04-19 19:03:41.701,288.0,4.8,288.0,0.0,Valid,PAY1643,10317.13,NETBANKING,Reyansh,Reddy,37,F,99**********,+9************,re*********************,Unknown,31-45,2026-02
B1396,cb8500518a266d0a024d0a16e212d8f568a9d5a6ff092b0c3a15c9f2851823d4,AI039,2025-08-03 11:37:36.951,Unknown,13E,Air India,MAA,BLR,2026-04-19 15:24:41.701,2026-04-19 18:56:41.701,212.0,3.533333333333333,212.0,0.0,Valid,PAY1564,1731.44,CARD,Shaurya,Kulkarni,52,F,41*********,+9************,sh************************,Unknown,46-60,2025-08
B1396,cb8500518a266d0a024d0a16e212d8f568a9d5a6ff092b0c3a15c9f2851823d4,AI039,2025-08-03 11:37:36.951,Unknown,13E,Air India,MAA,BLR,2026-04-19 15:24:41.701,2026-04-19 18:56:41.701,212.0,3.533333333333333,212.0,0.0,Valid,PAY1985,14467.69,CARD,Shaurya,Kulkarni,52,F,41*********,+9************,sh************************,Unknown,46-60,2025-08
B1397,8537c2efa30e935deb54fe09333c46fc8c4a8e94c6a0d5071c78a160d734748f,UK190,2026-02-05 11:37:36.951,CANCELLED,28D,Vistara,DEL,BLR,2026-04-19 15:49:41.703,2026-04-19 18:53:41.703,184.0,3.066666666666667,184.0,0.0,Valid,PAY1966,3065.33,NETBANKING,Saanvi,Chatterjee,18,M,29**********,+9************,sa******************************,Unknown,Under 18,2026-02
B1398,4501ed1c58dd1fd2e579358f8d11c8862f6f538680eb712ec38db5827d52e883,6F224,2026-02-04 11:37:36.951,PENDING,3E,IndiGo,DEL,MAA,2026-04-19 16:53:41.704,2026-04-19 18:52:41.704,119.0,1.9833333333333334,119.0,0.0,Valid,PAY1347,7148.95,NETBANKING,Krishna,Nair,3,M,80**********,+9************,kr********************,Unknown,Under 18,2026-02
B1399,fcba60f55cac724244b245a65498aa46e73d352ad9540883c0139d3ddab15a1f,UK221,2025-05-31 11:37:36.951,PENDING,7A,Vistara,CCU,DEL,2026-04-19 14:18:41.704,2026-04-19 18:44:41.704,266.0,4.433333333333334,266.0,0.0,Valid,,,,Ishaan,Naidu,5,M,19**********,+9************,is*************************,Unknown,Under 18,2025-05
B1400,d4b256a73ebbf0e5b9719293cd5872b7a42284f944c914c2bd3b5a53a3ea41fd,SJ107,2026-04-02 11:37:36.951,CANCELLED,12F,SpiceJet,BOM,MAA,2026-04-19 14:10:41.702,2026-04-19 18:38:41.702,268.0,4.466666666666667,268.0,0.0,Valid,PAY1776,3063.78,UPI,Aditya,Das,59,F,19**********,+9************,ad******************,Unknown,46-60,2026-04
B1401,3d817a3baaeab5918782cebbce2614e3be8b2aa2e4a7d6573775ad000da95c0a,UK155,2025-04-20 11:37:36.951,Unknown,21D,Vistara,MAA,HYD,2026-04-19 14:34:41.703,2026-04-19 18:37:41.703,243.0,4.05,243.0,0.0,Valid,PAY1261,10393.94,CARD,Aditya,Nair,49,F,44**********,+9************,ad************************,Unknown,46-60,2025-04
B1401,3d817a3baaeab5918782cebbce2614e3be8b2aa2e4a7d6573775ad000da95c0a,UK155,2025-04-20 11:37:36.951,Unknown,21D,Vistara,MAA,HYD,2026-04-19 14:34:41.703,2026-04-19 18:37:41.703,243.0,4.05,243.0,0.0,Valid,PAY1842,2700.51,UPI,Aditya,Nair,49,F,44**********,+9************,ad************************,Unknown,46-60,2025-04
B1401,3d817a3baaeab5918782cebbce2614e3be8b2aa2e4a7d6573775ad000da95c0a,UK155,2025-04-20 11:37:36.951,Unknown,21D,Vistara,MAA,HYD,2026-04-19 14:34:41.703,2026-04-19 18:37:41.703,243.0,4.05,243.0,0.0,Valid,PAY1885,7755.08,CARD,Aditya,Nair,49,F,44**********,+9************,ad************************,Unknown,46-60,2025-04
B1402,7f8a4f8fcffd556d60cdd9cb6d9881c5f0952f211e879052948e285011a4da4c,UK183,2026-03-21 11:37:36.951,CANCELLED,7E,Vistara,BLR,CCU,2026-04-19 17:07:41.703,2026-04-19 18:30:41.703,83.0,1.3833333333333333,83.0,0.0,Valid,PAY1607,9048.17,NETBANKING,Shaurya,Joshi,45,F,53*********,+9************,sh*********************,Unknown,31-45,2026-03
B1402,7f8a4f8fcffd556d60cdd9cb6d9881c5f0952f211e879052948e285011a4da4c,UK183,2026-03-21 11:37:36.951,CANCELLED,7E,Vistara,BLR,CCU,2026-04-19 17:07:41.703,2026-04-19 18:30:41.703,83.0,1.3833333333333333,83.0,0.0,Valid,PAY1798,7010.5,UPI,Shaurya,Joshi,45,F,53*********,+9************,sh*********************,Unknown,31-45,2026-03
B1403,6515520768c95a5f9eb8e00e887f960da5f9152736525f43c985a851f5bbec35,SJ203,2025-05-08 11:37:36.951,PENDING,26A,SpiceJet,DEL,HYD,2026-04-19 16:22:41.703,2026-04-19 18:27:41.703,125.0,2.0833333333333335,125.0,0.0,Valid,,,,Diya,Mishra,1,M,25*********,+9************,di********************,Unknown,Under 18,2025-05
B1404,6c78ca347eb017af2b5b06207cb1dbb8974d9429ed43b397a5e91b4af78ada20,6F253,2026-03-07 11:37:36.951,Unknown,16A,IndiGo,MAA,BLR,2026-04-19 16:26:41.703,2026-04-19 18:24:41.703,118.0,1.9666666666666666,118.0,0.0,Valid,PAY1104,7473.06,UPI,Vivaan,Mishra,17,M,61**********,+9************,vi**************************,Unknown,Under 18,2026-03
B1405,5878c05908f7ccf9727182c3c14470e84de2a2d890aa6a301ecb7dbde8b34ef3,AI100,2025-08-26 11:37:36.951,PENDING,32F,Air India,CCU,BOM,2026-04-19 14:42:41.702,2026-04-19 18:22:41.702,220.0,3.6666666666666665,220.0,0.0,Valid,,,,Arjun,Das,40,F,89*********,+9************,ar********************,Unknown,31-45,2025-08
B1406,1f48e7b58235f1c6c2b7353190b545fb09ec1a460a4d9b3700a2542cb336f9ad,6F140,2025-06-24 11:37:36.951,CONFIRMED,15D,IndiGo,CCU,HYD,2026-04-19 16:30:41.702,2026-04-19 18:21:41.702,111.0,1.85,111.0,0.0,Valid,PAY1604,14922.3,NETBANKING,Diya,Sharma,48,F,66**********,+9************,di*******************,Unknown,46-60,2025-06
B1406,1f48e7b58235f1c6c2b7353190b545fb09ec1a460a4d9b3700a2542cb336f9ad,6F140,2025-06-24 11:37:36.951,CONFIRMED,15D,IndiGo,CCU,HYD,2026-04-19 16:30:41.702,2026-04-19 18:21:41.702,111.0,1.85,111.0,0.0,Valid,PAY1681,6800.32,NETBANKING,Diya,Sharma,48,F,66**********,+9************,di*******************,Unknown,46-60,2025-06
B1407,bb9132d26cbca0e016df03b78092d28936b000d4e484bc0e3b0a154484a240ed,UK048,2025-08-26 11:37:36.951,CONFIRMED,25A,Vistara,MAA,DEL,2026-04-19 13:36:41.701,2026-04-19 18:21:41.701,285.0,4.75,285.0,0.0,Valid,,,,Reyansh,Singh,23,F,52**********,+9************,re*********************,Unknown,18-30,2025-08
B1408,9e9cdc2bf4b91e70025e63cc7ea079b158f64e6d9631a7cc43556b9c29593df6,SJ204,2025-07-29 11:37:36.951,CONFIRMED,12F,SpiceJet,CCU,DEL,2026-04-19 16:34:41.703,2026-04-19 18:15:41.703,101.0,1.6833333333333333,101.0,0.0,Valid,PAY1089,6561.39,UPI,Reyansh,Patel,86,F,38**********,+9************,re***********************,Unknown,60+,2025-07
B1408,9e9cdc2bf4b91e70025e63cc7ea079b158f64e6d9631a7cc43556b9c29593df6,SJ204,2025-07-29 11:37:36.951,CONFIRMED,12F,SpiceJet,CCU,DEL,2026-04-19 16:34:41.703,2026-04-19 18:15:41.703,101.0,1.6833333333333333,101.0,0.0,Valid,PAY1496,1244.03,NETBANKING,Reyansh,Patel,86,F,38**********,+9************,re***********************,Unknown,60+,2025-07
B1409,5d042d25d06d51fbd78a2786c9f26c209908332be3a106bd04d4ca9068850202,UK105,2026-03-24 11:37:36.951,CONFIRMED,28C,Vistara,CCU,HYD,2026-04-19 17:04:41.702,2026-04-19 18:11:41.702,67.0,1.1166666666666667,67.0,0.0,Valid,PAY1629,1095.0,UPI,Ishaan,Kulkarni,33,F,66**********,+9************,is**************************,Unknown,31-45,2026-03
B1410,881c00d2b84a6a006122b3980c9909139c98b62633c8c1648e5b2e9f4045482f,AI098,2026-04-13 11:37:36.951,CONFIRMED,32C,Air India,HYD,MAA,2026-04-19 16:01:41.702,2026-04-19 18:11:41.702,130.0,2.1666666666666665,130.0,0.0,Valid,,,,Aadhya,Nair,37,M,14**********,+9************,aa*********************,Unknown,31-45,2026-04
B1410,881c00d2b84a6a006122b3980c9909139c98b62633c8c1648e5b2e9f4045482f,AI098,2026-04-13 11:37:36.951,CONFIRMED,32C,Air India,HYD,MAA,2026-04-19 16:01:41.702,2026-04-19 18:11:41.702,130.0,2.1666666666666665,130.0,0.0,Valid,,,,AadhyaNair,Unknown,37,M,44**********,+9************,aa***********************,Unknown,31-45,2026-04
B1411,ae37fa4a6e4efefde12bd52af53066456a5c1b5a8b5ad036317a0dc0218e0db1,6F013,2025-10-12 11:37:36.951,CANCELLED,1A,IndiGo,BOM,CCU,2026-04-19 13:15:41.701,2026-04-19 18:05:41.701,290.0,4.833333333333333,290.0,0.0,Valid,PAY1526,5888.25,CARD,Sai,Kulkarni,8,F,39**********,+9************,sa********************,Unknown,Under 18,2025-10
B1411,ae37fa4a6e4efefde12bd52af53066456a5c1b5a8b5ad036317a0dc0218e0db1,6F013,2025-10-12 11:37:36.951,CANCELLED,1A,IndiGo,BOM,CCU,2026-04-19 13:15:41.701,2026-04-19 18:05:41.701,290.0,4.833333333333333,290.0,0.0,Valid,PAY1833,7520.78,NETBANKING,Sai,Kulkarni,8,F,39**********,+9************,sa********************,Unknown,Under 18,2025-10
B1412,9c90f9d7d09cf46dbd5bc724a796b3ce1fd1c65d9a531c50bfe36465f539c681,6F128,2025-11-18 11:37:36.951,CANCELLED,28E,IndiGo,HYD,DEL,2026-04-19 16:56:41.702,2026-04-19 18:03:41.702,67.0,1.1166666666666667,67.0,0.0,Valid,PAY1708,10616.41,NETBANKING,Vivaan,Das,61,M,91**********,+9************,vi********************,Unknown,60+,2025-11
B1413,8249f45e7acc37f4632d0a259fbec44a4ed875f9ba9f655e0c57b224d001a1f9,SJ038,2025-10-05 11:37:36.951,Unknown,14A,SpiceJet,BLR,DEL,2026-04-19 14:57:41.701,2026-04-19 17:46:41.701,169.0,2.816666666666667,169.0,0.0,Valid,,,,Vivaan,Agarwal,71,F,70**********,+9************,vi************************,Unknown,60+,2025-10
B1414,2d65aaff1dc20486978ace9c77e94bad4e166cd3201e51cc01a636e375a3a606,SJ182,2026-01-07 11:37:36.951,CONFIRMED,25F,SpiceJet,CCU,BOM,2026-04-19 16:48:41.703,2026-04-19 17:36:41.703,48.0,0.8,48.0,0.0,Valid,PAY1924,6182.07,NETBANKING,Kavya,Patel,25,M,49**********,+9************,ka*********************,Unknown,18-30,2026-01
B1414,2d65aaff1dc20486978ace9c77e94bad4e166cd3201e51cc01a636e375a3a606,SJ182,2026-01-07 11:37:36.951,CONFIRMED,25F,SpiceJet,CCU,BOM,2026-04-19 16:48:41.703,2026-04-19 17:36:41.703,48.0,0.8,48.0,0.0,Valid,PAY1924,6182.07,NETBANKING,Kavya,Patel,25,M,82*********,+9************,ka**********************,Unknown,18-30,2026-01
B1415,3fd6c6a6cc99badcd994e57f26eb48e6a13687640d02d155eaed0cece624ed0e,6F199,2026-03-22 11:37:36.951,PENDING,23B,IndiGo,DEL,MAA,2026-04-19 15:15:41.703,2026-04-19 17:32:41.703,137.0,2.283333333333333,137.0,0.0,Valid,,,,Muhammad,Sharma,13,M,10**********,+9************,mu***********************,Unknown,Under 18,2026-03
B1416,c8666e35e4376147daa64fbecafd2397fec3516cc643574c7d70e26fb1040f2a,SJ187,2025-08-17 11:37:36.951,CANCELLED,20B,SpiceJet,MAA,BLR,2026-04-19 14:07:41.703,2026-04-19 17:30:41.703,203.0,3.3833333333333333,203.0,0.0,Valid,,,,Anika,Kulkarni,58,F,75*********,+9************,an**********************,Unknown,46-60,2025-08
B1417,1e373aeda1556f7d6017e2900a519b40e81a9d833fb84176f353c5077e2b2936,AI182,2025-08-18 11:37:36.951,PENDING,8E,Air India,HYD,DEL,2026-04-19 12:41:41.703,2026-04-19 17:14:41.703,273.0,4.55,273.0,0.0,Valid,PAY1253,3361.82,UPI,Saanvi,Joshi,53,M,82**********,+9************,sa**********************,Unknown,46-60,2025-08
B1417,1e373aeda1556f7d6017e2900a519b40e81a9d833fb84176f353c5077e2b2936,AI182,2025-08-18 11:37:36.951,PENDING,8E,Air India,HYD,DEL,2026-04-19 12:41:41.703,2026-04-19 17:14:41.703,273.0,4.55,273.0,0.0,Valid,PAY1353,3890.23,UPI,Saanvi,Joshi,53,M,82**********,+9************,sa**********************,Unknown,46-60,2025-08
B1418,d9b6a9917a89ffe75a69702b745bac5690f52c4610df6ffa7c927dbe92f70f16,SJ027,2025-05-04 11:37:36.951,PENDING,19D,SpiceJet,BOM,MAA,2026-04-19 12:50:41.701,2026-04-19 17:13:41.701,263.0,4.383333333333334,263.0,0.0,Valid,PAY1147,12326.46,CARD,Sai,Mishra,25,M,64**********,+9************,sa******************,Unknown,18-30,2025-05
B1419,39d03c4167d7676d221533e473f0d21870452dfa5c4ba1cac63e2c5696ebf8b0,SJ062,2026-01-20 11:37:36.951,CONFIRMED,20E,SpiceJet,BLR,HYD,2026-04-19 13:37:41.701,2026-04-19 17:06:41.701,209.0,3.4833333333333334,209.0,0.0,Valid,PAY1085,3513.0,NETBANKING,Sara,Verma,63,F,11**********,+9************,sa*******************,Unknown,60+,2026-01
B1419,39d03c4167d7676d221533e473f0d21870452dfa5c4ba1cac63e2c5696ebf8b0,SJ062,2026-01-20 11:37:36.951,CONFIRMED,20E,SpiceJet,BLR,HYD,2026-04-19 13:37:41.701,2026-04-19 17:06:41.701,209.0,3.4833333333333334,209.0,0.0,Valid,PAY1205,1424.75,CARD,Sara,Verma,63,F,11**********,+9************,sa*******************,Unknown,60+,2026-01
B1420,69fd58484aa6c379bc58b3399dcf2fa5c864da1db856d20cf157bb901840fd88,SJ161,2026-02-24 11:37:36.951,CONFIRMED,27B,SpiceJet,MAA,BLR,2026-04-19 16:22:41.703,2026-04-19 17:04:41.703,42.0,0.7,42.0,0.0,Valid,PAY1913,7161.79,UPI,Ira,Naidu,77,F,63**********,+9************,ir******************,Unknown,60+,2026-02
B1421,028cb64631392a377977c87bedcb83b08efa3795ef7252615e60dd9e8b72102e,UK058,2025-10-03 11:37:36.951,Unknown,23C,Vistara,MAA,BOM,2026-04-19 13:46:41.701,2026-04-19 17:04:41.701,198.0,3.3,198.0,0.0,Valid,,,,Reyansh,Chatterjee,26,M,76**********,+9************,re****************************,Unknown,18-30,2025-10
B1422,90b4e732ed7b857b631db1628f6d3aacca64e3954d38a803da76f97f588eaec2,AI181,2026-01-04 11:37:36.951,CANCELLED,12D,Air India,MAA,HYD,2026-04-19 13:29:41.703,2026-04-19 16:55:41.703,206.0,3.433333333333333,206.0,0.0,Valid,PAY1210,4826.6,UPI,Riya,Patel,61,F,78**********,+9************,ri*********************,Unknown,60+,2026-01
B1423,24408563e5a55389f4d0c14b5c0ea4c58f2f5884eb1733220397e93a75c7007c,AI003,2025-06-12 11:37:36.951,CONFIRMED,14A,Air India,BLR,HYD,2026-04-19 13:27:41.701,2026-04-19 16:55:41.701,208.0,3.466666666666667,208.0,0.0,Valid,,,,Ishaan,Gupta,46,M,81**********,+9************,is**********************,Unknown,46-60,2025-06
B1424,54880709cf829c2d0d703d6ee6f77deed4c47aeb026f35def2f7a6b2e789432d,6F150,2025-11-05 11:37:36.951,CANCELLED,11D,IndiGo,HYD,MAA,2026-04-19 12:55:41.703,2026-04-19 16:53:41.703,238.0,3.966666666666667,238.0,0.0,Valid,,,,Muhammad,Khan,2,F,50**********,+9************,mu*********************,Unknown,Under 18,2025-11
B1425,0c217e152ccd55f1a535c71a74417b87d18517d362761af9e40aec699d050137,SJ175,2025-06-28 11:37:36.951,CANCELLED,34E,SpiceJet,MAA,BLR,2026-04-19 12:46:41.703,2026-04-19 16:50:41.703,244.0,4.066666666666666,244.0,0.0,Valid,,,,Reyansh,Khan,63,M,96**********,+9************,re********************,Unknown,60+,2025-06
B1426,370a5d9b1e3c152abd94138f869cda838b8cbfee5c965e3d0343efe0bebe74d5,6F041,2025-12-15 11:37:36.951,CANCELLED,17C,IndiGo,MAA,BOM,2026-04-19 13:19:41.701,2026-04-19 16:48:41.701,209.0,3.4833333333333334,209.0,0.0,Valid,PAY1710,,CARD,Shaurya,Banerjee,4,F,71**********,+9************,sh*************************,Unknown,Under 18,2025-12
B1427,228617b3e082657a58da30650b2fb1949a3b5e0caac340093eef48a1c41397dc,SJ040,2026-04-15 11:37:36.951,CANCELLED,16E,SpiceJet,BOM,CCU,2026-04-19 13:12:41.701,2026-04-19 16:44:41.701,212.0,3.533333333333333,212.0,0.0,Valid,,,,Sai,Banerjee,78,M,49**********,+9************,sa*********************,Unknown,60+,2026-04
B1428,0271a1d8f8a99a208013ae3a75d36081e26d30472bc25ced8ac6dd1fcde8a2a0,6F020,2025-06-17 11:37:36.951,CONFIRMED,27C,IndiGo,BOM,HYD,2026-04-19 14:58:41.701,2026-04-19 16:43:41.701,105.0,1.75,105.0,0.0,Valid,,,,Riya,Das,48,F,97**********,+9************,ri*****************,Unknown,46-60,2025-06
B1429,26376445980d26bc12941def79163d953b953328c691492cb9be226039995e6e,AI248,2025-05-08 11:37:36.951,CANCELLED,27B,Air India,CCU,DEL,2026-04-19 15:17:41.704,2026-04-19 16:35:41.704,78.0,1.3,78.0,0.0,Valid,PAY1454,6939.44,CARD,Vivaan,Mishra,39,F,82**********,+9************,vi**********************,Unknown,31-45,2025-05
B1429,26376445980d26bc12941def79163d953b953328c691492cb9be226039995e6e,AI248,2025-05-08 11:37:36.951,CANCELLED,27B,Air India,CCU,DEL,2026-04-19 15:17:41.704,2026-04-19 16:35:41.704,78.0,1.3,78.0,0.0,Valid,PAY1829,9998.44,CARD,Vivaan,Mishra,39,F,82**********,+9************,vi**********************,Unknown,31-45,2025-05
B1430,9d2990bf14adf28987ad0230c0d32cf41e5dd7c9fe67790ce87de1a0d14dfc34,SJ016,2026-02-08 11:37:36.951,CONFIRMED,11A,SpiceJet,HYD,CCU,2026-04-19 13:01:41.701,2026-04-19 16:26:41.701,205.0,3.4166666666666665,205.0,0.0,Valid,,,,Ira,Agarwal,48,M,96*********,+9************,ir************************,Unknown,46-60,2026-02
B1431,6cb07625c8ce61e7fb453d4f324e936581ec3f8f5a9910869e86bf2226480e9b,UK204,2025-11-21 11:37:36.951,CONFIRMED,31C,Vistara,BLR,DEL,2026-04-19 14:46:41.703,2026-04-19 16:24:41.703,98.0,1.6333333333333333,98.0,0.0,Valid,PAY1717,9678.57,CARD,Kavya,Sharma,52,M,96**********,+9************,ka********************,Unknown,46-60,2025-11
B1431,6cb07625c8ce61e7fb453d4f324e936581ec3f8f5a9910869e86bf2226480e9b,UK204,2025-11-21 11:37:36.951,CONFIRMED,31C,Vistara,BLR,DEL,2026-04-19 14:46:41.703,2026-04-19 16:24:41.703,98.0,1.6333333333333333,98.0,0.0,Valid,PAY1917,12583.38,NETBANKING,Kavya,Sharma,52,M,96**********,+9************,ka********************,Unknown,46-60,2025-11
B1432,bb7774ccaf953afb4ae638b67587b7b5f0570cabfbbdf5e8da80edee03a0829e,6F211,2025-09-02 11:37:36.951,CANCELLED,9B,IndiGo,MAA,BLR,2026-04-19 11:29:41.703,2026-04-19 16:20:41.703,291.0,4.85,291.0,0.0,Valid,,,,Aditya,Das,24,M,87**********,+9************,ad*******************,Unknown,18-30,2025-09
B1433,c7ccf6a417208a4d93399733f39ed59bee1b97558dd765c7045aa071123b4d68,SJ166,2025-05-07 11:37:36.951,CONFIRMED,5B,SpiceJet,CCU,HYD,2026-04-19 12:51:41.703,2026-04-19 16:18:41.703,207.0,3.45,207.0,0.0,Valid,PAY1377,1901.67,UPI,Anika,Sharma,28,F,35**********,+9************,an********************,Unknown,18-30,2025-05
B1433,c7ccf6a417208a4d93399733f39ed59bee1b97558dd765c7045aa071123b4d68,SJ166,2025-05-07 11:37:36.951,CONFIRMED,5B,SpiceJet,CCU,HYD,2026-04-19 12:51:41.703,2026-04-19 16:18:41.703,207.0,3.45,207.0,0.0,Valid,PAY1785,14067.26,CARD,Anika,Sharma,28,F,35**********,+9************,an********************,Unknown,18-30,2025-05
B1434,299bf2b46c2d2014c31c4e663242cf1252c7b080d88cce3b4a92f83b74d0b156,AI036,2025-10-19 11:37:36.951,PENDING,30C,Air India,BOM,CCU,2026-04-19 14:45:41.701,2026-04-19 16:16:41.701,91.0,1.5166666666666666,91.0,0.0,Valid,PAY1232,4962.24,NETBANKING,Anika,Iyer,84,M,14**********,+9************,an*********************,Unknown,60+,2025-10
B1434,299bf2b46c2d2014c31c4e663242cf1252c7b080d88cce3b4a92f83b74d0b156,AI036,2025-10-19 11:37:36.951,PENDING,30C,Air India,BOM,CCU,2026-04-19 14:45:41.701,2026-04-19 16:16:41.701,91.0,1.5166666666666666,91.0,0.0,Valid,PAY1541,1027.05,UPI,Anika,Iyer,84,M,14**********,+9************,an*********************,Unknown,60+,2025-10
B1435,080a17634682e71ccff40216f33d1db23888846acac37c1bcd92906b217651d1,SJ215,2025-09-18 11:37:36.951,CONFIRMED,1E,SpiceJet,CCU,DEL,2026-04-19 14:37:41.703,2026-04-19 16:12:41.703,95.0,1.5833333333333333,95.0,0.0,Valid,PAY1956,8589.93,CARD,Ira,Banerjee,29,M,15**********,+9************,ir***********************,Unknown,18-30,2025-09
B1436,142269fb0b4837a6e59968db67dd27409803d9d8ee3cfcd2f7b6e12f15b26ada,AI076,2026-01-05 11:37:36.951,CONFIRMED,20B,Air India,BLR,BOM,2026-04-19 15:37:41.702,2026-04-19 16:12:41.702,35.0,0.5833333333333334,35.0,0.0,Valid,,,,Anika,Pillai,66,M,39**********,+9************,an***********************,Unknown,60+,2026-01
B1437,025863560afc7b8c9b2bb07f8c9b0b0e121df2fbbbe2f5a805e4307afc34d9a0,SJ012,2025-11-28 11:37:36.951,CANCELLED,24A,SpiceJet,HYD,BLR,2026-04-19 15:01:41.701,2026-04-19 16:12:41.701,71.0,1.1833333333333333,71.0,0.0,Valid,,,,Sara,Ghosh,38,M,82**********,+9************,sa********************,Unknown,31-45,2025-11
B1438,c69e01f1f8c5b49bd6cf223cf519595b36def4bdcaa285f1453b19422941dcc4,AI073,2026-04-01 11:37:36.951,Unknown,20D,Air India,BOM,BLR,2026-04-19 14:08:41.702,2026-04-19 16:10:41.702,122.0,2.033333333333333,122.0,0.0,Valid,PAY1459,7670.85,UPI,Sai,Chatterjee,17,M,34**********,+9************,sa*************************,Unknown,Under 18,2026-04
B1439,a04db1b85ec66df8d551e8c37b9b69bc4e1ff6bc91c7992d9d371ebf4f5d58c4,SJ173,2025-11-09 11:37:36.951,CONFIRMED,27E,SpiceJet,CCU,HYD,2026-04-19 14:27:41.703,2026-04-19 16:09:41.703,102.0,1.7,102.0,0.0,Valid,PAY1393,7292.76,NETBANKING,Ira,Banerjee,26,F,36**********,+9************,ir********************,Unknown,18-30,2025-11
B1440,cb63a34e951c83ee61425ccfca410cae16bee83cbaec915c07c10ce5ef44a375,AI193,2026-03-09 11:37:36.951,CANCELLED,25E,Air India,MAA,HYD,2026-04-19 11:33:41.703,2026-04-19 16:07:41.703,274.0,4.566666666666666,274.0,0.0,Valid,,,,Aditya,Joshi,73,F,75**********,+9************,ad********************,Unknown,60+,2026-03
B1441,7a73ce2a7fc78ef30e7d3767823226ec53bad36409ec5e2d54d4373e77bfd26e,SJ131,2025-09-22 11:37:36.951,Unknown,13A,SpiceJet,MAA,HYD,2026-04-19 15:00:41.702,2026-04-19 16:07:41.702,67.0,1.1166666666666667,67.0,0.0,Valid,,,,Riya,Kulkarni,24,F,27**********,+9************,ri**************************,Unknown,18-30,2025-09
B1442,0a093d698b33ad8f3a16b652d006c66718f552e2709910d5db13ce04faab6a6a,AI225,2025-06-02 11:37:36.951,PENDING,11E,Air India,BOM,BLR,2026-04-19 15:05:41.703,2026-04-19 16:01:41.703,56.0,0.9333333333333333,56.0,0.0,Valid,PAY1818,11779.89,NETBANKING,Anika,Joshi,37,F,48**********,+9************,an********************,Unknown,31-45,2025-06
B1443,022b671b6c1a787f8e18f8f36dbe7fcbf50142158932d527006569dbebe96b3d,AI190,2025-10-09 11:37:36.951,CANCELLED,9E,Air India,BOM,CCU,2026-04-19 12:38:41.703,2026-04-19 15:56:41.703,198.0,3.3,198.0,0.0,Valid,PAY1739,,UPI,Saanvi,Sharma,32,F,39**********,+9************,sa***********************,Unknown,31-45,2025-10
B1444,b65304c929ac9ac90b919fca5846a082845092de07e4a41e87a5f1f26d69276c,SJ238,2025-12-25 11:37:36.951,CONFIRMED,7B,SpiceJet,MAA,BLR,2026-04-19 11:41:41.704,2026-04-19 15:39:41.704,238.0,3.966666666666667,238.0,0.0,Valid,,,,Muhammad,Reddy,32,M,96**********,+9************,mu************************,Unknown,31-45,2025-12
B1445,932990ec1a7797587578bdc8611fb94c98f194f57adeb99310c649a427a396c1,6F005,2025-12-21 11:37:36.951,PENDING,5F,IndiGo,BOM,MAA,2026-04-19 11:04:41.701,2026-04-19 15:27:41.701,263.0,4.383333333333334,263.0,0.0,Valid,PAY1857,9862.4,CARD,Aditya,Ghosh,70,F,50**********,+9************,ad***********************,Unknown,60+,2025-12
B1446,ff028e62663a2d3fc2b4ac99baea8e4e38a5abad0e16a0661e0a49f39b6c64ea,UK136,2025-09-25 11:37:36.951,PENDING,23C,Vistara,HYD,CCU,2026-04-19 11:43:41.703,2026-04-19 15:26:41.703,223.0,3.716666666666667,223.0,0.0,Valid,PAY1132,4197.73,UPI,Arjun,Agarwal,23,M,12**********,+9************,ar***********************,Unknown,18-30,2025-09
B1446,ff028e62663a2d3fc2b4ac99baea8e4e38a5abad0e16a0661e0a49f39b6c64ea,UK136,2025-09-25 11:37:36.951,PENDING,23C,Vistara,HYD,CCU,2026-04-19 11:43:41.703,2026-04-19 15:26:41.703,223.0,3.716666666666667,223.0,0.0,Valid,PAY1286,3512.23,NETBANKING,Arjun,Agarwal,23,M,12**********,+9************,ar***********************,Unknown,18-30,2025-09
B1446,ff028e62663a2d3fc2b4ac99baea8e4e38a5abad0e16a0661e0a49f39b6c64ea,UK136,2025-09-25 11:37:36.951,PENDING,23C,Vistara,HYD,CCU,2026-04-19 11:43:41.703,2026-04-19 15:26:41.703,223.0,3.716666666666667,223.0,0.0,Valid,PAY1704,,UPI,Arjun,Agarwal,23,M,12**********,+9************,ar***********************,Unknown,18-30,2025-09
B1447,09d9f20b170cb65e13df0168ee65b5e40907a45c66b98230f59d7dd60c63a13a,SJ063,2025-05-21 11:37:36.951,CONFIRMED,15F,SpiceJet,MAA,BOM,2026-04-19 13:38:41.701,2026-04-19 15:23:41.701,105.0,1.75,105.0,0.0,Valid,PAY1039,4676.01,NETBANKING,Aarav,Sharma,4,F,93**********,+9************,aa*************************,Unknown,Under 18,2025-05
B1447,09d9f20b170cb65e13df0168ee65b5e40907a45c66b98230f59d7dd60c63a13a,SJ063,2025-05-21 11:37:36.951,CONFIRMED,15F,SpiceJet,MAA,BOM,2026-04-19 13:38:41.701,2026-04-19 15:23:41.701,105.0,1.75,105.0,0.0,Valid,PAY1039,4676.01,NETBANKING,Aarav,Shhharma,4,F,64**********,+9************,aa***************************,Unknown,Under 18,2025-05
B1447,09d9f20b170cb65e13df0168ee65b5e40907a45c66b98230f59d7dd60c63a13a,SJ063,2025-05-21 11:37:36.951,CONFIRMED,15F,SpiceJet,MAA,BOM,2026-04-19 13:38:41.701,2026-04-19 15:23:41.701,105.0,1.75,105.0,0.0,Valid,PAY1484,13762.65,NETBANKING,Aarav,Sharma,4,F,93**********,+9************,aa*************************,Unknown,Under 18,2025-05
B1447,09d9f20b170cb65e13df0168ee65b5e40907a45c66b98230f59d7dd60c63a13a,SJ063,2025-05-21 11:37:36.951,CONFIRMED,15F,SpiceJet,MAA,BOM,2026-04-19 13:38:41.701,2026-04-19 15:23:41.701,105.0,1.75,105.0,0.0,Valid,PAY1484,13762.65,NETBANKING,Aarav,Shhharma,4,F,64**********,+9************,aa***************************,Unknown,Under 18,2025-05
B1448,06cf5fba4db048c6700c1058a21ce384bf0093a18e77441744df25a610cba230,6F175,2025-11-21 11:37:36.951,CANCELLED,9E,IndiGo,MAA,CCU,2026-04-19 13:18:41.703,2026-04-19 15:13:41.703,115.0,1.9166666666666667,115.0,0.0,Valid,,,,Aarav,Chatterjee,22,M,43**********,+9************,aa************************,Unknown,18-30,2025-11
B1449,a3a748f0e1d1d03123dca2f1ec659ecfa1e3393ea2b8f22a46ae8c38d64eea8a,AI037,2025-05-23 11:37:36.951,PENDING,19A,Air India,BOM,BLR,2026-04-19 11:14:41.701,2026-04-19 15:13:41.701,239.0,3.9833333333333334,239.0,0.0,Valid,,,,Ira,Ghosh,89,M,14**********,+9************,ir********************,Unknown,60+,2025-05
B1450,c70935e216f396d69290bd6a36aa1f5ea38bdf31d34c313050e37f1f42d428af,UK225,2025-11-11 11:37:36.951,CONFIRMED,21C,Vistara,MAA,BLR,2026-04-19 12:46:41.704,2026-04-19 15:02:41.704,136.0,2.2666666666666666,136.0,0.0,Valid,,,,Aditya,Gupta,21,F,63**********,+9************,ad********************,Unknown,18-30,2025-11
B1451,fff5e2b2b327cbbbd75cfa1cec294713fdec51c162b57a10856ce07ffc06c27d,AI141,2025-05-20 11:37:36.951,CONFIRMED,15E,Air India,BLR,DEL,2026-04-19 10:16:41.702,2026-04-19 14:53:41.702,277.0,4.616666666666666,277.0,0.0,Valid,PAY1762,10311.86,CARD,Sai,Joshi,87,F,51**********,+9************,sa*****************,Unknown,60+,2025-05
B1452,7a73ce2a7fc78ef30e7d3767823226ec53bad36409ec5e2d54d4373e77bfd26e,6F172,2026-01-26 11:37:36.951,PENDING,3E,IndiGo,BOM,BLR,2026-04-19 09:53:41.703,2026-04-19 14:46:41.703,293.0,4.883333333333334,293.0,0.0,Valid,,,,Riya,Kulkarni,24,F,27**********,+9************,ri**************************,Unknown,18-30,2026-01
B1453,214570e8e57cbbedb0b4b324f9d19943a962fe8291da22434f634a5989e07f18,6F219,2026-02-07 11:37:36.951,CANCELLED,16F,IndiGo,MAA,DEL,2026-04-19 10:32:41.704,2026-04-19 14:37:41.704,245.0,4.083333333333333,245.0,0.0,Valid,PAY1597,1310.19,CARD,Riya,Verma,44,M,13**********,+9************,ri***********************,Unknown,31-45,2026-02
B1453,214570e8e57cbbedb0b4b324f9d19943a962fe8291da22434f634a5989e07f18,6F219,2026-02-07 11:37:36.951,CANCELLED,16F,IndiGo,MAA,DEL,2026-04-19 10:32:41.704,2026-04-19 14:37:41.704,245.0,4.083333333333333,245.0,0.0,Valid,PAY1884,3957.99,UPI,Riya,Verma,44,M,13**********,+9************,ri***********************,Unknown,31-45,2026-02
B1454,ab64cb415612e62b2e83997f579ce67fe17cc0a0720320eefb864759ac62606c,AI045,2025-08-16 11:37:36.951,PENDING,8E,Air India,HYD,MAA,2026-04-19 11:58:41.701,2026-04-19 14:37:41.701,159.0,2.65,159.0,0.0,Valid,,,,Anika,Agarwal,10,M,52**********,+9************,an*********************,Unknown,Under 18,2025-08
B1455,109ca04420be7bd482269ed2ae4255dcd71241c4ba0ccae0fec8c698ff0eb2ae,AI198,2026-04-12 11:37:36.951,CONFIRMED,30A,Air India,CCU,MAA,2026-04-19 10:56:41.703,2026-04-19 14:19:41.703,203.0,3.3833333333333333,203.0,0.0,Valid,PAY1038,14853.28,CARD,Riya,Iyer,17,F,78*********,+9************,ri*****************,Unknown,Under 18,2026-04
B1455,109ca04420be7bd482269ed2ae4255dcd71241c4ba0ccae0fec8c698ff0eb2ae,AI198,2026-04-12 11:37:36.951,CONFIRMED,30A,Air India,CCU,MAA,2026-04-19 10:56:41.703,2026-04-19 14:19:41.703,203.0,3.3833333333333333,203.0,0.0,Valid,PAY1182,12781.22,UPI,Riya,Iyer,17,F,78*********,+9************,ri*****************,Unknown,Under 18,2026-04
B1456,fb96f6804a99a12f7236eb188f60df8faf71dff19b717a27691417808a27d6f4,AI120,2025-04-24 11:37:36.951,PENDING,17F,Air India,MAA,CCU,2026-04-19 12:12:41.702,2026-04-19 14:18:41.702,126.0,2.1,126.0,0.0,Valid,,,,Krishna,Banerjee,84,M,43**********,+9************,kr*****************************,Unknown,60+,2025-04
B1457,4247c8365843695e9cf30d3275a93985871cdb957c8a5ea6dd92e44287754911,6F134,2025-06-11 11:37:36.951,CANCELLED,32D,IndiGo,BLR,MAA,2026-04-19 12:47:41.702,2026-04-19 14:06:41.702,79.0,1.3166666666666667,79.0,0.0,Valid,PAY1083,5769.17,CARD,Vivaan,Agarwal,33,M,35**********,+9************,vi*************************,Unknown,31-45,2025-06
B1458,593fee80959859d7d383c3e69ce7c146283f30f8e4abba15916346fcac056ee8,UK102,2025-11-19 11:37:36.951,CONFIRMED,10B,Vistara,HYD,CCU,2026-04-19 11:58:41.702,2026-04-19 14:01:41.702,123.0,2.05,123.0,0.0,Valid,PAY1990,8073.17,NETBANKING,Myra,Agarwal,62,F,14**********,+9************,my*************************,Unknown,60+,2025-11
B1459,ffd7386b5130f996a8724381641ace5b1cff4a853c1553378584a30f244d5d3d,SJ199,2025-06-10 11:37:36.951,CANCELLED,1F,SpiceJet,HYD,BOM,2026-04-19 11:29:41.703,2026-04-19 13:59:41.703,150.0,2.5,150.0,0.0,Valid,PAY1062,12554.5,CARD,Reyansh,Joshi,19,M,79**********,+9************,re*********************,Unknown,18-30,2025-06
B1459,ffd7386b5130f996a8724381641ace5b1cff4a853c1553378584a30f244d5d3d,SJ199,2025-06-10 11:37:36.951,CANCELLED,1F,SpiceJet,HYD,BOM,2026-04-19 11:29:41.703,2026-04-19 13:59:41.703,150.0,2.5,150.0,0.0,Valid,PAY1570,2103.45,UPI,Reyansh,Joshi,19,M,79**********,+9************,re*********************,Unknown,18-30,2025-06
B1459,ffd7386b5130f996a8724381641ace5b1cff4a853c1553378584a30f244d5d3d,SJ199,2025-06-10 11:37:36.951,CANCELLED,1F,SpiceJet,HYD,BOM,2026-04-19 11:29:41.703,2026-04-19 13:59:41.703,150.0,2.5,150.0,0.0,Valid,PAY1979,4427.75,UPI,Reyansh,Joshi,19,M,79**********,+9************,re*********************,Unknown,18-30,2025-06
B1460,cd9411366cb12a607d6557d82dd84d79ce3f1a60fd3c3b1587ea7debd76f97f0,6F235,2025-10-01 11:37:36.951,PENDING,32E,IndiGo,HYD,MAA,2026-04-19 11:06:41.704,2026-04-19 13:51:41.704,165.0,2.75,165.0,0.0,Valid,,,,Vivaan,Sharma,72,M,23**********,+9************,vi***********************,Unknown,60+,2025-10
B1461,af73e26b43f653fd66c79ebf74dc6440a04dc060b0b4fadc2ff2726a16a2c325,UK065,2025-10-14 11:37:36.951,PENDING,33F,Vistara,BOM,CCU,2026-04-19 09:38:41.701,2026-04-19 13:46:41.701,248.0,4.133333333333334,248.0,0.0,Valid,PAY1280,9618.57,UPI,Anika,Iyer,80,F,73**********,+9************,an********************,Unknown,60+,2025-10
B1461,af73e26b43f653fd66c79ebf74dc6440a04dc060b0b4fadc2ff2726a16a2c325,UK065,2025-10-14 11:37:36.951,PENDING,33F,Vistara,BOM,CCU,2026-04-19 09:38:41.701,2026-04-19 13:46:41.701,248.0,4.133333333333334,248.0,0.0,Valid,PAY1672,14867.45,CARD,Anika,Iyer,80,F,73**********,+9************,an********************,Unknown,60+,2025-10
B1461,af73e26b43f653fd66c79ebf74dc6440a04dc060b0b4fadc2ff2726a16a2c325,UK065,2025-10-14 11:37:36.951,PENDING,33F,Vistara,BOM,CCU,2026-04-19 09:38:41.701,2026-04-19 13:46:41.701,248.0,4.133333333333334,248.0,0.0,Valid,PAY1886,5775.44,NETBANKING,Anika,Iyer,80,F,73**********,+9************,an********************,Unknown,60+,2025-10
B1462,cd9411366cb12a607d6557d82dd84d79ce3f1a60fd3c3b1587ea7debd76f97f0,6F135,2025-12-03 11:37:36.951,CANCELLED,26D,IndiGo,MAA,HYD,2026-04-19 12:59:41.702,2026-04-19 13:45:41.702,46.0,0.7666666666666667,46.0,0.0,Valid,PAY1449,6497.79,CARD,Vivaan,Sharma,72,M,23**********,+9************,vi***********************,Unknown,60+,2025-12
B1463,e5b07d8face3853f5042e4ebd798387247f04be2c406bacaf679ec9de5db41a3,SJ148,2026-02-10 11:37:36.951,PENDING,31C,SpiceJet,DEL,BLR,2026-04-19 09:51:41.702,2026-04-19 13:41:41.702,230.0,3.8333333333333335,230.0,0.0,Valid,PAY1469,1141.0,UPI,Krishna,Verma,61,M,87**********,+9************,kr*********************,Unknown,60+,2026-02
B1463,e5b07d8face3853f5042e4ebd798387247f04be2c406bacaf679ec9de5db41a3,SJ148,2026-02-10 11:37:36.951,PENDING,31C,SpiceJet,DEL,BLR,2026-04-19 09:51:41.702,2026-04-19 13:41:41.702,230.0,3.8333333333333335,230.0,0.0,Valid,PAY1638,5703.58,NETBANKING,Krishna,Verma,61,M,87**********,+9************,kr*********************,Unknown,60+,2026-02
B1464,e4a82b2a713097e6262aef24c33fd7d503c875339f1864d37634936f3a800a47,AI083,2026-03-07 11:37:36.951,CANCELLED,6B,Air India,DEL,BOM,2026-04-19 12:54:41.702,2026-04-19 13:37:41.702,43.0,0.7166666666666667,43.0,0.0,Valid,PAY1895,4535.96,CARD,Myra,Gupta,57,M,83**********,+9************,my******************,Unknown,46-60,2026-03
B1465,9238aed697b53737552fb13265a728aa7c4afa319dee6756640baac14e5946db,UK024,2025-07-02 11:37:36.951,PENDING,5C,Vistara,MAA,BLR,2026-04-19 08:29:41.701,2026-04-19 13:29:41.701,300.0,5.0,300.0,0.0,Valid,,,,Ananya,Mehta,84,F,16**********,+9************,an********************,Unknown,60+,2025-07
B1466,c78855de749f50c7f98e978b2cfdd41aa62ab578f4c1a64e282225ec59b10bc2,UK220,2025-04-27 11:37:36.951,CANCELLED,28B,Vistara,BLR,BOM,2026-04-19 09:51:41.704,2026-04-19 13:25:41.704,214.0,3.566666666666667,214.0,0.0,Valid,,,,Sai,Banerjee,4,F,75**********,+9************,sa*********************,Unknown,Under 18,2025-04
B1467,9520ad3d7a70d319e14e25c5b52c6b6257fe2f5dd6bb98d388da154d09afb415,UK115,2025-04-30 11:37:36.951,CANCELLED,25A,Vistara,BLR,BOM,2026-04-19 11:20:41.702,2026-04-19 13:20:42.000,120.00496666666666,2.0000827777777777,120.0,0.004966666666661013,Valid,PAY1166,13307.54,CARD,Ananya,Gupta,57,F,92*********,+9************,an********************,Unknown,46-60,2025-04
B1468,d53bf95834e2706661adf58091b3c62dd790be99457254b9d928c721b1549304,AI255,2025-07-16 11:37:36.951,CONFIRMED,14F,Air India,MAA,CCU,2026-04-19 08:45:41.704,2026-04-19 13:12:41.704,267.0,4.45,267.0,0.0,Valid,PAY1659,11281.66,UPI,Reyansh,Joshi,76,M,11**********,+9************,re**********************,Unknown,60+,2025-07
B1468,d53bf95834e2706661adf58091b3c62dd790be99457254b9d928c721b1549304,AI255,2025-07-16 11:37:36.951,CONFIRMED,14F,Air India,MAA,CCU,2026-04-19 08:45:41.704,2026-04-19 13:12:41.704,267.0,4.45,267.0,0.0,Valid,PAY1753,14054.88,NETBANKING,Reyansh,Joshi,76,M,11**********,+9************,re**********************,Unknown,60+,2025-07
B1469,c34c08c1d9a4c7f2bfb10683732101b1221af7112c810547556524f8b020442c,6F001,2025-12-25 11:37:36.951,CONFIRMED,11A,IndiGo,HYD,BOM,2026-04-19 11:33:41.700,2026-04-19 13:08:41.700,95.0,1.5833333333333333,95.0,0.0,Valid,,,,Diya,Agarwal,13,M,17**********,+9************,di**********************,Unknown,Under 18,2025-12
B1470,ad3bdf275e916fdac402d01898ca3a3c574ac15d01c763ad5c76f9a772a79c2f,6F132,2025-05-27 11:37:36.951,CANCELLED,24E,IndiGo,MAA,BOM,2026-04-19 12:00:41.702,2026-04-19 13:00:42.000,60.00496666666666,1.0000827777777777,60.0,0.004966666666661013,Valid,,,,Krishna,Verma,89,F,39**********,+9************,kr*********************,Unknown,60+,2025-05
B1471,8e3db6260921f94bb9ae157f337c44374facb3a9d586ffbf3e2154d807ab9e9f,UK184,2026-03-28 11:37:36.951,PENDING,8E,Vistara,MAA,HYD,2026-04-19 10:49:41.703,2026-04-19 13:00:41.703,131.0,2.183333333333333,131.0,0.0,Valid,,,,Saanvi,Ghosh,63,M,71**********,+9************,sa********************,Unknown,60+,2026-03
B1472,4c3a8fc84168a8bc126a5ca3af6e3f11b385eecb56dde50d00292dcc1c94ddff,6F098,2025-06-06 11:37:36.951,PENDING,3D,IndiGo,BLR,MAA,2026-04-19 10:18:41.702,2026-04-19 12:49:41.702,151.0,2.5166666666666666,151.0,0.0,Valid,,,,Diya,Iyer,16,M,18*********,+9************,di********************,Unknown,Under 18,2025-06
B1473,10d6d6ecb2a19a228670bab3cf934566fd9976ff05b8628d509958a3af826188,SJ168,2025-07-19 11:37:36.951,PENDING,21F,SpiceJet,CCU,BOM,2026-04-19 08:17:41.703,2026-04-19 12:29:41.703,252.0,4.2,252.0,0.0,Valid,,,,Muhammad,Singh,63,F,48**********,+9************,mu**********************,Unknown,60+,2025-07
B1474,db08aaf372fd832f574ba708a918e51fa6ba08576a45004fd5fe14fc02ff2777,SJ178,2025-07-28 11:37:36.951,CANCELLED,14C,SpiceJet,BOM,HYD,2026-04-19 09:58:41.703,2026-04-19 12:27:41.703,149.0,2.4833333333333334,149.0,0.0,Valid,PAY1081,12076.76,CARD,Krishna,Mishra,34,M,19**********,+9************,kr***************************,Unknown,31-45,2025-07
B1474,db08aaf372fd832f574ba708a918e51fa6ba08576a45004fd5fe14fc02ff2777,SJ178,2025-07-28 11:37:36.951,CANCELLED,14C,SpiceJet,BOM,HYD,2026-04-19 09:58:41.703,2026-04-19 12:27:41.703,149.0,2.4833333333333334,149.0,0.0,Valid,PAY1354,10623.21,CARD,Krishna,Mishra,34,M,19**********,+9************,kr***************************,Unknown,31-45,2025-07
B1474,db08aaf372fd832f574ba708a918e51fa6ba08576a45004fd5fe14fc02ff2777,SJ178,2025-07-28 11:37:36.951,CANCELLED,14C,SpiceJet,BOM,HYD,2026-04-19 09:58:41.703,2026-04-19 12:27:41.703,149.0,2.4833333333333334,149.0,0.0,Valid,PAY1707,10060.35,UPI,Krishna,Mishra,34,M,19**********,+9************,kr***************************,Unknown,31-45,2025-07
B1475,256c5e44719e844bb763f553a8626e4a668b28e4f71e8f1944f4c2ff6d097c34,UK111,2026-03-07 11:37:36.951,CANCELLED,2C,Vistara,MAA,BLR,2026-04-19 11:06:41.702,2026-04-19 12:20:41.702,74.0,1.2333333333333334,74.0,0.0,Valid,PAY1609,6101.41,CARD,Ananya,Chatterjee,70,F,37**********,+9************,an***************************,Unknown,60+,2026-03
B1475,256c5e44719e844bb763f553a8626e4a668b28e4f71e8f1944f4c2ff6d097c34,UK111,2026-03-07 11:37:36.951,CANCELLED,2C,Vistara,MAA,BLR,2026-04-19 11:06:41.702,2026-04-19 12:20:41.702,74.0,1.2333333333333334,74.0,0.0,Valid,PAY1661,12511.85,UPI,Ananya,Chatterjee,70,F,37**********,+9************,an***************************,Unknown,60+,2026-03
B1475,256c5e44719e844bb763f553a8626e4a668b28e4f71e8f1944f4c2ff6d097c34,UK111,2026-03-07 11:37:36.951,CANCELLED,2C,Vistara,MAA,BLR,2026-04-19 11:06:41.702,2026-04-19 12:20:41.702,74.0,1.2333333333333334,74.0,0.0,Valid,PAY1692,2786.72,NETBANKING,Ananya,Chatterjee,70,F,37**********,+9************,an***************************,Unknown,60+,2026-03
B1476,a759aaee0229400211580e1ddf0be6282fdb5e809de0389fc1b5944444cd749f,SJ051,2026-02-27 11:37:36.951,CANCELLED,32E,SpiceJet,BOM,BLR,2026-04-19 08:40:41.701,2026-04-19 12:18:41.701,218.0,3.6333333333333333,218.0,0.0,Valid,,,,Shaurya,Verma,60,F,71**********,+9************,sh*********************,Unknown,46-60,2026-02
B1477,0dc9794bea46327cf2144b2ef6a23e05eb4caf4e2e093699f75cef32e0dcaa78,SJ193,2025-07-06 11:37:36.951,CANCELLED,18E,SpiceJet,CCU,DEL,2026-04-19 09:37:41.703,2026-04-19 12:16:41.703,159.0,2.65,159.0,0.0,Valid,PAY1255,9314.23,CARD,Saanvi,Gupta,49,M,39**********,+9************,sa***********************,Unknown,46-60,2025-07
B1477,0dc9794bea46327cf2144b2ef6a23e05eb4caf4e2e093699f75cef32e0dcaa78,SJ193,2025-07-06 11:37:36.951,CANCELLED,18E,SpiceJet,CCU,DEL,2026-04-19 09:37:41.703,2026-04-19 12:16:41.703,159.0,2.65,159.0,0.0,Valid,PAY1352,3182.33,UPI,Saanvi,Gupta,49,M,39**********,+9************,sa***********************,Unknown,46-60,2025-07
B1477,0dc9794bea46327cf2144b2ef6a23e05eb4caf4e2e093699f75cef32e0dcaa78,SJ193,2025-07-06 11:37:36.951,CANCELLED,18E,SpiceJet,CCU,DEL,2026-04-19 09:37:41.703,2026-04-19 12:16:41.703,159.0,2.65,159.0,0.0,Valid,PAY1807,4907.19,CARD,Saanvi,Gupta,49,M,39**********,+9************,sa***********************,Unknown,46-60,2025-07
B1478,8902a17473b6c437ff8c43e32cd934e7c42b00cb9b0bcc915a31c2c87b31af06,SJ039,2026-02-24 11:37:36.951,CONFIRMED,28D,SpiceJet,MAA,BOM,2026-04-19 08:41:41.701,2026-04-19 12:08:41.701,207.0,3.45,207.0,0.0,Valid,PAY1114,2928.68,CARD,Krishna,Joshi,54,F,14**********,+9************,kr*********************,Unknown,46-60,2026-02
B1479,9c2461755b69c4ab97fdebbf778d8d1282e65164f889ae51c6c255fe6d33f20e,UK066,2025-12-17 11:37:36.951,CANCELLED,22B,Vistara,BOM,CCU,2026-04-19 10:29:41.701,2026-04-19 12:07:41.701,98.0,1.6333333333333333,98.0,0.0,Valid,PAY1404,6418.94,UPI,Ishaan,Banerjee,3,F,26*********,+9************,is**************************,Unknown,Under 18,2025-12
B1479,9c2461755b69c4ab97fdebbf778d8d1282e65164f889ae51c6c255fe6d33f20e,UK066,2025-12-17 11:37:36.951,CANCELLED,22B,Vistara,BOM,CCU,2026-04-19 10:29:41.701,2026-04-19 12:07:41.701,98.0,1.6333333333333333,98.0,0.0,Valid,PAY1567,10059.56,NETBANKING,Ishaan,Banerjee,3,F,26*********,+9************,is**************************,Unknown,Under 18,2025-12
B1480,9c98c8b1d89a4e55dce19251248a5b5625dd74a91c54075de00a12a03d978233,SJ050,2026-03-14 11:37:36.951,PENDING,34B,SpiceJet,HYD,CCU,2026-04-19 11:24:41.701,2026-04-19 12:03:41.701,39.0,0.65,39.0,0.0,Valid,PAY1229,3112.82,CARD,Aditya,Verma,49,F,89*********,+9************,ad***********************,Unknown,46-60,2026-03
B1481,c40c05a54c634d27000ec2a324cd133a8f75e6c6b17a76f222eaa2d4022f889f,6F052,2025-06-11 11:37:36.951,CONFIRMED,4D,IndiGo,BOM,CCU,2026-04-19 09:13:41.701,2026-04-19 12:02:41.701,169.0,2.816666666666667,169.0,0.0,Valid,,,,Kavya,Mishra,64,M,24**********,+9************,ka*********************,Unknown,60+,2025-06
B1482,d3b928029d494708eb591e8d42c935363494bd162fb1cb01829009349f88a1cb,SJ170,2025-08-29 11:37:36.951,PENDING,14E,SpiceJet,BLR,BOM,2026-04-19 10:11:41.703,2026-04-19 11:56:41.703,105.0,1.75,105.0,0.0,Valid,PAY1453,10093.45,UPI,Krishna,Kulkarni,54,M,85**********,+9************,kr**************************,Unknown,46-60,2025-08
B1482,d3b928029d494708eb591e8d42c935363494bd162fb1cb01829009349f88a1cb,SJ170,2025-08-29 11:37:36.951,PENDING,14E,SpiceJet,BLR,BOM,2026-04-19 10:11:41.703,2026-04-19 11:56:41.703,105.0,1.75,105.0,0.0,Valid,PAY1603,7655.83,UPI,Krishna,Kulkarni,54,M,85**********,+9************,kr**************************,Unknown,46-60,2025-08
B1483,493f03c091f1bb5b6181ee7ab114c66faeda7d62a9ca480f33d547d492e5b590,SJ119,2025-06-09 11:37:36.951,Unknown,26B,SpiceJet,BOM,CCU,2026-04-19 08:53:41.702,2026-04-19 11:29:41.702,156.0,2.6,156.0,0.0,Valid,PAY1902,10562.26,CARD,Vivaan,Gupta,19,F,22**********,+9************,vi********************,Unknown,18-30,2025-06
B1484,fd4ebc9dc6ac0128e148d02b89e1e098861fb5ee6cfc889d7d3d650a78290777,AI219,2025-05-07 11:37:36.951,CONFIRMED,13B,Air India,BLR,DEL,2026-04-19 09:28:41.703,2026-04-19 11:27:41.703,119.0,1.9833333333333334,119.0,0.0,Valid,,,,Diya,Joshi,13,M,36**********,+9************,di*******************,Unknown,Under 18,2025-05
B1485,d871d6c1b0f4950d7432ed3b0be98732dd480e982ae01be6db6934de4e5f7012,6F220,2025-07-05 11:37:36.951,CANCELLED,12D,IndiGo,HYD,BOM,2026-04-19 10:27:41.704,2026-04-19 11:25:41.704,58.0,0.9666666666666667,58.0,0.0,Valid,,,,Ishaan,Sharma,38,F,81**********,+9************,is**************************,Unknown,31-45,2025-07
B1486,c78855de749f50c7f98e978b2cfdd41aa62ab578f4c1a64e282225ec59b10bc2,AI207,2025-05-04 11:37:36.951,CONFIRMED,3D,Air India,BOM,MAA,2026-04-19 08:24:41.703,2026-04-19 11:23:41.703,179.0,2.9833333333333334,179.0,0.0,Valid,PAY1115,6166.79,NETBANKING,Sai,Banerjee,4,F,75**********,+9************,sa*********************,Unknown,Under 18,2025-05
B1486,c78855de749f50c7f98e978b2cfdd41aa62ab578f4c1a64e282225ec59b10bc2,AI207,2025-05-04 11:37:36.951,CONFIRMED,3D,Air India,BOM,MAA,2026-04-19 08:24:41.703,2026-04-19 11:23:41.703,179.0,2.9833333333333334,179.0,0.0,Valid,PAY1318,9435.36,CARD,Sai,Banerjee,4,F,75**********,+9************,sa*********************,Unknown,Under 18,2025-05
B1486,c78855de749f50c7f98e978b2cfdd41aa62ab578f4c1a64e282225ec59b10bc2,AI207,2025-05-04 11:37:36.951,CONFIRMED,3D,Air India,BOM,MAA,2026-04-19 08:24:41.703,2026-04-19 11:23:41.703,179.0,2.9833333333333334,179.0,0.0,Valid,PAY1696,4695.45,UPI,Sai,Banerjee,4,F,75**********,+9************,sa*********************,Unknown,Under 18,2025-05
B1487,cbce6411448934040ed7d1dde13cdc5b1476b8c4547803701bcc1ff5d7a66ced,6F024,2026-01-26 11:37:36.951,PENDING,5E,IndiGo,BOM,DEL,2026-04-19 07:31:41.701,2026-04-19 11:17:41.701,226.0,3.7666666666666666,226.0,0.0,Valid,,,,Anika,Singh,84,M,13**********,+9************,an************************,Unknown,60+,2026-01
B1488,22d376ef9d59991a42bcdcebe35f5a88750b13c18736b4849aeb338b61258bdf,SJ073,2025-05-04 11:37:36.951,CANCELLED,27E,SpiceJet,CCU,BLR,2026-04-19 09:26:41.701,2026-04-19 11:14:41.701,108.0,1.8,108.0,0.0,Valid,PAY1518,9707.48,NETBANKING,Aarav,Mishra,66,M,23**********,+9************,aa**********************,Unknown,60+,2025-05
B1488,22d376ef9d59991a42bcdcebe35f5a88750b13c18736b4849aeb338b61258bdf,SJ073,2025-05-04 11:37:36.951,CANCELLED,27E,SpiceJet,CCU,BLR,2026-04-19 09:26:41.701,2026-04-19 11:14:41.701,108.0,1.8,108.0,0.0,Valid,PAY1983,12915.55,NETBANKING,Aarav,Mishra,66,M,23**********,+9************,aa**********************,Unknown,60+,2025-05
B1489,cb4595eab2647a242da165867fc7547acb0bcb9b371785952c592621033867d4,SJ201,2025-07-08 11:37:36.951,CANCELLED,24F,SpiceJet,BLR,DEL,2026-04-19 09:10:41.703,2026-04-19 11:12:41.703,122.0,2.033333333333333,122.0,0.0,Valid,,,,Reyansh,Chatterjee,38,F,81**********,+9************,re*******************************,Unknown,31-45,2025-07
B1490,3637cf9c2a0f3c442d1fc9871e196e275b5092307c15aaa343430617f1846df4,AI180,2026-03-10 11:37:36.951,CONFIRMED,29B,Air India,BOM,CCU,2026-04-19 10:19:41.703,2026-04-19 11:00:41.703,41.0,0.6833333333333333,41.0,0.0,Valid,PAY1428,,CARD,Diya,Reddy,82,F,63**********,+9************,di********************,Unknown,60+,2026-03
B1490,3637cf9c2a0f3c442d1fc9871e196e275b5092307c15aaa343430617f1846df4,AI180,2026-03-10 11:37:36.951,CONFIRMED,29B,Air India,BOM,CCU,2026-04-19 10:19:41.703,2026-04-19 11:00:41.703,41.0,0.6833333333333333,41.0,0.0,Valid,PAY1908,1217.88,CARD,Diya,Reddy,82,F,63**********,+9************,di********************,Unknown,60+,2026-03
B1491,f82a60e2bbf27d94e8721e47f2b4b031cfbd46b5601b4b93cbc8e7ce409d28ec,UK022,2025-07-16 11:37:36.951,CONFIRMED,18F,Vistara,DEL,HYD,2026-04-19 06:22:41.701,2026-04-19 10:59:41.701,277.0,4.616666666666666,277.0,0.0,Valid,PAY1519,6534.99,UPI,Vivaan,Ghosh,73,F,78*********,+9************,vi********************,Unknown,60+,2025-07
B1492,95edae0cf7e42aad8885909c537182f636aeabc79386efbbfd48ab71b16f1d99,AI202,2026-03-27 11:37:36.951,CANCELLED,29C,Air India,HYD,BLR,2026-04-19 08:44:41.703,2026-04-19 10:53:41.703,129.0,2.15,129.0,0.0,Valid,,,,Anika,Joshi,50,F,95**********,+9************,an********************,Unknown,46-60,2026-03
B1493,7b3d44d6828e3b78308e415c43238352b0b6f56ef167c891dc1c9bb0aa38c364,6F212,2025-06-01 11:37:36.952,CONFIRMED,26D,IndiGo,BLR,CCU,2026-04-19 06:10:41.703,2026-04-19 10:52:41.703,282.0,4.7,282.0,0.0,Valid,,,,Anika,Joshi,67,M,90**********,+9************,an*********************,Unknown,60+,2025-06
B1494,fe31257e17d3e90525e09aca5aa6e17bf802824282552023f0a1b5291e996c1d,6F163,2025-06-09 11:37:36.952,CANCELLED,23F,IndiGo,MAA,BOM,2026-04-19 06:49:41.703,2026-04-19 10:46:41.703,237.0,3.95,237.0,0.0,Valid,,,,Arjun,Nair,63,F,42**********,+9************,ar********************,Unknown,60+,2025-06
B1495,499e7285cc098ec708ff0827412797bc0639092672141320cf102be85b3a672f,UK028,2025-10-15 11:37:36.952,CONFIRMED,27D,Vistara,HYD,MAA,2026-04-19 09:02:41.701,2026-04-19 10:37:41.701,95.0,1.5833333333333333,95.0,0.0,Valid,PAY1503,11906.95,UPI,Shaurya,Mehta,85,F,61*********,+9************,sh***************************,Unknown,60+,2025-10
B1495,499e7285cc098ec708ff0827412797bc0639092672141320cf102be85b3a672f,UK028,2025-10-15 11:37:36.952,CONFIRMED,27D,Vistara,HYD,MAA,2026-04-19 09:02:41.701,2026-04-19 10:37:41.701,95.0,1.5833333333333333,95.0,0.0,Valid,PAY1578,5584.17,CARD,Shaurya,Mehta,85,F,61*********,+9************,sh***************************,Unknown,60+,2025-10
B1496,5b46c230b44c531a908051bb6c234888e249b44a92f98d515e82e9fdf1fb71bf,6F243,2026-03-21 11:37:36.952,PENDING,7D,IndiGo,BOM,HYD,2026-04-19 09:37:41.704,2026-04-19 10:33:41.704,56.0,0.9333333333333333,56.0,0.0,Valid,PAY1579,2901.65,UPI,Ira,Agarwal,53,F,90**********,+9************,ir*********************,Unknown,46-60,2026-03
B1497,b24576ecd2ed6403ddcd31b778d1bbb7344f6a124efad807c9397688faa70322,AI165,2025-09-02 11:37:36.952,CONFIRMED,11F,Air India,DEL,CCU,2026-04-19 08:51:41.703,2026-04-19 10:31:41.703,100.0,1.6666666666666667,100.0,0.0,Valid,,,,Shaurya,Agarwal,12,M,34**********,+9************,sh***********************,Unknown,Under 18,2025-09
B1498,73ee0bb4a2c155aeed1fb6586e0965012a9fc446cb63b2adee5ffe3f0a8f5ccf,UK099,2025-07-18 11:37:36.952,PENDING,3D,Vistara,BOM,MAA,2026-04-19 06:16:41.702,2026-04-19 10:24:41.702,248.0,4.133333333333334,248.0,0.0,Valid,,,,Vivaan,Singh,63,M,14**********,+9************,vi**********************,Unknown,60+,2025-07
B1499,39d1daf0321a65a7a8989f5b89cb63730fa04b1f78b6cde9b2f3502eab8f0d3a,AI033,2025-06-17 11:37:36.952,Unknown,17C,Air India,MAA,CCU,2026-04-19 05:25:41.701,2026-04-19 10:21:41.701,296.0,4.933333333333334,296.0,0.0,Valid,,,,Aadhya,Pillai,18,F,99**********,+9************,aa************************,Unknown,Under 18,2025-06
B1500,d645a3f176a42988183d2200a102f0dd10c25011d7269c08a05d7313fb10003d,UK056,2025-04-30 11:37:36.952,CONFIRMED,22D,Vistara,HYD,MAA,2026-04-19 09:29:41.701,2026-04-19 10:15:41.701,46.0,0.7666666666666667,46.0,0.0,Valid,PAY1971,1303.07,CARD,Kavya,Mishra,35,M,58**********,+9************,ka**********************,Unknown,31-45,2025-04
B1501,2426b0a2227ebf71df01c02358fbe2e0c013c32dd2ed3111ac01227c7df8acd6,SJ122,2025-09-04 11:37:36.952,CANCELLED,23D,SpiceJet,CCU,BOM,2026-04-19 05:22:41.702,2026-04-19 10:09:41.702,287.0,4.783333333333333,287.0,0.0,Valid,PAY1077,,UPI,Ira,Singh,50,M,51**********,+9************,ir*******************,Unknown,46-60,2025-09
B1501,2426b0a2227ebf71df01c02358fbe2e0c013c32dd2ed3111ac01227c7df8acd6,SJ122,2025-09-04 11:37:36.952,CANCELLED,23D,SpiceJet,CCU,BOM,2026-04-19 05:22:41.702,2026-04-19 10:09:41.702,287.0,4.783333333333333,287.0,0.0,Valid,PAY1487,14182.89,NETBANKING,Ira,Singh,50,M,51**********,+9************,ir*******************,Unknown,46-60,2025-09
B1501,2426b0a2227ebf71df01c02358fbe2e0c013c32dd2ed3111ac01227c7df8acd6,SJ122,2025-09-04 11:37:36.952,CANCELLED,23D,SpiceJet,CCU,BOM,2026-04-19 05:22:41.702,2026-04-19 10:09:41.702,287.0,4.783333333333333,287.0,0.0,Valid,PAY1699,13707.55,CARD,Ira,Singh,50,M,51**********,+9************,ir*******************,Unknown,46-60,2025-09
B1502,ea9422e929a13d02813de016955d26a0bfacef41fe3958c78687e7389e504468,AI086,2025-10-15 11:37:36.952,CONFIRMED,23F,Air India,CCU,HYD,2026-04-19 07:13:41.702,2026-04-19 10:09:41.702,176.0,2.933333333333333,176.0,0.0,Valid,PAY1121,10714.33,CARD,Ira,Naidu,1,F,79**********,+9************,ir*****************,Unknown,Under 18,2025-10
B1502,ea9422e929a13d02813de016955d26a0bfacef41fe3958c78687e7389e504468,AI086,2025-10-15 11:37:36.952,CONFIRMED,23F,Air India,CCU,HYD,2026-04-19 07:13:41.702,2026-04-19 10:09:41.702,176.0,2.933333333333333,176.0,0.0,Valid,PAY1243,7252.43,UPI,Ira,Naidu,1,F,79**********,+9************,ir*****************,Unknown,Under 18,2025-10
B1503,92e8e78de5ea033f2f0c07afe5f92fb5b2a2d23595888da275d9af9fd7d03490,SJ011,2025-10-17 11:37:36.952,CONFIRMED,25C,SpiceJet,BOM,MAA,2026-04-19 05:14:41.701,2026-04-19 09:59:41.701,285.0,4.75,285.0,0.0,Valid,,,,Krishna,Mehta,9,M,73**********,+9************,kr***********************,Unknown,Under 18,2025-10
B1504,e6450104d06644bf2863df9ed5582ce863511dbf53e43924bf1abbcc17608272,SJ021,2025-04-21 11:37:36.952,PENDING,4E,SpiceJet,HYD,BLR,2026-04-19 05:48:41.701,2026-04-19 09:46:41.701,238.0,3.966666666666667,238.0,0.0,Valid,PAY1064,14087.19,NETBANKING,Myra,Pillai,45,F,60**********,+9************,my************************,Unknown,31-45,2025-04
B1504,e6450104d06644bf2863df9ed5582ce863511dbf53e43924bf1abbcc17608272,SJ021,2025-04-21 11:37:36.952,PENDING,4E,SpiceJet,HYD,BLR,2026-04-19 05:48:41.701,2026-04-19 09:46:41.701,238.0,3.966666666666667,238.0,0.0,Valid,PAY1417,13855.61,NETBANKING,Myra,Pillai,45,F,60**********,+9************,my************************,Unknown,31-45,2025-04
B1504,e6450104d06644bf2863df9ed5582ce863511dbf53e43924bf1abbcc17608272,SJ021,2025-04-21 11:37:36.952,PENDING,4E,SpiceJet,HYD,BLR,2026-04-19 05:48:41.701,2026-04-19 09:46:41.701,238.0,3.966666666666667,238.0,0.0,Valid,PAY1580,4316.96,NETBANKING,Myra,Pillai,45,F,60**********,+9************,my************************,Unknown,31-45,2025-04
B1505,4efa49bff9c89314e81068129ac6d30efef6f560b1d61faed6b4b18fdab4e2f5,SJ106,2025-11-29 11:37:36.952,CONFIRMED,8F,SpiceJet,CCU,DEL,2026-04-19 07:16:41.702,2026-04-19 09:40:41.702,144.0,2.4,144.0,0.0,Valid,PAY1466,7472.98,UPI,Aditya,Singh,87,F,43**********,+9************,ad*********************,Unknown,60+,2025-11
B1506,c8666e35e4376147daa64fbecafd2397fec3516cc643574c7d70e26fb1040f2a,SJ026,2026-01-29 11:37:36.952,CANCELLED,9E,SpiceJet,CCU,MAA,2026-04-19 05:22:41.701,2026-04-19 09:40:41.701,258.0,4.3,258.0,0.0,Valid,,,,Anika,Kulkarni,58,F,75*********,+9************,an**********************,Unknown,46-60,2026-01
B1507,e1983cc03bd1e15f304800638b3586b3f744df3249efb51aa3f4cd8b0c105f37,SJ245,2025-11-27 11:37:36.952,PENDING,20A,SpiceJet,BOM,DEL,2026-04-19 06:07:41.704,2026-04-19 09:39:41.704,212.0,3.533333333333333,212.0,0.0,Valid,PAY1298,4865.21,NETBANKING,Aadhya,Joshi,60,F,96**********,+9************,aa*************************,Unknown,46-60,2025-11
B1508,fb80277747aac668145bc47a70b7ee1c7a652955c60fd434859603bc2bb0f212,AI023,2025-07-31 11:37:36.952,Unknown,9C,Air India,HYD,BLR,2026-04-19 06:10:41.701,2026-04-19 09:35:41.701,205.0,3.4166666666666665,205.0,0.0,Valid,PAY1008,7277.14,CARD,Diya,Naidu,69,F,44**********,+9************,di******************,Unknown,60+,2025-07
B1508,fb80277747aac668145bc47a70b7ee1c7a652955c60fd434859603bc2bb0f212,AI023,2025-07-31 11:37:36.952,Unknown,9C,Air India,HYD,BLR,2026-04-19 06:10:41.701,2026-04-19 09:35:41.701,205.0,3.4166666666666665,205.0,0.0,Valid,PAY1478,2603.09,CARD,Diya,Naidu,69,F,44**********,+9************,di******************,Unknown,60+,2025-07
B1508,fb80277747aac668145bc47a70b7ee1c7a652955c60fd434859603bc2bb0f212,AI023,2025-07-31 11:37:36.952,Unknown,9C,Air India,HYD,BLR,2026-04-19 06:10:41.701,2026-04-19 09:35:41.701,205.0,3.4166666666666665,205.0,0.0,Valid,PAY1552,4799.03,CARD,Diya,Naidu,69,F,44**********,+9************,di******************,Unknown,60+,2025-07
B1509,10d6d6ecb2a19a228670bab3cf934566fd9976ff05b8628d509958a3af826188,AI032,2025-09-25 11:37:36.952,CANCELLED,14F,Air India,MAA,BLR,2026-04-19 07:26:41.701,2026-04-19 09:26:42.000,120.00498333333333,2.0000830555555553,120.0,0.004983333333328233,Valid,,,,Muhammad,Singh,63,F,48**********,+9************,mu**********************,Unknown,60+,2025-09
B1510,e60442d25bc5f693c6cfc0937063c635de3a5baf3a0221977d97fdfdb824e54b,AI236,2025-05-11 11:37:36.952,CANCELLED,19F,Air India,DEL,BOM,2026-04-19 04:52:41.704,2026-04-19 09:11:41.704,259.0,4.316666666666666,259.0,0.0,Valid,PAY1312,3179.45,CARD,Ira,Naidu,75,M,91**********,+9************,ir*******************,Unknown,60+,2025-05
B1511,ae37fa4a6e4efefde12bd52af53066456a5c1b5a8b5ad036317a0dc0218e0db1,6F094,2025-12-24 11:37:36.952,CANCELLED,15C,IndiGo,BLR,BOM,2026-04-19 07:37:41.702,2026-04-19 09:06:41.702,89.0,1.4833333333333334,89.0,0.0,Valid,PAY1941,12346.57,UPI,Sai,Kulkarni,8,F,39**********,+9************,sa********************,Unknown,Under 18,2025-12
B1512,932990ec1a7797587578bdc8611fb94c98f194f57adeb99310c649a427a396c1,UK163,2025-12-21 11:37:36.952,PENDING,4A,Vistara,DEL,HYD,2026-04-19 07:22:41.703,2026-04-19 09:04:41.703,102.0,1.7,102.0,0.0,Valid,PAY1169,5747.83,CARD,Aditya,Ghosh,70,F,50**********,+9************,ad***********************,Unknown,60+,2025-12
B1513,671275e88f80ab6612b251a834bc7c2c958d795dd8d53e18ca9e1e16136f7771,UK163,2025-06-30 11:37:36.952,CONFIRMED,32B,Vistara,DEL,HYD,2026-04-19 07:22:41.703,2026-04-19 09:04:41.703,102.0,1.7,102.0,0.0,Valid,PAY1073,9031.14,CARD,Ananya,Nair,34,M,56**********,+9************,an*********************,Unknown,31-45,2025-06
B1513,671275e88f80ab6612b251a834bc7c2c958d795dd8d53e18ca9e1e16136f7771,UK163,2025-06-30 11:37:36.952,CONFIRMED,32B,Vistara,DEL,HYD,2026-04-19 07:22:41.703,2026-04-19 09:04:41.703,102.0,1.7,102.0,0.0,Valid,PAY1774,13685.53,CARD,Ananya,Nair,34,M,56**********,+9************,an*********************,Unknown,31-45,2025-06
B1514,8e3db6260921f94bb9ae157f337c44374facb3a9d586ffbf3e2154d807ab9e9f,SJ045,2025-05-07 11:37:36.952,CANCELLED,21E,SpiceJet,DEL,MAA,2026-04-19 04:16:41.701,2026-04-19 09:03:41.701,287.0,4.783333333333333,287.0,0.0,Valid,PAY1921,,UPI,Saanvi,Ghosh,63,M,71**********,+9************,sa********************,Unknown,60+,2025-05
B1515,afbd94f1848fd41087cc5acb8d09e72c4f5b0aad55a614d2754a32417907ca51,SJ006,2025-07-06 11:37:36.952,PENDING,26A,SpiceJet,HYD,BLR,2026-04-19 08:25:41.701,2026-04-19 08:57:41.701,32.0,0.5333333333333333,32.0,0.0,Valid,,,,Saanvi,Patel,83,F,33**********,+9************,sa********************,Unknown,60+,2025-07
B1516,115f110efe2c65297179f84ceb6a5154ba53e08f2d9b5659b5417adaea4e61eb,SJ103,2025-08-05 11:37:36.952,CANCELLED,34F,SpiceJet,MAA,BLR,2026-04-19 05:16:41.702,2026-04-19 08:56:41.702,220.0,3.6666666666666665,220.0,0.0,Valid,PAY1262,3242.75,UPI,Diya,Das,2,M,13**********,+9************,di*******************,Unknown,Under 18,2025-08
B1517,611287edff2d9e602fc6312c5850f6c8c7f4718408f7c4e4adbda51ff8cefd15,6F221,2026-01-16 11:37:36.952,Unknown,31B,IndiGo,MAA,DEL,2026-04-19 05:20:41.704,2026-04-19 08:52:41.704,212.0,3.533333333333333,212.0,0.0,Valid,PAY1599,,CARD,Ira,Kulkarni,55,F,34*********,+9************,ir**********************,Unknown,46-60,2026-01
B1518,255778825079acb5b763b6559c5fc45e24e91da572163fe53460a36801cb563a,SJ147,2026-03-20 11:37:36.952,Unknown,30A,SpiceJet,BLR,CCU,2026-04-19 04:30:41.702,2026-04-19 08:52:41.702,262.0,4.366666666666666,262.0,0.0,Valid,,,,Shaurya,Agarwal,52,M,94**********,+9************,sh*****************************,Unknown,46-60,2026-03
B1519,10760f5869cb3300ef931074f9a321622460186725400f7051c238775eac7953,SJ064,2026-03-25 11:37:36.952,PENDING,3C,SpiceJet,CCU,DEL,2026-04-19 06:29:41.701,2026-04-19 08:43:41.701,134.0,2.2333333333333334,134.0,0.0,Valid,PAY1049,5454.29,CARD,Diya,Naidu,62,F,33**********,+9************,di*********************,Unknown,60+,2026-03
B1519,10760f5869cb3300ef931074f9a321622460186725400f7051c238775eac7953,SJ064,2026-03-25 11:37:36.952,PENDING,3C,SpiceJet,CCU,DEL,2026-04-19 06:29:41.701,2026-04-19 08:43:41.701,134.0,2.2333333333333334,134.0,0.0,Valid,PAY1444,9403.54,NETBANKING,Diya,Naidu,62,F,33**********,+9************,di*********************,Unknown,60+,2026-03
B1520,eb351e94403b6f60c95255ea5125d89d492595be2f89a2d45b3d0257990ba1fe,AI028,2026-04-02 11:37:36.952,CONFIRMED,27A,Air India,HYD,BOM,2026-04-19 07:53:41.701,2026-04-19 08:35:41.701,42.0,0.7,42.0,0.0,Valid,PAY1360,14340.74,CARD,Anika,Reddy,68,M,44**********,+9************,an*********************,Unknown,60+,2026-04
B1521,120b27eb84582f377b5f050d3db3c581e073d05d4a308369ec0e71d4364d324b,AI148,2025-11-08 11:37:36.952,PENDING,31E,Air India,HYD,MAA,2026-04-19 05:41:41.703,2026-04-19 08:32:41.703,171.0,2.85,171.0,0.0,Valid,PAY1644,,UPI,Aditya,Kulkarni,24,M,27**********,+9************,ad*************************,Unknown,18-30,2025-11
B1521,120b27eb84582f377b5f050d3db3c581e073d05d4a308369ec0e71d4364d324b,AI148,2025-11-08 11:37:36.952,PENDING,31E,Air India,HYD,MAA,2026-04-19 05:41:41.703,2026-04-19 08:32:41.703,171.0,2.85,171.0,0.0,Valid,PAY1947,6664.48,CARD,Aditya,Kulkarni,24,M,27**********,+9************,ad*************************,Unknown,18-30,2025-11
B1521,120b27eb84582f377b5f050d3db3c581e073d05d4a308369ec0e71d4364d324b,AI148,2025-11-08 11:37:36.952,PENDING,31E,Air India,HYD,MAA,2026-04-19 05:41:41.703,2026-04-19 08:32:41.703,171.0,2.85,171.0,0.0,Valid,PAY1982,3965.19,CARD,Aditya,Kulkarni,24,M,27**********,+9************,ad*************************,Unknown,18-30,2025-11
B1522,19e6df3eeb202a02ed4e1e0f8866f45558337bbbb2e80ceae25e0d804a6b4379,6F263,2025-08-31 11:37:36.952,CONFIRMED,1C,IndiGo,DEL,HYD,2026-04-19 07:07:41.703,2026-04-19 08:30:41.703,83.0,1.3833333333333333,83.0,0.0,Valid,,,,Krishna,Nair,4,M,85**********,+9************,kr********************,Unknown,Under 18,2025-08
B1523,148b9ad00dca1b3d2358919e159c35911bb7a83968adaf8e861d72e83045df0a,SJ067,2025-05-19 11:37:36.952,PENDING,21F,SpiceJet,MAA,BLR,2026-04-19 07:17:41.701,2026-04-19 08:16:41.701,59.0,0.9833333333333333,59.0,0.0,Valid,PAY1024,,CARD,Kavya,Mishra,40,F,23**********,+9************,ka*********************,Unknown,31-45,2025-05
B1523,148b9ad00dca1b3d2358919e159c35911bb7a83968adaf8e861d72e83045df0a,SJ067,2025-05-19 11:37:36.952,PENDING,21F,SpiceJet,MAA,BLR,2026-04-19 07:17:41.701,2026-04-19 08:16:41.701,59.0,0.9833333333333333,59.0,0.0,Valid,PAY1119,10733.84,NETBANKING,Kavya,Mishra,40,F,23**********,+9************,ka*********************,Unknown,31-45,2025-05
B1524,8c032fa2e7fa614df341181caf802873c2b310da6a8bbd341529120c3cf6fea9,6F061,2025-06-17 11:37:36.952,PENDING,23D,IndiGo,MAA,BOM,2026-04-19 07:28:41.701,2026-04-19 08:09:41.701,41.0,0.6833333333333333,41.0,0.0,Valid,PAY1464,1289.01,NETBANKING,Ishaan,Nair,29,M,48**********,+9************,is*******************,Unknown,18-30,2025-06
B1524,8c032fa2e7fa614df341181caf802873c2b310da6a8bbd341529120c3cf6fea9,6F061,2025-06-17 11:37:36.952,PENDING,23D,IndiGo,MAA,BOM,2026-04-19 07:28:41.701,2026-04-19 08:09:41.701,41.0,0.6833333333333333,41.0,0.0,Valid,PAY1935,8542.82,CARD,Ishaan,Nair,29,M,48**********,+9************,is*******************,Unknown,18-30,2025-06
B1525,bf4ff98420fadf43b6c000838d75a055de2f506c98c68535320fa5759aa300cd,AI254,2025-05-29 11:37:36.952,Unknown,11E,Air India,CCU,HYD,2026-04-19 04:46:41.704,2026-04-19 08:06:41.704,200.0,3.3333333333333335,200.0,0.0,Valid,PAY1301,7869.06,UPI,Arjun,Chatterjee,57,F,11**********,+9************,ar**************************,Unknown,46-60,2025-05
B1526,744d91a3215c2e077d7367ccc23bcd54d683bfcb0b98cd6f5b8d3e627b607f99,SJ136,2025-11-15 11:37:36.952,CONFIRMED,17D,SpiceJet,HYD,BLR,2026-04-19 05:45:41.702,2026-04-19 08:04:41.702,139.0,2.316666666666667,139.0,0.0,Valid,PAY1058,4890.14,UPI,Saanvi,Singh,84,M,70**********,+9************,sa***********************,Unknown,60+,2025-11
B1526,744d91a3215c2e077d7367ccc23bcd54d683bfcb0b98cd6f5b8d3e627b607f99,SJ136,2025-11-15 11:37:36.952,CONFIRMED,17D,SpiceJet,HYD,BLR,2026-04-19 05:45:41.702,2026-04-19 08:04:41.702,139.0,2.316666666666667,139.0,0.0,Valid,PAY1489,7999.68,CARD,Saanvi,Singh,84,M,70**********,+9************,sa***********************,Unknown,60+,2025-11
B1527,d53bf95834e2706661adf58091b3c62dd790be99457254b9d928c721b1549304,AI046,2025-07-09 11:37:36.952,PENDING,8A,Air India,DEL,BOM,2026-04-19 05:09:41.701,2026-04-19 08:00:41.701,171.0,2.85,171.0,0.0,Valid,PAY1154,11891.78,CARD,Reyansh,Joshi,76,M,11**********,+9************,re**********************,Unknown,60+,2025-07
B1528,ecbb0131879dd73033d039b6a05dbbaf1f5427c77db7d4a05c8e6587a0d6cd65,UK174,2026-03-28 11:37:36.952,PENDING,6E,Vistara,CCU,DEL,2026-04-19 05:27:41.703,2026-04-19 07:47:41.703,140.0,2.3333333333333335,140.0,0.0,Valid,,,,Shaurya,Verma,37,M,70**********,+9************,sh***************************,Unknown,31-45,2026-03
B1529,5c2ee892f9c113da083b5f93cb2cd85c59404e7f20884cd0a9799298b91cbc28,6F066,2025-04-30 11:37:36.952,Unknown,34C,IndiGo,BLR,HYD,2026-04-19 06:07:41.701,2026-04-19 07:43:41.701,96.0,1.6,96.0,0.0,Valid,,,,Krishna,Singh,72,M,28**********,+9************,kr*********************,Unknown,60+,2025-04
B1530,a283a09aa25e74844adbaa72805adfee5de273ca179f93f31826cf2ad4dc9551,UK095,2025-12-08 11:37:36.952,Unknown,23E,Vistara,BOM,MAA,2026-04-19 05:22:41.702,2026-04-19 07:36:41.702,134.0,2.2333333333333334,134.0,0.0,Valid,PAY1263,1108.98,CARD,Reyansh,Chatterjee,89,F,41**********,+9************,re**************************,Unknown,60+,2025-12
B1530,a283a09aa25e74844adbaa72805adfee5de273ca179f93f31826cf2ad4dc9551,UK095,2025-12-08 11:37:36.952,Unknown,23E,Vistara,BOM,MAA,2026-04-19 05:22:41.702,2026-04-19 07:36:41.702,134.0,2.2333333333333334,134.0,0.0,Valid,PAY1285,14300.97,NETBANKING,Reyansh,Chatterjee,89,F,41**********,+9************,re**************************,Unknown,60+,2025-12
B1530,a283a09aa25e74844adbaa72805adfee5de273ca179f93f31826cf2ad4dc9551,UK095,2025-12-08 11:37:36.952,Unknown,23E,Vistara,BOM,MAA,2026-04-19 05:22:41.702,2026-04-19 07:36:41.702,134.0,2.2333333333333334,134.0,0.0,Valid,PAY1631,13655.72,CARD,Reyansh,Chatterjee,89,F,41**********,+9************,re**************************,Unknown,60+,2025-12
B1531,2bb472f799372f4d0f11780096f1b1c58d98d65d1f611d7d7e881bd650f76a1e,6F063,2026-04-01 11:37:36.952,PENDING,30F,IndiGo,DEL,HYD,2026-04-19 04:42:41.701,2026-04-19 07:31:41.701,169.0,2.816666666666667,169.0,0.0,Valid,PAY1516,11172.2,UPI,Ananya,Chatterjee,6,M,25**********,+9************,an******************************,Unknown,Under 18,2026-04
B1531,2bb472f799372f4d0f11780096f1b1c58d98d65d1f611d7d7e881bd650f76a1e,6F063,2026-04-01 11:37:36.952,PENDING,30F,IndiGo,DEL,HYD,2026-04-19 04:42:41.701,2026-04-19 07:31:41.701,169.0,2.816666666666667,169.0,0.0,Valid,PAY1581,,UPI,Ananya,Chatterjee,6,M,25**********,+9************,an******************************,Unknown,Under 18,2026-04
B1531,2bb472f799372f4d0f11780096f1b1c58d98d65d1f611d7d7e881bd650f76a1e,6F063,2026-04-01 11:37:36.952,PENDING,30F,IndiGo,DEL,HYD,2026-04-19 04:42:41.701,2026-04-19 07:31:41.701,169.0,2.816666666666667,169.0,0.0,Valid,PAY1634,12739.01,UPI,Ananya,Chatterjee,6,M,25**********,+9************,an******************************,Unknown,Under 18,2026-04
B1532,d9b6a9917a89ffe75a69702b745bac5690f52c4610df6ffa7c927dbe92f70f16,UK118,2025-04-22 11:37:36.952,PENDING,30A,Vistara,HYD,BLR,2026-04-19 06:22:41.702,2026-04-19 07:22:42.000,60.00496666666666,1.0000827777777777,60.0,0.004966666666661013,Valid,PAY1095,9430.36,NETBANKING,Sai,Mishra,25,M,64**********,+9************,sa******************,Unknown,18-30,2025-04
B1532,d9b6a9917a89ffe75a69702b745bac5690f52c4610df6ffa7c927dbe92f70f16,UK118,2025-04-22 11:37:36.952,PENDING,30A,Vistara,HYD,BLR,2026-04-19 06:22:41.702,2026-04-19 07:22:42.000,60.00496666666666,1.0000827777777777,60.0,0.004966666666661013,Valid,PAY1742,,CARD,Sai,Mishra,25,M,64**********,+9************,sa******************,Unknown,18-30,2025-04
B1532,d9b6a9917a89ffe75a69702b745bac5690f52c4610df6ffa7c927dbe92f70f16,UK118,2025-04-22 11:37:36.952,PENDING,30A,Vistara,HYD,BLR,2026-04-19 06:22:41.702,2026-04-19 07:22:42.000,60.00496666666666,1.0000827777777777,60.0,0.004966666666661013,Valid,PAY1851,14865.24,NETBANKING,Sai,Mishra,25,M,64**********,+9************,sa******************,Unknown,18-30,2025-04
B1533,b7bdfefb74cf63d4089f12a9cb9200236d2dde0c566a54fe4ed303ec12724707,UK218,2025-09-15 11:37:36.952,PENDING,28D,Vistara,MAA,BLR,2026-04-19 03:12:41.704,2026-04-19 07:22:41.704,250.0,4.166666666666667,250.0,0.0,Valid,,,,Diya,Kulkarni,87,M,74**********,+9************,di***********************,Unknown,60+,2025-09
B1534,1da5ced675158aae1330e1b276fb9f70b0e2d9ca7441caf3321cabac534484ba,UK031,2025-09-11 11:37:36.952,CONFIRMED,34E,Vistara,CCU,DEL,2026-04-19 03:45:41.701,2026-04-19 07:20:41.701,215.0,3.5833333333333335,215.0,0.0,Valid,PAY1055,12347.23,NETBANKING,Ira,Verma,41,F,75**********,+9************,ir*****************,Unknown,31-45,2025-09
B1535,c298cecdba76c83f263350d53e080a96bd431f42cd19de6efdd702431a28ae0d,UK142,2026-04-02 11:37:36.952,PENDING,6C,Vistara,BLR,DEL,2026-04-19 03:03:41.703,2026-04-19 07:13:41.703,250.0,4.166666666666667,250.0,0.0,Valid,PAY1212,5959.44,UPI,Shaurya,Naidu,23,M,87**********,+9************,sh*********************,Unknown,18-30,2026-04
B1535,c298cecdba76c83f263350d53e080a96bd431f42cd19de6efdd702431a28ae0d,UK142,2026-04-02 11:37:36.952,PENDING,6C,Vistara,BLR,DEL,2026-04-19 03:03:41.703,2026-04-19 07:13:41.703,250.0,4.166666666666667,250.0,0.0,Valid,PAY1993,13561.41,NETBANKING,Shaurya,Naidu,23,M,87**********,+9************,sh*********************,Unknown,18-30,2026-04
B1536,0a7fd94c6462ec540a915ec379638303b93d6dfc232cab50baaa2fd78eab14ee,AI002,2025-06-01 11:37:36.952,Unknown,4C,Air India,HYD,BLR,2026-04-19 05:12:41.700,2026-04-19 07:12:41.700,120.0,2.0,120.0,0.0,Valid,PAY1257,6548.99,NETBANKING,Vivaan,Ghosh,10,M,62**********,+9************,vi**********************,Unknown,Under 18,2025-06
B1537,24fc7c6096a40eed288c35c622b441eb6bbde8a9aec94edb595f67cc2e17b907,UK070,2025-10-08 11:37:36.952,CONFIRMED,21F,Vistara,BOM,DEL,2026-04-19 04:36:41.701,2026-04-19 06:49:41.701,133.0,2.216666666666667,133.0,0.0,Valid,PAY1137,9202.57,NETBANKING,Ishaan,Banerjee,8,M,43**********,+9************,is*************************,Unknown,Under 18,2025-10
B1538,214570e8e57cbbedb0b4b324f9d19943a962fe8291da22434f634a5989e07f18,SJ121,2026-03-17 11:37:36.952,PENDING,8E,SpiceJet,CCU,DEL,2026-04-19 05:32:41.702,2026-04-19 06:47:41.702,75.0,1.25,75.0,0.0,Valid,,,,Riya,Verma,44,M,13**********,+9************,ri***********************,Unknown,31-45,2026-03
B1539,653cdfb1325933b24ada6db5a4afeff363cb0f52acd1f049ffaae98513b44a5e,UK201,2025-06-11 11:37:36.952,CONFIRMED,20B,Vistara,HYD,BOM,2026-04-19 04:29:41.703,2026-04-19 06:42:41.703,133.0,2.216666666666667,133.0,0.0,Valid,PAY1465,14472.9,NETBANKING,Sara,Agarwal,19,F,46**********,+9************,sa*************************,Unknown,18-30,2025-06
B1539,653cdfb1325933b24ada6db5a4afeff363cb0f52acd1f049ffaae98513b44a5e,UK201,2025-06-11 11:37:36.952,CONFIRMED,20B,Vistara,HYD,BOM,2026-04-19 04:29:41.703,2026-04-19 06:42:41.703,133.0,2.216666666666667,133.0,0.0,Valid,PAY1906,3036.88,CARD,Sara,Agarwal,19,F,46**********,+9************,sa*************************,Unknown,18-30,2025-06
B1540,d28a5ecd0c7360caecb8cd4b87c981d024e1f3f4aff9164e9ef19df5655d5133,AI138,2026-01-15 11:37:36.952,CANCELLED,7E,Air India,DEL,CCU,2026-04-19 05:50:41.702,2026-04-19 06:40:41.702,50.0,0.8333333333333334,50.0,0.0,Valid,PAY1140,3640.69,CARD,Aarav,Chatterjee,76,M,19**********,+9************,aa**************************,Unknown,60+,2026-01
B1541,b126a52f3502ee36d639ea4ee356481f58bb7dc6129dc08dc71d2f7e6d19b1e9,SJ014,2025-12-16 11:37:36.952,CONFIRMED,26A,SpiceJet,BOM,HYD,2026-04-19 05:40:41.701,2026-04-19 06:39:41.701,59.0,0.9833333333333333,59.0,0.0,Valid,PAY1382,12031.17,NETBANKING,Myra,Patel,62,M,83**********,+9************,my******************,Unknown,60+,2025-12
B1542,e418a33441293cc1bdedf9aaf5268b3bd55d10b8eafe856461cfa59230986bff,SJ053,2025-12-13 11:37:36.952,PENDING,14F,SpiceJet,CCU,DEL,2026-04-19 05:00:41.701,2026-04-19 06:38:41.701,98.0,1.6333333333333333,98.0,0.0,Valid,,,,Ishaan,Kulkarni,36,M,29**********,+9************,is****************************,Unknown,31-45,2025-12
B1543,c4373c1b39af67a844b4f0fcb9af4efccc01f7d47ee13a02e81537fb003c3306,SJ241,2025-06-16 11:37:36.952,CANCELLED,4F,SpiceJet,DEL,HYD,2026-04-19 03:57:41.704,2026-04-19 06:36:41.704,159.0,2.65,159.0,0.0,Valid,PAY1357,3207.85,UPI,Ishaan,Reddy,42,M,29**********,+9************,is********************,Unknown,31-45,2025-06
B1544,eda3949b35498cd8ba32356b6e4f2e4346d199d612ffd85403d4ac73cdb19ee6,AI249,2025-09-01 11:37:36.952,CANCELLED,16A,Air India,BLR,HYD,2026-04-19 03:38:41.704,2026-04-19 06:27:41.704,169.0,2.816666666666667,169.0,0.0,Valid,PAY1006,8020.26,CARD,Ananya,Sharma,68,F,67**********,+9************,an*********************,Unknown,60+,2025-09
B1544,eda3949b35498cd8ba32356b6e4f2e4346d199d612ffd85403d4ac73cdb19ee6,AI249,2025-09-01 11:37:36.952,CANCELLED,16A,Air India,BLR,HYD,2026-04-19 03:38:41.704,2026-04-19 06:27:41.704,169.0,2.816666666666667,169.0,0.0,Valid,PAY1201,3982.8,NETBANKING,Ananya,Sharma,68,F,67**********,+9************,an*********************,Unknown,60+,2025-09
B1545,b50944dade76ec98abeef33d1290c664cff21210c0f9ec364d41618f67e11f83,AI176,2026-03-08 11:37:36.952,PENDING,8A,Air India,BLR,DEL,2026-04-19 04:20:41.703,2026-04-19 06:25:41.703,125.0,2.0833333333333335,125.0,0.0,Valid,PAY1447,6767.92,NETBANKING,Saanvi,Patel,86,F,56**********,+9************,sa**********************,Unknown,60+,2026-03
B1545,b50944dade76ec98abeef33d1290c664cff21210c0f9ec364d41618f67e11f83,AI176,2026-03-08 11:37:36.952,PENDING,8A,Air India,BLR,DEL,2026-04-19 04:20:41.703,2026-04-19 06:25:41.703,125.0,2.0833333333333335,125.0,0.0,Valid,PAY1575,10968.41,CARD,Saanvi,Patel,86,F,56**********,+9************,sa**********************,Unknown,60+,2026-03
B1546,c06f7e72b998fc9e261e8d3ddfd20ab26150349272c2872e7cdc582105ae227a,SJ234,2026-04-02 11:37:36.952,PENDING,32B,SpiceJet,BLR,CCU,2026-04-19 04:20:41.704,2026-04-19 06:23:41.704,123.0,2.05,123.0,0.0,Valid,,,,Arjun,Singh,42,F,96**********,+9************,ar*********************,Unknown,31-45,2026-04
B1547,598f3ecd29618917be0a856163f8961e27fcdd51dd54738d4dbe36dfd365acb1,6F115,2025-04-18 11:37:36.952,PENDING,16C,IndiGo,MAA,BLR,2026-04-19 04:41:41.702,2026-04-19 06:23:41.702,102.0,1.7,102.0,0.0,Valid,,,,Ira,Khan,55,M,89**********,+9************,ir******************,Unknown,46-60,2025-04
B1548,a965c821df17a512bfcddb4713aabf5da605a30c3b3e016e047f14523f413b2f,AI020,2025-10-04 11:37:36.952,CONFIRMED,7E,Air India,BOM,BLR,2026-04-19 03:53:41.701,2026-04-19 06:21:41.701,148.0,2.466666666666667,148.0,0.0,Valid,,,,Reyansh,Reddy,48,M,98**********,+9************,re*********************,Unknown,46-60,2025-10
B1549,c3b65a7f63cdf9077407c656298c53cf2f5eb3571bcc4fa8c5d8b5aa74f4d8bc,AI020,2025-12-16 11:37:36.952,CONFIRMED,24A,Air India,BOM,BLR,2026-04-19 03:53:41.701,2026-04-19 06:21:41.701,148.0,2.466666666666667,148.0,0.0,Valid,,,,Aadhya,Chatterjee,9,F,18**********,+9************,aa***************************,Unknown,Under 18,2025-12
B1550,92e8e78de5ea033f2f0c07afe5f92fb5b2a2d23595888da275d9af9fd7d03490,6F079,2025-12-06 11:37:36.952,CONFIRMED,10D,IndiGo,MAA,HYD,2026-04-19 02:14:41.702,2026-04-19 06:18:41.702,244.0,4.066666666666666,244.0,0.0,Valid,,,,Krishna,Mehta,9,M,73**********,+9************,kr***********************,Unknown,Under 18,2025-12
B1551,b80f0792f54b48b735169ad48fab43e1494809354d2a41baabde61a641586c52,6F104,2025-11-14 11:37:36.952,Unknown,8E,IndiGo,CCU,BOM,2026-04-19 05:39:41.702,2026-04-19 06:14:41.702,35.0,0.5833333333333334,35.0,0.0,Valid,,,,Reyansh,Agarwal,44,F,29**********,+9************,re*************************,Unknown,31-45,2025-11
B1552,54ea7cded53f3952244526e5fb2f0efa0d1871a1bec73f5f12883b6444b9b590,UK046,2026-02-06 11:37:36.952,PENDING,32D,Vistara,CCU,DEL,2026-04-19 03:37:41.701,2026-04-19 06:05:41.701,148.0,2.466666666666667,148.0,0.0,Valid,PAY1386,12589.6,NETBANKING,Reyansh,Naidu,77,M,35**********,+9************,re***************************,Unknown,60+,2026-02
B1553,680933683d5650204f499668478e9ceed7b994ffc70329e2e7e8993996f3cbdc,SJ217,2025-11-15 11:37:36.952,CONFIRMED,33D,SpiceJet,BOM,CCU,2026-04-19 02:57:41.703,2026-04-19 06:04:41.703,187.0,3.1166666666666667,187.0,0.0,Valid,PAY1868,1883.33,UPI,Muhammad,Gupta,73,M,99**********,+9************,mu***************************,Unknown,60+,2025-11
B1554,91d46efeb9c1ecd916a62857d2bcb0e07955223b7cf4cd40817fc0bfb04391b1,6F142,2025-08-26 11:37:36.952,CANCELLED,8D,IndiGo,CCU,MAA,2026-04-19 02:05:41.702,2026-04-19 06:04:41.702,239.0,3.9833333333333334,239.0,0.0,Valid,,,,Aarav,Das,14,F,67*********,+9************,aa*****************,Unknown,Under 18,2025-08
B1555,120b27eb84582f377b5f050d3db3c581e073d05d4a308369ec0e71d4364d324b,SJ139,2026-04-04 11:37:36.952,CONFIRMED,3B,SpiceJet,DEL,BLR,2026-04-19 02:20:41.702,2026-04-19 06:02:41.702,222.0,3.7,222.0,0.0,Valid,PAY1340,13344.12,NETBANKING,Aditya,Kulkarni,24,M,27**********,+9************,ad*************************,Unknown,18-30,2026-04
B1556,bf96c740475045fb1786249fe2e468ebbfb7f344c8c9e37c7fc645650e6c64cb,6F059,2026-01-18 11:37:36.952,CANCELLED,31D,IndiGo,BOM,DEL,2026-04-19 01:12:41.701,2026-04-19 06:02:41.701,290.0,4.833333333333333,290.0,0.0,Valid,,,,Aadhya,Kulkarni,62,M,77**********,+9************,aa*************************,Unknown,60+,2026-01
B1557,844bcfc3767694bbbc1892893b5dfe528b050cc8a7fb5cc5533ae56387edd1ca,6F067,2025-08-10 11:37:36.952,PENDING,17A,IndiGo,MAA,BLR,2026-04-19 02:59:41.701,2026-04-19 06:02:41.701,183.0,3.05,183.0,0.0,Valid,PAY1109,13664.47,NETBANKING,Myra,Gupta,5,M,34**********,+9************,my***********************,Unknown,Under 18,2025-08
B1557,844bcfc3767694bbbc1892893b5dfe528b050cc8a7fb5cc5533ae56387edd1ca,6F067,2025-08-10 11:37:36.952,PENDING,17A,IndiGo,MAA,BLR,2026-04-19 02:59:41.701,2026-04-19 06:02:41.701,183.0,3.05,183.0,0.0,Valid,PAY1299,4044.27,UPI,Myra,Gupta,5,M,34**********,+9************,my***********************,Unknown,Under 18,2025-08
B1558,1b785ebc8f4e10966f25cc0ddce41c34d6d52826425038d97b29a9ed23cdc167,AI007,2025-08-07 11:37:36.952,PENDING,27A,Air India,MAA,DEL,2026-04-19 04:01:41.701,2026-04-19 06:01:42.000,120.00498333333333,2.0000830555555553,120.0,0.004983333333328233,Valid,PAY1093,8770.08,UPI,Anika,Ghosh,47,F,40**********,+9************,an*************************,Unknown,46-60,2025-08
B1558,1b785ebc8f4e10966f25cc0ddce41c34d6d52826425038d97b29a9ed23cdc167,AI007,2025-08-07 11:37:36.952,PENDING,27A,Air India,MAA,DEL,2026-04-19 04:01:41.701,2026-04-19 06:01:42.000,120.00498333333333,2.0000830555555553,120.0,0.004983333333328233,Valid,PAY1876,6827.65,UPI,Anika,Ghosh,47,F,40**********,+9************,an*************************,Unknown,46-60,2025-08
B1559,5f77afa3d4c2de29a329918512584b72196ce1432c866ae54e161e3a5aebcf8a,UK202,2026-01-20 11:37:36.952,CONFIRMED,5F,Vistara,DEL,HYD,2026-04-19 01:11:41.703,2026-04-19 05:37:41.703,266.0,4.433333333333334,266.0,0.0,Valid,PAY1379,3622.91,NETBANKING,Shaurya,Sharma,47,M,19**********,+9************,sh************************,Unknown,46-60,2026-01
B1560,d5169308ce3fd20e529e3b94cc846e5723dbadb54b0c69af7ceb2713f60c1692,AI200,2026-03-07 11:37:36.952,CONFIRMED,18C,Air India,HYD,MAA,2026-04-19 02:05:41.703,2026-04-19 05:29:41.703,204.0,3.4,204.0,0.0,Valid,,,,Muhammad,Das,36,F,43**********,+9************,mu**********************,Unknown,31-45,2026-03
B1561,9182058658b2ce97182ebc13b51ac923a7c0558824d95a958924aa218357a9ed,UK172,2026-01-27 11:37:36.952,PENDING,18C,Vistara,DEL,BOM,2026-04-19 02:20:41.703,2026-04-19 05:21:41.703,181.0,3.0166666666666666,181.0,0.0,Valid,PAY1179,8371.27,CARD,Aadhya,Nair,78,M,23**********,+9************,aa*******************,Unknown,60+,2026-01
B1561,9182058658b2ce97182ebc13b51ac923a7c0558824d95a958924aa218357a9ed,UK172,2026-01-27 11:37:36.952,PENDING,18C,Vistara,DEL,BOM,2026-04-19 02:20:41.703,2026-04-19 05:21:41.703,181.0,3.0166666666666666,181.0,0.0,Valid,PAY1389,3136.04,UPI,Aadhya,Nair,78,M,23**********,+9************,aa*******************,Unknown,60+,2026-01
B1562,5f42312a213a917091439e08d41d8a5f948e75823347c53210a3cf38b485968c,6F214,2025-05-01 11:37:36.952,CONFIRMED,10B,IndiGo,BOM,CCU,2026-04-19 01:21:41.703,2026-04-19 05:20:41.703,239.0,3.9833333333333334,239.0,0.0,Valid,PAY1608,6572.09,UPI,Ananya,Gupta,28,F,13**********,+9************,an**********************,Unknown,18-30,2025-05
B1563,255778825079acb5b763b6559c5fc45e24e91da572163fe53460a36801cb563a,UK037,2025-09-11 11:37:36.952,PENDING,27B,Vistara,BLR,BOM,2026-04-19 01:10:41.701,2026-04-19 05:12:41.701,242.0,4.033333333333333,242.0,0.0,Valid,,,,Shaurya,Agarwal,52,M,94**********,+9************,sh*****************************,Unknown,46-60,2025-09
B1564,4ff00403397e83e71b7bac58d46092c1f4c0558542749ae813ddab899eacdeb3,AI022,2025-08-14 11:37:36.952,PENDING,17F,Air India,BOM,MAA,2026-04-19 03:15:41.701,2026-04-19 05:10:41.701,115.0,1.9166666666666667,115.0,0.0,Valid,PAY1138,3514.52,NETBANKING,Ishaan,Patel,63,F,63**********,+9************,is*************************,Unknown,60+,2025-08
B1565,d852af5fb259e5b86aebef43fc2da8fda39e2fce74a88a7fe83002d7f4381525,AI243,2026-02-06 11:37:36.952,CANCELLED,20D,Air India,BLR,BOM,2026-04-19 02:50:41.704,2026-04-19 05:09:41.704,139.0,2.316666666666667,139.0,0.0,Valid,PAY1117,3438.58,UPI,Aditya,Joshi,6,M,10**********,+9************,ad********************,Unknown,Under 18,2026-02
B1565,d852af5fb259e5b86aebef43fc2da8fda39e2fce74a88a7fe83002d7f4381525,AI243,2026-02-06 11:37:36.952,CANCELLED,20D,Air India,BLR,BOM,2026-04-19 02:50:41.704,2026-04-19 05:09:41.704,139.0,2.316666666666667,139.0,0.0,Valid,PAY1671,3804.91,UPI,Aditya,Joshi,6,M,10**********,+9************,ad********************,Unknown,Under 18,2026-02
B1566,67455a9d4cfb64033f16ca44861f86efbe78638e044bcee1eac0d45a747f402c,SJ174,2025-10-08 11:37:36.952,CONFIRMED,29F,SpiceJet,CCU,DEL,2026-04-19 04:09:41.703,2026-04-19 05:04:41.703,55.0,0.9166666666666666,55.0,0.0,Valid,PAY1801,11489.31,CARD,Shaurya,Verma,26,M,66**********,+9************,sh************************,Unknown,18-30,2025-10
B1566,67455a9d4cfb64033f16ca44861f86efbe78638e044bcee1eac0d45a747f402c,SJ174,2025-10-08 11:37:36.952,CONFIRMED,29F,SpiceJet,CCU,DEL,2026-04-19 04:09:41.703,2026-04-19 05:04:41.703,55.0,0.9166666666666666,55.0,0.0,Valid,PAY1821,14905.16,CARD,Shaurya,Verma,26,M,66**********,+9************,sh************************,Unknown,18-30,2025-10
B1567,badbc8cd2f0a1abb3798a7e4bfe25aeb01f21bc0469d012e92ad7a53f4909490,SJ079,2025-11-13 11:37:36.952,PENDING,9A,SpiceJet,HYD,DEL,2026-04-19 01:58:41.702,2026-04-19 05:02:41.702,184.0,3.066666666666667,184.0,0.0,Valid,PAY1356,10982.24,CARD,Riya,Khan,68,F,87*********,+9************,ri*******************,Unknown,60+,2025-11
B1568,fff87090542f8b51a79bf35133444b0f8471fe4637a7ded64d144766c44e7bdc,UK097,2025-12-21 11:37:36.952,CONFIRMED,21A,Vistara,HYD,BOM,2026-04-19 00:49:41.702,2026-04-19 05:00:41.702,251.0,4.183333333333334,251.0,0.0,Valid,PAY1591,,NETBANKING,Krishna,Iyer,17,M,18**********,+9************,kr*********************,Unknown,Under 18,2025-12
B1569,bdc50ba48d0be6aa003dd8438cee8b3fb28a6d39822633c122919b3043491d3a,AI013,2025-12-26 11:37:36.952,CANCELLED,14E,Air India,HYD,BLR,2026-04-19 03:41:41.701,2026-04-19 04:58:41.701,77.0,1.2833333333333334,77.0,0.0,Valid,,,,Arjun,Mishra,44,M,30**********,+9************,ar********************,Unknown,31-45,2025-12
B1570,43162d4ec9ebb8ca231a1237815ccd5f56ac1f07f4f470abc2f47b5de6c05c29,UK196,2025-11-21 11:37:36.952,CANCELLED,25E,Vistara,BOM,HYD,2026-04-19 00:32:41.703,2026-04-19 04:49:41.703,257.0,4.283333333333333,257.0,0.0,Valid,PAY1116,11109.36,UPI,Aarav,Reddy,63,F,16**********,+9************,aa*******************,Unknown,60+,2025-11
B1570,43162d4ec9ebb8ca231a1237815ccd5f56ac1f07f4f470abc2f47b5de6c05c29,UK196,2025-11-21 11:37:36.952,CANCELLED,25E,Vistara,BOM,HYD,2026-04-19 00:32:41.703,2026-04-19 04:49:41.703,257.0,4.283333333333333,257.0,0.0,Valid,PAY1321,3945.41,UPI,Aarav,Reddy,63,F,16**********,+9************,aa*******************,Unknown,60+,2025-11
B1571,bb7774ccaf953afb4ae638b67587b7b5f0570cabfbbdf5e8da80edee03a0829e,SJ213,2025-11-06 11:37:36.952,CONFIRMED,2C,SpiceJet,BOM,CCU,2026-04-19 01:19:41.703,2026-04-19 04:48:41.703,209.0,3.4833333333333334,209.0,0.0,Valid,,,,Aditya,Das,24,M,87**********,+9************,ad*******************,Unknown,18-30,2025-11
B1572,7e8681b0b5dcad0de38066ad7b0a7c2be54c6d39727b1b40a94c03a56faa1c3e,UK119,2025-05-26 11:37:36.952,CONFIRMED,5D,Vistara,BOM,CCU,2026-04-19 00:21:41.702,2026-04-19 04:38:41.702,257.0,4.283333333333333,257.0,0.0,Valid,PAY1060,,NETBANKING,Diya,Joshi,8,M,78**********,+9************,di***********************,Unknown,Under 18,2025-05
B1572,7e8681b0b5dcad0de38066ad7b0a7c2be54c6d39727b1b40a94c03a56faa1c3e,UK119,2025-05-26 11:37:36.952,CONFIRMED,5D,Vistara,BOM,CCU,2026-04-19 00:21:41.702,2026-04-19 04:38:41.702,257.0,4.283333333333333,257.0,0.0,Valid,PAY1403,13849.86,NETBANKING,Diya,Joshi,8,M,78**********,+9************,di***********************,Unknown,Under 18,2025-05
B1573,dd2315e37eac92923af0c408e6edec9c9bf13aae20166f1afb4bb3235b7b3553,AI043,2026-03-18 11:37:36.952,PENDING,19B,Air India,CCU,DEL,2026-04-19 00:28:41.701,2026-04-19 04:37:41.701,249.0,4.15,249.0,0.0,Valid,PAY1682,7629.97,NETBANKING,Krishna,Joshi,19,F,85**********,+9************,kr**********************,Unknown,18-30,2026-03
B1574,9c2461755b69c4ab97fdebbf778d8d1282e65164f889ae51c6c255fe6d33f20e,AI043,2025-04-29 11:37:36.952,CANCELLED,18A,Air India,CCU,DEL,2026-04-19 00:28:41.701,2026-04-19 04:37:41.701,249.0,4.15,249.0,0.0,Valid,PAY1435,13905.05,UPI,Ishaan,Banerjee,3,F,26*********,+9************,is**************************,Unknown,Under 18,2025-04
B1575,7aa176d0a5f6a996e7fe57dec83784416fe6d898c98ce4815d2a6492d57a6472,AI143,2025-06-16 11:37:36.952,CANCELLED,2B,Air India,CCU,DEL,2026-04-19 03:58:41.702,2026-04-19 04:36:41.702,38.0,0.6333333333333333,38.0,0.0,Valid,PAY1551,12516.91,CARD,Riya,Singh,56,M,83**********,+9************,ri***********************,Unknown,46-60,2025-06
B1576,a0c14a5b58b318831041a0da4ae6ad5e5c47e2a06ebdc9e3c8b149b595d8a682,SJ032,2025-10-20 11:37:36.952,Unknown,6F,SpiceJet,MAA,BOM,2026-04-19 02:11:41.701,2026-04-19 04:33:41.701,142.0,2.3666666666666667,142.0,0.0,Valid,PAY1778,,CARD,Aadhya,Mehta,16,F,13**********,+9************,aa**************************,Unknown,Under 18,2025-10
B1577,2dc43d859714a78e509c0d7143436d2f896de5518e1837c78151c59ccd78bcf1,6F050,2026-01-24 11:37:36.952,CONFIRMED,23A,IndiGo,DEL,BOM,2026-04-19 00:35:41.701,2026-04-19 04:32:41.701,237.0,3.95,237.0,0.0,Valid,,,,Aarav,Ghosh,33,M,47*********,+9************,aa*********************,Unknown,31-45,2026-01
B1578,e2aecd9570718a8807f0e8649e84f841cbd416fa94f569737c9c3127f2702b4f,AI134,2025-12-25 11:37:36.952,PENDING,6B,Air India,HYD,BOM,2026-04-19 00:28:41.702,2026-04-19 04:23:41.702,235.0,3.9166666666666665,235.0,0.0,Valid,PAY1069,,UPI,Anika,Kulkarni,58,M,76**********,+9************,an****************************,Unknown,46-60,2025-12
B1578,e2aecd9570718a8807f0e8649e84f841cbd416fa94f569737c9c3127f2702b4f,AI134,2025-12-25 11:37:36.952,PENDING,6B,Air India,HYD,BOM,2026-04-19 00:28:41.702,2026-04-19 04:23:41.702,235.0,3.9166666666666665,235.0,0.0,Valid,PAY1084,1897.18,CARD,Anika,Kulkarni,58,M,76**********,+9************,an****************************,Unknown,46-60,2025-12
B1578,e2aecd9570718a8807f0e8649e84f841cbd416fa94f569737c9c3127f2702b4f,AI134,2025-12-25 11:37:36.952,PENDING,6B,Air India,HYD,BOM,2026-04-19 00:28:41.702,2026-04-19 04:23:41.702,235.0,3.9166666666666665,235.0,0.0,Valid,PAY1974,2200.51,UPI,Anika,Kulkarni,58,M,76**********,+9************,an****************************,Unknown,46-60,2025-12
B1579,f2e1cb35b74d366920d797365caeeaab3eea7db0becc60fb58aac63acd97e1de,6F182,2025-04-24 11:37:36.952,CONFIRMED,28E,IndiGo,BOM,CCU,2026-04-19 02:10:41.703,2026-04-19 04:18:41.703,128.0,2.1333333333333333,128.0,0.0,Valid,PAY1479,6611.83,CARD,Arjun,Iyer,39,F,73**********,+9************,ar******************,Unknown,31-45,2025-04
B1579,f2e1cb35b74d366920d797365caeeaab3eea7db0becc60fb58aac63acd97e1de,6F182,2025-04-24 11:37:36.952,CONFIRMED,28E,IndiGo,BOM,CCU,2026-04-19 02:10:41.703,2026-04-19 04:18:41.703,128.0,2.1333333333333333,128.0,0.0,Valid,PAY1509,2832.27,NETBANKING,Arjun,Iyer,39,F,73**********,+9************,ar******************,Unknown,31-45,2025-04
B1580,a759aaee0229400211580e1ddf0be6282fdb5e809de0389fc1b5944444cd749f,SJ086,2025-10-08 11:37:36.952,CONFIRMED,20D,SpiceJet,CCU,DEL,2026-04-19 00:32:41.702,2026-04-19 04:17:41.702,225.0,3.75,225.0,0.0,Valid,PAY1780,10617.14,CARD,Shaurya,Verma,60,F,71**********,+9************,sh*********************,Unknown,46-60,2025-10
B1580,a759aaee0229400211580e1ddf0be6282fdb5e809de0389fc1b5944444cd749f,SJ086,2025-10-08 11:37:36.952,CONFIRMED,20D,SpiceJet,CCU,DEL,2026-04-19 00:32:41.702,2026-04-19 04:17:41.702,225.0,3.75,225.0,0.0,Valid,PAY1848,11400.72,UPI,Shaurya,Verma,60,F,71**********,+9************,sh*********************,Unknown,46-60,2025-10
B1580,a759aaee0229400211580e1ddf0be6282fdb5e809de0389fc1b5944444cd749f,SJ086,2025-10-08 11:37:36.952,CONFIRMED,20D,SpiceJet,CCU,DEL,2026-04-19 00:32:41.702,2026-04-19 04:17:41.702,225.0,3.75,225.0,0.0,Valid,PAY1936,4607.2,UPI,Shaurya,Verma,60,F,71**********,+9************,sh*********************,Unknown,46-60,2025-10
B1581,9c8b72e9309f1ca4a801e836ae3ee548e4fab5ba18437be41dbac15e14aa7c97,6F170,2025-08-06 11:37:36.952,CONFIRMED,3D,IndiGo,HYD,DEL,2026-04-19 02:44:41.703,2026-04-19 04:14:41.703,90.0,1.5,90.0,0.0,Valid,PAY1576,,UPI,Diya,Patel,35,M,43**********,+9************,di******************,Unknown,31-45,2025-08
B1581,9c8b72e9309f1ca4a801e836ae3ee548e4fab5ba18437be41dbac15e14aa7c97,6F170,2025-08-06 11:37:36.952,CONFIRMED,3D,IndiGo,HYD,DEL,2026-04-19 02:44:41.703,2026-04-19 04:14:41.703,90.0,1.5,90.0,0.0,Valid,PAY1765,9514.99,NETBANKING,Diya,Patel,35,M,43**********,+9************,di******************,Unknown,31-45,2025-08
B1582,89b838af3563d06bd281ffd294bd47fee3a54113f63f7076dd031563c4a41c3f,UK168,2025-04-24 11:37:36.952,PENDING,34B,Vistara,BLR,CCU,2026-04-19 03:20:41.703,2026-04-19 04:09:41.703,49.0,0.8166666666666667,49.0,0.0,Valid,PAY1195,13552.0,UPI,Vivaan,Reddy,26,F,52**********,+9************,vi**********************,Unknown,18-30,2025-04
B1583,0b40c4ed7240e82b9daeb1d3d1dfec63f961836cb323b1a80f47700b744efddb,SJ072,2026-02-22 11:37:36.952,Unknown,33D,SpiceJet,DEL,HYD,2026-04-19 01:18:41.701,2026-04-19 04:08:41.701,170.0,2.8333333333333335,170.0,0.0,Valid,,,,Ananya,Gupta,45,M,59*********,+9************,an********************,Unknown,31-45,2026-02
B1584,f74c7ceeba75df59fec0de11c68f8fbc5171cbd8ec128eddf975cde87f58a095,UK075,2025-04-28 11:37:36.952,CANCELLED,21C,Vistara,MAA,CCU,2026-04-18 23:15:41.702,2026-04-19 03:54:41.702,279.0,4.65,279.0,0.0,Valid,PAY1127,13317.93,NETBANKING,Shaurya,Mehta,42,F,38**********,+9************,sh***************************,Unknown,31-45,2025-04
B1584,f74c7ceeba75df59fec0de11c68f8fbc5171cbd8ec128eddf975cde87f58a095,UK075,2025-04-28 11:37:36.952,CANCELLED,21C,Vistara,MAA,CCU,2026-04-18 23:15:41.702,2026-04-19 03:54:41.702,279.0,4.65,279.0,0.0,Valid,PAY1923,13148.95,CARD,Shaurya,Mehta,42,F,38**********,+9************,sh***************************,Unknown,31-45,2025-04
B1585,323969a7963eafc6513bc14886c789e73bb1919adde854ed931330089747a1aa,6F233,2026-01-08 11:37:36.952,CANCELLED,1C,IndiGo,BLR,BOM,2026-04-18 23:56:41.704,2026-04-19 03:53:41.704,237.0,3.95,237.0,0.0,Valid,PAY1036,11603.63,NETBANKING,Aadhya,Mishra,59,F,46**********,+9************,aa*********************,Unknown,46-60,2026-01
B1585,323969a7963eafc6513bc14886c789e73bb1919adde854ed931330089747a1aa,6F233,2026-01-08 11:37:36.952,CANCELLED,1C,IndiGo,BLR,BOM,2026-04-18 23:56:41.704,2026-04-19 03:53:41.704,237.0,3.95,237.0,0.0,Valid,PAY1533,11914.07,UPI,Aadhya,Mishra,59,F,46**********,+9************,aa*********************,Unknown,46-60,2026-01
B1585,323969a7963eafc6513bc14886c789e73bb1919adde854ed931330089747a1aa,6F233,2026-01-08 11:37:36.952,CANCELLED,1C,IndiGo,BLR,BOM,2026-04-18 23:56:41.704,2026-04-19 03:53:41.704,237.0,3.95,237.0,0.0,Valid,PAY1961,,UPI,Aadhya,Mishra,59,F,46**********,+9************,aa*********************,Unknown,46-60,2026-01
B1586,92929313a75069630a3f41a498062f3b99dc58e1bb7aaab8b084ebdfa4e98f0c,SJ143,2025-11-13 11:37:36.952,CANCELLED,25B,SpiceJet,DEL,BOM,2026-04-19 02:55:41.702,2026-04-19 03:52:41.702,57.0,0.95,57.0,0.0,Valid,,,,Kavya,Kulkarni,45,M,91**********,+9************,ka************************,Unknown,31-45,2025-11
B1587,ad3bdf275e916fdac402d01898ca3a3c574ac15d01c763ad5c76f9a772a79c2f,SJ246,2025-06-28 11:37:36.952,PENDING,34E,SpiceJet,BOM,DEL,2026-04-19 02:47:41.704,2026-04-19 03:47:42.000,60.004933333333334,1.0000822222222223,60.0,0.004933333333333678,Valid,PAY1369,11740.35,NETBANKING,Krishna,Verma,89,F,39**********,+9************,kr*********************,Unknown,60+,2025-06
B1588,901331ea90015d4bc0291766f4f107a0d34cb5ed3825fec0e3dbd03717fde73a,SJ247,2025-11-04 11:37:36.952,CONFIRMED,10B,SpiceJet,DEL,BOM,2026-04-18 23:38:41.704,2026-04-19 03:43:41.704,245.0,4.083333333333333,245.0,0.0,Valid,PAY1107,12810.22,UPI,Kavya,Joshi,63,M,58**********,+9************,ka*******************,Unknown,60+,2025-11
B1589,05eea77c075ff7329e9eb383df908cc03d91db1aad14d9e93f0e534a08c2d972,UK157,2025-08-31 11:37:36.952,PENDING,3D,Vistara,CCU,BOM,2026-04-19 02:41:41.703,2026-04-19 03:41:42.000,60.00495,1.0000825,60.0,0.004950000000000898,Valid,PAY1044,3501.28,CARD,Aarav,Joshi,17,F,20**********,+9************,aa*********************,Unknown,Under 18,2025-08
B1589,05eea77c075ff7329e9eb383df908cc03d91db1aad14d9e93f0e534a08c2d972,UK157,2025-08-31 11:37:36.952,PENDING,3D,Vistara,CCU,BOM,2026-04-19 02:41:41.703,2026-04-19 03:41:42.000,60.00495,1.0000825,60.0,0.004950000000000898,Valid,PAY1197,11781.84,UPI,Aarav,Joshi,17,F,20**********,+9************,aa*********************,Unknown,Under 18,2025-08
B1589,05eea77c075ff7329e9eb383df908cc03d91db1aad14d9e93f0e534a08c2d972,UK157,2025-08-31 11:37:36.952,PENDING,3D,Vistara,CCU,BOM,2026-04-19 02:41:41.703,2026-04-19 03:41:42.000,60.00495,1.0000825,60.0,0.004950000000000898,Valid,PAY1540,14149.64,UPI,Aarav,Joshi,17,F,20**********,+9************,aa*********************,Unknown,Under 18,2025-08
B1590,0211dba0308362d09d12cce5048bc85a2ef253da3e6168f427992abe6729bcef,UK069,2026-04-01 11:37:36.952,CONFIRMED,25B,Vistara,CCU,DEL,2026-04-19 01:10:41.701,2026-04-19 03:23:41.701,133.0,2.216666666666667,133.0,0.0,Valid,PAY1569,1015.84,UPI,Vivaan,Joshi,65,F,52**********,+9************,vi**********************,Unknown,60+,2026-04
B1591,a29b0b8a8a5283bcac0ee3f87fc316a362732ca213d0d6508e9fe78f2c82a662,AI106,2025-11-20 11:37:36.952,CANCELLED,8A,Air India,HYD,BLR,2026-04-19 02:07:41.702,2026-04-19 03:20:41.702,73.0,1.2166666666666666,73.0,0.0,Valid,PAY1194,5274.56,UPI,Myra,Ghosh,20,M,46**********,+9************,my********************,Unknown,18-30,2025-11
B1591,a29b0b8a8a5283bcac0ee3f87fc316a362732ca213d0d6508e9fe78f2c82a662,AI106,2025-11-20 11:37:36.952,CANCELLED,8A,Air India,HYD,BLR,2026-04-19 02:07:41.702,2026-04-19 03:20:41.702,73.0,1.2166666666666666,73.0,0.0,Valid,PAY1693,11559.24,UPI,Myra,Ghosh,20,M,46**********,+9************,my********************,Unknown,18-30,2025-11
B1592,872ce3ad7cd88dc979b90e4a798b5a58bad12953f5433bbf4125c0fea3b9c0c8,UK085,2025-11-17 11:37:36.952,CONFIRMED,24F,Vistara,MAA,DEL,2026-04-19 02:15:41.702,2026-04-19 03:17:41.702,62.0,1.0333333333333334,62.0,0.0,Valid,,,,Sara,Banerjee,1,F,66**********,+9************,sa*********************,Unknown,Under 18,2025-11
B1593,4f298002003d87c1d612ccc5bd08710bf4a0e8820b936ee256fe2747d11f2c86,6F087,2025-09-24 11:37:36.952,Unknown,1A,IndiGo,DEL,HYD,2026-04-18 23:24:41.702,2026-04-19 03:10:41.702,226.0,3.7666666666666666,226.0,0.0,Valid,,,,Shaurya,Ghosh,1,F,40**********,+9************,sh*********************,Unknown,Under 18,2025-09
B1594,c298cecdba76c83f263350d53e080a96bd431f42cd19de6efdd702431a28ae0d,AI067,2025-06-01 11:37:36.952,CONFIRMED,25E,Air India,HYD,DEL,2026-04-18 23:36:41.701,2026-04-19 03:09:41.701,213.0,3.55,213.0,0.0,Valid,PAY1592,1448.88,NETBANKING,Shaurya,Naidu,23,M,87**********,+9************,sh*********************,Unknown,18-30,2025-06
B1595,b502debe7f09d395199c85c9dc20b9edbc7eb055b4499ff2ea811a2cf747ddfb,6F226,2026-01-07 11:37:36.952,PENDING,4E,IndiGo,DEL,BOM,2026-04-19 00:38:41.704,2026-04-19 02:55:41.704,137.0,2.283333333333333,137.0,0.0,Valid,PAY1376,13806.53,UPI,Aditya,Patel,76,F,20**********,+9************,ad**********************,Unknown,60+,2026-01
B1595,b502debe7f09d395199c85c9dc20b9edbc7eb055b4499ff2ea811a2cf747ddfb,6F226,2026-01-07 11:37:36.952,PENDING,4E,IndiGo,DEL,BOM,2026-04-19 00:38:41.704,2026-04-19 02:55:41.704,137.0,2.283333333333333,137.0,0.0,Valid,PAY1612,11063.32,UPI,Aditya,Patel,76,F,20**********,+9************,ad**********************,Unknown,60+,2026-01
B1596,a283a09aa25e74844adbaa72805adfee5de273ca179f93f31826cf2ad4dc9551,SJ210,2025-12-20 11:37:36.952,CONFIRMED,15E,SpiceJet,HYD,CCU,2026-04-18 23:21:41.703,2026-04-19 02:54:41.703,213.0,3.55,213.0,0.0,Valid,PAY1108,3495.5,UPI,Reyansh,Chatterjee,89,F,41**********,+9************,re**************************,Unknown,60+,2025-12
B1596,a283a09aa25e74844adbaa72805adfee5de273ca179f93f31826cf2ad4dc9551,SJ210,2025-12-20 11:37:36.952,CONFIRMED,15E,SpiceJet,HYD,CCU,2026-04-18 23:21:41.703,2026-04-19 02:54:41.703,213.0,3.55,213.0,0.0,Valid,PAY1302,14525.4,UPI,Reyansh,Chatterjee,89,F,41**********,+9************,re**************************,Unknown,60+,2025-12
B1597,057f584babdcf5f8b5a00a11422fb1d3548b0f6452655b0d7c48cae445d21bcf,6F269,2025-10-23 11:37:36.952,CONFIRMED,33A,IndiGo,HYD,MAA,2026-04-19 01:30:41.702,2026-04-19 02:52:41.702,82.0,1.3666666666666667,82.0,0.0,Valid,PAY1461,11103.08,CARD,Aditya,Reddy,55,M,84**********,+9************,ad*************************,Unknown,46-60,2025-10
B1597,057f584babdcf5f8b5a00a11422fb1d3548b0f6452655b0d7c48cae445d21bcf,6F269,2025-10-23 11:37:36.952,CONFIRMED,33A,IndiGo,HYD,MAA,2026-04-19 01:30:41.702,2026-04-19 02:52:41.702,82.0,1.3666666666666667,82.0,0.0,Valid,PAY1482,8089.18,UPI,Aditya,Reddy,55,M,84**********,+9************,ad*************************,Unknown,46-60,2025-10
B1598,e34896f79a0e0759380ec16c206f581d69ced88424a2c7256da86cdf0e0a46dc,UK013,2026-01-02 11:37:36.952,CONFIRMED,11B,Vistara,BOM,MAA,2026-04-18 23:52:41.701,2026-04-19 02:52:41.701,180.0,3.0,180.0,0.0,Valid,PAY1366,1959.04,CARD,Ishaan,Iyer,43,F,47**********,+9************,is************************,Unknown,31-45,2026-01
B1598,e34896f79a0e0759380ec16c206f581d69ced88424a2c7256da86cdf0e0a46dc,UK013,2026-01-02 11:37:36.952,CONFIRMED,11B,Vistara,BOM,MAA,2026-04-18 23:52:41.701,2026-04-19 02:52:41.701,180.0,3.0,180.0,0.0,Valid,PAY1684,14019.19,NETBANKING,Ishaan,Iyer,43,F,47**********,+9************,is************************,Unknown,31-45,2026-01
B1599,f1f58d998de0d7ee37881e3c74ed382741c723ad260b60c0acb6992675a46475,UK013,2025-09-30 11:37:36.952,PENDING,9E,Vistara,BOM,MAA,2026-04-18 23:52:41.701,2026-04-19 02:52:41.701,180.0,3.0,180.0,0.0,Valid,,,,Saanvi,Mehta,79,M,10**********,+9************,sa**********************,Unknown,60+,2025-09
B1600,8265fbf82c26f5f4ea4718318fd82549bd67feb2c7eee42d0a82a978fff7527f,UK143,2025-07-20 11:37:36.952,PENDING,2C,Vistara,BLR,BOM,2026-04-19 01:34:41.703,2026-04-19 02:48:41.703,74.0,1.2333333333333334,74.0,0.0,Valid,PAY1411,12808.71,NETBANKING,Vivaan,Pillai,75,F,89**********,+9************,vi*********************,Unknown,60+,2025-07
B1600,8265fbf82c26f5f4ea4718318fd82549bd67feb2c7eee42d0a82a978fff7527f,UK143,2025-07-20 11:37:36.952,PENDING,2C,Vistara,BLR,BOM,2026-04-19 01:34:41.703,2026-04-19 02:48:41.703,74.0,1.2333333333333334,74.0,0.0,Valid,PAY1497,11274.54,CARD,Vivaan,Pillai,75,F,89**********,+9************,vi*********************,Unknown,60+,2025-07
B1601,f1e921ffaf861ea372dd545d469e4e291357c01134a401015942fe6a92883e31,6F262,2025-09-07 11:37:36.952,PENDING,28D,IndiGo,MAA,DEL,2026-04-19 01:44:41.702,2026-04-19 02:47:41.702,63.0,1.05,63.0,0.0,Valid,,,,Ishaan,Iyer,61,M,10**********,+9************,is**********************,Unknown,60+,2025-09
B1602,d74aca86f92c65cafecdfff785341967ab44bd2039bb62550cf700740e5c15a3,6F042,2025-07-07 11:37:36.952,Unknown,2A,IndiGo,HYD,DEL,2026-04-18 22:35:41.701,2026-04-19 02:41:41.701,246.0,4.1,246.0,0.0,Valid,PAY1034,4028.21,NETBANKING,Aadhya,Mehta,27,F,78**********,+9************,aa*************************,Unknown,18-30,2025-07
B1603,323969a7963eafc6513bc14886c789e73bb1919adde854ed931330089747a1aa,SJ118,2025-12-06 11:37:36.952,CANCELLED,17E,SpiceJet,DEL,BOM,2026-04-19 01:08:41.702,2026-04-19 02:33:41.702,85.0,1.4166666666666667,85.0,0.0,Valid,,,,Aadhya,Mishra,59,F,46**********,+9************,aa*********************,Unknown,46-60,2025-12
B1604,49062701bc17258527088cf07c7e776ff9ab8fd2f895f78327fd26d784ff1985,SJ118,2025-11-17 11:37:36.952,CANCELLED,3C,SpiceJet,DEL,BOM,2026-04-19 01:08:41.702,2026-04-19 02:33:41.702,85.0,1.4166666666666667,85.0,0.0,Valid,,,,Vivaan,Gupta,1,F,50**********,+9************,vi********************,Unknown,Under 18,2025-11
B1605,da15c99dc20d50e06abebbb036a7275c44ea7d078611a19e8af04cf4cbd45319,SJ082,2025-10-03 11:37:36.952,CANCELLED,6C,SpiceJet,BOM,DEL,2026-04-19 01:54:41.702,2026-04-19 02:33:41.702,39.0,0.65,39.0,0.0,Valid,PAY1290,,CARD,Arjun,Nair,8,F,22**********,+9************,ar***********************,Unknown,Under 18,2025-10
B1606,5e7e23a4ca4cb432c8a49b9a8ae99d22522d1ee10d3b1f32eb5c62ce1a2b8e14,6F015,2025-07-18 11:37:36.952,CONFIRMED,23E,IndiGo,BOM,CCU,2026-04-18 23:39:41.701,2026-04-19 02:27:41.701,168.0,2.8,168.0,0.0,Valid,PAY1327,6829.49,CARD,Ishaan,Nair,28,M,20**********,+9************,is*******************,Unknown,18-30,2025-07
B1606,5e7e23a4ca4cb432c8a49b9a8ae99d22522d1ee10d3b1f32eb5c62ce1a2b8e14,6F015,2025-07-18 11:37:36.952,CONFIRMED,23E,IndiGo,BOM,CCU,2026-04-18 23:39:41.701,2026-04-19 02:27:41.701,168.0,2.8,168.0,0.0,Valid,PAY1355,5934.1,UPI,Ishaan,Nair,28,M,20**********,+9************,is*******************,Unknown,18-30,2025-07
B1606,5e7e23a4ca4cb432c8a49b9a8ae99d22522d1ee10d3b1f32eb5c62ce1a2b8e14,6F015,2025-07-18 11:37:36.952,CONFIRMED,23E,IndiGo,BOM,CCU,2026-04-18 23:39:41.701,2026-04-19 02:27:41.701,168.0,2.8,168.0,0.0,Valid,PAY1856,8323.82,CARD,Ishaan,Nair,28,M,20**********,+9************,is*******************,Unknown,18-30,2025-07
B1607,381fb8bf617b85b1500be36389446b3dcb63971f826b60836e4b32f6d1d2c80a,AI101,2026-02-02 11:37:36.952,Unknown,30F,Air India,DEL,BLR,2026-04-18 23:20:41.702,2026-04-19 02:23:41.702,183.0,3.05,183.0,0.0,Valid,PAY1543,10198.91,CARD,Ananya,Khan,26,F,70**********,+9************,an*******************,Unknown,18-30,2026-02
B1607,381fb8bf617b85b1500be36389446b3dcb63971f826b60836e4b32f6d1d2c80a,AI101,2026-02-02 11:37:36.952,Unknown,30F,Air India,DEL,BLR,2026-04-18 23:20:41.702,2026-04-19 02:23:41.702,183.0,3.05,183.0,0.0,Valid,PAY1727,2887.17,NETBANKING,Ananya,Khan,26,F,70**********,+9************,an*******************,Unknown,18-30,2026-02
B1608,cfc35c9d3cd9f8deea603f67203cba18ef85d22d30213c6a46b654ef9dafab3e,SJ110,2025-06-28 11:37:36.952,CANCELLED,10B,SpiceJet,CCU,DEL,2026-04-19 01:47:41.702,2026-04-19 02:20:41.702,33.0,0.55,33.0,0.0,Valid,,,,Diya,Verma,27,M,42**********,+9************,di***********************,Unknown,18-30,2025-06
B1609,d78d33086a6ac7092ce5210ee0bc93c09febeb9745177ccab0a40151aeb89c3b,SJ042,2025-10-21 11:37:36.952,CANCELLED,19D,SpiceJet,HYD,CCU,2026-04-18 22:38:41.701,2026-04-19 02:20:41.701,222.0,3.7,222.0,0.0,Valid,,,,Anika,Khan,57,M,88**********,+9************,an********************,Unknown,46-60,2025-10
B1610,fb8fab599298ca767005a6c1027c660a1c2d3ffd621b3543c2e094475a60f63a,6F145,2025-10-13 11:37:36.952,CONFIRMED,27A,IndiGo,CCU,DEL,2026-04-19 01:02:41.703,2026-04-19 02:18:41.703,76.0,1.2666666666666666,76.0,0.0,Valid,PAY1685,5809.44,NETBANKING,Ananya,Kulkarni,48,M,26**********,+9************,an*************************,Unknown,46-60,2025-10
B1611,4f298002003d87c1d612ccc5bd08710bf4a0e8820b936ee256fe2747d11f2c86,UK029,2026-01-05 11:37:36.952,CANCELLED,14C,Vistara,DEL,BOM,2026-04-18 23:26:41.701,2026-04-19 02:15:41.701,169.0,2.816666666666667,169.0,0.0,Valid,PAY1260,10642.75,CARD,Shaurya,Ghosh,1,F,40**********,+9************,sh*********************,Unknown,Under 18,2026-01
B1611,4f298002003d87c1d612ccc5bd08710bf4a0e8820b936ee256fe2747d11f2c86,UK029,2026-01-05 11:37:36.952,CANCELLED,14C,Vistara,DEL,BOM,2026-04-18 23:26:41.701,2026-04-19 02:15:41.701,169.0,2.816666666666667,169.0,0.0,Valid,PAY1520,11754.89,NETBANKING,Shaurya,Ghosh,1,F,40**********,+9************,sh*********************,Unknown,Under 18,2026-01
B1612,115f110efe2c65297179f84ceb6a5154ba53e08f2d9b5659b5417adaea4e61eb,SJ200,2025-04-18 11:37:36.952,CANCELLED,28C,SpiceJet,BOM,DEL,2026-04-18 23:24:41.703,2026-04-19 02:11:41.703,167.0,2.783333333333333,167.0,0.0,Valid,,,,Diya,Das,2,M,13**********,+9************,di*******************,Unknown,Under 18,2025-04
B1613,9891e403b0f09d3ef6bb6a150444d7aed41685e904c6f0657120ac5fec5ca431,SJ209,2026-01-29 11:37:36.952,CONFIRMED,6A,SpiceJet,BLR,BOM,2026-04-18 22:22:41.703,2026-04-19 02:03:41.703,221.0,3.683333333333333,221.0,0.0,Valid,PAY1086,11718.47,UPI,Riya,Gupta,10,M,99**********,+9************,ri*******************,Unknown,Under 18,2026-01
B1613,9891e403b0f09d3ef6bb6a150444d7aed41685e904c6f0657120ac5fec5ca431,SJ209,2026-01-29 11:37:36.952,CONFIRMED,6A,SpiceJet,BLR,BOM,2026-04-18 22:22:41.703,2026-04-19 02:03:41.703,221.0,3.683333333333333,221.0,0.0,Valid,PAY1086,11718.47,UPI,RiyaGupta,Unknown,10,M,55**********,+9************,ri**********************,Unknown,Under 18,2026-01
B1613,9891e403b0f09d3ef6bb6a150444d7aed41685e904c6f0657120ac5fec5ca431,SJ209,2026-01-29 11:37:36.952,CONFIRMED,6A,SpiceJet,BLR,BOM,2026-04-18 22:22:41.703,2026-04-19 02:03:41.703,221.0,3.683333333333333,221.0,0.0,Valid,PAY1587,4590.83,NETBANKING,Riya,Gupta,10,M,99**********,+9************,ri*******************,Unknown,Under 18,2026-01
B1613,9891e403b0f09d3ef6bb6a150444d7aed41685e904c6f0657120ac5fec5ca431,SJ209,2026-01-29 11:37:36.952,CONFIRMED,6A,SpiceJet,BLR,BOM,2026-04-18 22:22:41.703,2026-04-19 02:03:41.703,221.0,3.683333333333333,221.0,0.0,Valid,PAY1587,4590.83,NETBANKING,RiyaGupta,Unknown,10,M,55**********,+9************,ri**********************,Unknown,Under 18,2026-01
B1614,687eea855b2141c9b9b456d62f95581bc6ee5de2ee9f5f5a62c04e8464f8bf98,AI116,2025-05-11 11:37:36.952,Unknown,30B,Air India,CCU,BOM,2026-04-18 22:30:41.702,2026-04-19 01:57:41.702,207.0,3.45,207.0,0.0,Valid,PAY1178,2806.52,NETBANKING,Aditya,Mishra,62,F,88**********,+9************,ad**************************,Unknown,60+,2025-05
B1614,687eea855b2141c9b9b456d62f95581bc6ee5de2ee9f5f5a62c04e8464f8bf98,AI116,2025-05-11 11:37:36.952,Unknown,30B,Air India,CCU,BOM,2026-04-18 22:30:41.702,2026-04-19 01:57:41.702,207.0,3.45,207.0,0.0,Valid,PAY1788,6159.25,UPI,Aditya,Mishra,62,F,88**********,+9************,ad**************************,Unknown,60+,2025-05
B1615,02d9d27ae05319a4f21cb92e5b6fcf3b4e27956a143b05e78c46a8aece4ee338,6F117,2025-05-23 11:37:36.952,CANCELLED,33B,IndiGo,CCU,DEL,2026-04-19 00:46:41.702,2026-04-19 01:51:41.702,65.0,1.0833333333333333,65.0,0.0,Valid,PAY1246,11017.88,UPI,Aadhya,Verma,29,M,72**********,+9************,aa***********************,Unknown,18-30,2025-05
B1615,02d9d27ae05319a4f21cb92e5b6fcf3b4e27956a143b05e78c46a8aece4ee338,6F117,2025-05-23 11:37:36.952,CANCELLED,33B,IndiGo,CCU,DEL,2026-04-19 00:46:41.702,2026-04-19 01:51:41.702,65.0,1.0833333333333333,65.0,0.0,Valid,PAY1445,2652.76,CARD,Aadhya,Verma,29,M,72**********,+9************,aa***********************,Unknown,18-30,2025-05
B1616,44095b416ec47fb21c8b6f1953f3931c1cfc2f9c0971d99fdf5baa95f0a9425a,SJ181,2025-12-23 11:37:36.952,PENDING,17A,SpiceJet,BOM,BLR,2026-04-19 00:20:41.703,2026-04-19 01:49:41.703,89.0,1.4833333333333334,89.0,0.0,Valid,,,,Shaurya,Mishra,36,F,56**********,+9************,sh**********************,Unknown,31-45,2025-12
B1617,c8825a62bdff38dd0a66384c87a053d4c10cda8640c32505017564104dd13cbd,AI070,2025-05-10 11:37:36.952,Unknown,18A,Air India,CCU,DEL,2026-04-19 00:05:41.702,2026-04-19 01:44:41.702,99.0,1.65,99.0,0.0,Valid,PAY1146,12237.51,CARD,Arjun,Gupta,30,M,68**********,+9************,ar*******************,Unknown,18-30,2025-05
B1618,127d54786aaee6c1941a732885eece87c3ff2ffb3b58fe9b4877dfbc618469c7,AI070,2026-01-19 11:37:36.952,CONFIRMED,1B,Air India,CCU,DEL,2026-04-19 00:05:41.702,2026-04-19 01:44:41.702,99.0,1.65,99.0,0.0,Valid,PAY1493,6904.57,NETBANKING,Aditya,Ghosh,56,F,85**********,+9************,ad********************,Unknown,46-60,2026-01
B1619,984e6bf675c3775a7207205f3101cf0f21f6b264d95d6966c29af3f0a427ad3f,UK042,2026-02-05 11:37:36.952,PENDING,13A,Vistara,MAA,BOM,2026-04-18 20:59:41.701,2026-04-19 01:38:41.701,279.0,4.65,279.0,0.0,Valid,PAY1345,10938.67,NETBANKING,Saanvi,Das,64,F,47**********,+9************,sa************************,Unknown,60+,2026-02
B1619,984e6bf675c3775a7207205f3101cf0f21f6b264d95d6966c29af3f0a427ad3f,UK042,2026-02-05 11:37:36.952,PENDING,13A,Vistara,MAA,BOM,2026-04-18 20:59:41.701,2026-04-19 01:38:41.701,279.0,4.65,279.0,0.0,Valid,PAY1701,8605.08,UPI,Saanvi,Das,64,F,47**********,+9************,sa************************,Unknown,60+,2026-02
B1619,984e6bf675c3775a7207205f3101cf0f21f6b264d95d6966c29af3f0a427ad3f,UK042,2026-02-05 11:37:36.952,PENDING,13A,Vistara,MAA,BOM,2026-04-18 20:59:41.701,2026-04-19 01:38:41.701,279.0,4.65,279.0,0.0,Valid,PAY1802,14108.86,CARD,Saanvi,Das,64,F,47**********,+9************,sa************************,Unknown,60+,2026-02
B1620,304f4d73814c7a525c525b9a96053ef9d930c17a0f3b9888f8d7c5242bf8daec,AI169,2026-02-24 11:37:36.952,PENDING,1B,Air India,CCU,DEL,2026-04-18 21:21:41.703,2026-04-19 01:34:41.703,253.0,4.216666666666667,253.0,0.0,Valid,PAY1332,5731.24,UPI,Riya,Mishra,55,M,92**********,+9************,ri*********************,Unknown,46-60,2026-02
B1620,304f4d73814c7a525c525b9a96053ef9d930c17a0f3b9888f8d7c5242bf8daec,AI169,2026-02-24 11:37:36.952,PENDING,1B,Air India,CCU,DEL,2026-04-18 21:21:41.703,2026-04-19 01:34:41.703,253.0,4.216666666666667,253.0,0.0,Valid,PAY1561,13683.85,NETBANKING,Riya,Mishra,55,M,92**********,+9************,ri*********************,Unknown,46-60,2026-02
B1620,304f4d73814c7a525c525b9a96053ef9d930c17a0f3b9888f8d7c5242bf8daec,AI169,2026-02-24 11:37:36.952,PENDING,1B,Air India,CCU,DEL,2026-04-18 21:21:41.703,2026-04-19 01:34:41.703,253.0,4.216666666666667,253.0,0.0,Valid,PAY1782,3518.55,UPI,Riya,Mishra,55,M,92**********,+9************,ri*********************,Unknown,46-60,2026-02
B1620,304f4d73814c7a525c525b9a96053ef9d930c17a0f3b9888f8d7c5242bf8daec,AI169,2026-02-24 11:37:36.952,PENDING,1B,Air India,CCU,DEL,2026-04-18 21:21:41.703,2026-04-19 01:34:41.703,253.0,4.216666666666667,253.0,0.0,Valid,PAY1999,10875.33,UPI,Riya,Mishra,55,M,92**********,+9************,ri*********************,Unknown,46-60,2026-02
B1621,1047b7c4faa338bb338b8d60b66d9ae0e7d14f1ec9f747437882f4f724a283ff,6F021,2025-12-21 11:37:36.952,PENDING,27A,IndiGo,BLR,MAA,2026-04-18 21:23:41.701,2026-04-19 01:25:41.701,242.0,4.033333333333333,242.0,0.0,Valid,PAY1181,3524.98,UPI,Aadhya,Das,47,M,15*********,+9************,aa*******************,Unknown,46-60,2025-12
B1621,1047b7c4faa338bb338b8d60b66d9ae0e7d14f1ec9f747437882f4f724a283ff,6F021,2025-12-21 11:37:36.952,PENDING,27A,IndiGo,BLR,MAA,2026-04-18 21:23:41.701,2026-04-19 01:25:41.701,242.0,4.033333333333333,242.0,0.0,Valid,PAY1972,8280.27,UPI,Aadhya,Das,47,M,15*********,+9************,aa*******************,Unknown,46-60,2025-12
B1622,8f17adbeae4fc7c3ee6893ebd6558cfd4943303f3c27ddd33e31e307de8a659e,SJ046,2025-06-23 11:37:36.952,PENDING,19F,SpiceJet,BOM,MAA,2026-04-18 22:01:41.701,2026-04-19 01:25:41.701,204.0,3.4,204.0,0.0,Valid,PAY1052,11617.72,UPI,Ira,Singh,44,M,93**********,+9************,ir**********************,Unknown,31-45,2025-06
B1622,8f17adbeae4fc7c3ee6893ebd6558cfd4943303f3c27ddd33e31e307de8a659e,SJ046,2025-06-23 11:37:36.952,PENDING,19F,SpiceJet,BOM,MAA,2026-04-18 22:01:41.701,2026-04-19 01:25:41.701,204.0,3.4,204.0,0.0,Valid,PAY1167,12378.6,CARD,Ira,Singh,44,M,93**********,+9************,ir**********************,Unknown,31-45,2025-06
B1622,8f17adbeae4fc7c3ee6893ebd6558cfd4943303f3c27ddd33e31e307de8a659e,SJ046,2025-06-23 11:37:36.952,PENDING,19F,SpiceJet,BOM,MAA,2026-04-18 22:01:41.701,2026-04-19 01:25:41.701,204.0,3.4,204.0,0.0,Valid,PAY1752,12642.38,UPI,Ira,Singh,44,M,93**********,+9************,ir**********************,Unknown,31-45,2025-06
B1623,9e61fe0e86b4cad7a455db60ce2f8d93248386a575d692ca20e92bff7c443b4a,AI211,2025-08-17 11:37:36.952,CANCELLED,22B,Air India,DEL,CCU,2026-04-18 23:34:41.703,2026-04-19 01:21:41.703,107.0,1.7833333333333334,107.0,0.0,Valid,PAY1163,11011.07,NETBANKING,Sai,Kulkarni,52,M,89**********,+9************,sa**********************,Unknown,46-60,2025-08
B1623,9e61fe0e86b4cad7a455db60ce2f8d93248386a575d692ca20e92bff7c443b4a,AI211,2025-08-17 11:37:36.952,CANCELLED,22B,Air India,DEL,CCU,2026-04-18 23:34:41.703,2026-04-19 01:21:41.703,107.0,1.7833333333333334,107.0,0.0,Valid,PAY1163,11011.07,NETBANKING,Sai,Kulkarni,52,M,77**********,+9************,sa********************,Unknown,46-60,2025-08
B1623,9e61fe0e86b4cad7a455db60ce2f8d93248386a575d692ca20e92bff7c443b4a,AI211,2025-08-17 11:37:36.952,CANCELLED,22B,Air India,DEL,CCU,2026-04-18 23:34:41.703,2026-04-19 01:21:41.703,107.0,1.7833333333333334,107.0,0.0,Valid,PAY1791,10849.11,CARD,Sai,Kulkarni,52,M,89**********,+9************,sa**********************,Unknown,46-60,2025-08
B1623,9e61fe0e86b4cad7a455db60ce2f8d93248386a575d692ca20e92bff7c443b4a,AI211,2025-08-17 11:37:36.952,CANCELLED,22B,Air India,DEL,CCU,2026-04-18 23:34:41.703,2026-04-19 01:21:41.703,107.0,1.7833333333333334,107.0,0.0,Valid,PAY1791,10849.11,CARD,Sai,Kulkarni,52,M,77**********,+9************,sa********************,Unknown,46-60,2025-08
B1623,9e61fe0e86b4cad7a455db60ce2f8d93248386a575d692ca20e92bff7c443b4a,AI211,2025-08-17 11:37:36.952,CANCELLED,22B,Air India,DEL,CCU,2026-04-18 23:34:41.703,2026-04-19 01:21:41.703,107.0,1.7833333333333334,107.0,0.0,Valid,PAY1967,2351.71,CARD,Sai,Kulkarni,52,M,89**********,+9************,sa**********************,Unknown,46-60,2025-08
B1623,9e61fe0e86b4cad7a455db60ce2f8d93248386a575d692ca20e92bff7c443b4a,AI211,2025-08-17 11:37:36.952,CANCELLED,22B,Air India,DEL,CCU,2026-04-18 23:34:41.703,2026-04-19 01:21:41.703,107.0,1.7833333333333334,107.0,0.0,Valid,PAY1967,2351.71,CARD,Sai,Kulkarni,52,M,77**********,+9************,sa********************,Unknown,46-60,2025-08
B1623,9e61fe0e86b4cad7a455db60ce2f8d93248386a575d692ca20e92bff7c443b4a,AI211,2025-08-17 11:37:36.952,CANCELLED,22B,Air India,DEL,CCU,2026-04-18 23:34:41.703,2026-04-19 01:21:41.703,107.0,1.7833333333333334,107.0,0.0,Valid,PAY1991,12916.9,UPI,Sai,Kulkarni,52,M,89**********,+9************,sa**********************,Unknown,46-60,2025-08
B1623,9e61fe0e86b4cad7a455db60ce2f8d93248386a575d692ca20e92bff7c443b4a,AI211,2025-08-17 11:37:36.952,CANCELLED,22B,Air India,DEL,CCU,2026-04-18 23:34:41.703,2026-04-19 01:21:41.703,107.0,1.7833333333333334,107.0,0.0,Valid,PAY1991,12916.9,UPI,Sai,Kulkarni,52,M,77**********,+9************,sa********************,Unknown,46-60,2025-08
B1624,21b69c3f33f23bff6682534eb2985655efef5b8d811c12b3598bd7c5078c22e6,SJ091,2025-12-20 11:37:36.952,CANCELLED,34F,SpiceJet,BLR,CCU,2026-04-18 23:10:41.702,2026-04-19 00:47:41.702,97.0,1.6166666666666667,97.0,0.0,Valid,,,,Krishna,Ghosh,56,F,22**********,+9************,kr**************************,Unknown,46-60,2025-12
B1625,6dbf5c97b3972bc33cc630fd9406dd1e2957e28daf5a308f8093967137802876,AI123,2026-04-05 11:37:36.952,PENDING,7D,Air India,MAA,BOM,2026-04-18 22:19:41.702,2026-04-19 00:45:41.702,146.0,2.433333333333333,146.0,0.0,Valid,,,,Riya,Das,59,M,60**********,+9************,ri****************,Unknown,46-60,2026-04
B1626,7b3d44d6828e3b78308e415c43238352b0b6f56ef167c891dc1c9bb0aa38c364,6F053,2025-04-17 11:37:36.952,CANCELLED,25C,IndiGo,DEL,HYD,2026-04-18 20:26:41.701,2026-04-19 00:39:41.701,253.0,4.216666666666667,253.0,0.0,Valid,PAY1934,7859.04,NETBANKING,Anika,Joshi,67,M,90**********,+9************,an*********************,Unknown,60+,2025-04
B1627,7f7a4a05ac7584dc445b403e3f3476be43426f7f0889117eb963af5f8bb1d4c5,UK012,2026-01-09 11:37:36.952,PENDING,27E,Vistara,MAA,BOM,2026-04-18 22:16:41.701,2026-04-19 00:25:41.701,129.0,2.15,129.0,0.0,Valid,PAY1251,11151.3,NETBANKING,Kavya,Khan,28,F,39**********,+9************,ka********************,Unknown,18-30,2026-01
B1627,7f7a4a05ac7584dc445b403e3f3476be43426f7f0889117eb963af5f8bb1d4c5,UK012,2026-01-09 11:37:36.952,PENDING,27E,Vistara,MAA,BOM,2026-04-18 22:16:41.701,2026-04-19 00:25:41.701,129.0,2.15,129.0,0.0,Valid,PAY1755,12801.31,CARD,Kavya,Khan,28,F,39**********,+9************,ka********************,Unknown,18-30,2026-01
B1628,6da5c98a0e976031563964f81b319886e196349ae9f369ba8040a279181cfcee,6F023,2025-11-25 11:37:36.952,PENDING,33A,IndiGo,MAA,BLR,2026-04-18 20:18:41.701,2026-04-19 00:14:41.701,236.0,3.933333333333333,236.0,0.0,Valid,PAY1145,1971.53,CARD,Ananya,Das,12,M,64**********,+9************,an******************,Unknown,Under 18,2025-11
B1629,b3b2bddc4a1da01906c583ec44330f267849113c6afe3d26e04eafb43be7bbba,AI250,2026-01-02 11:37:36.952,CONFIRMED,11A,Air India,BOM,CCU,2026-04-18 20:48:41.704,2026-04-19 00:12:41.704,204.0,3.4,204.0,0.0,Valid,,,,Myra,Mehta,89,F,86**********,+9************,my******************,Unknown,60+,2026-01
B1630,576f2b5c5c776cbeb15003127b514a4311d2de2a9e3efe9a4ba27e25ace5cb12,AI238,2026-04-07 11:37:36.952,PENDING,26F,Air India,CCU,MAA,2026-04-18 19:25:41.704,2026-04-19 00:07:41.704,282.0,4.7,282.0,0.0,Valid,PAY1674,11475.88,NETBANKING,Kavya,Sharma,85,M,77**********,+9************,ka**********************,Unknown,60+,2026-04
B1631,9dbf68e071e2c1bc37c5acc4c1e6272d719672928db5a6393249fee4ee9951b0,UK096,2026-02-17 11:37:36.952,CANCELLED,24F,Vistara,BLR,HYD,2026-04-18 22:11:41.702,2026-04-19 00:06:41.702,115.0,1.9166666666666667,115.0,0.0,Valid,PAY1087,7909.43,NETBANKING,Sai,Singh,4,M,58**********,+9************,sa**********************,Unknown,Under 18,2026-02
B1631,9dbf68e071e2c1bc37c5acc4c1e6272d719672928db5a6393249fee4ee9951b0,UK096,2026-02-17 11:37:36.952,CANCELLED,24F,Vistara,BLR,HYD,2026-04-18 22:11:41.702,2026-04-19 00:06:41.702,115.0,1.9166666666666667,115.0,0.0,Valid,PAY1164,9604.98,UPI,Sai,Singh,4,M,58**********,+9************,sa**********************,Unknown,Under 18,2026-02
B1632,c341214938cd7c5edf253986538ef88ba218fc4e63ddebde1dedabac2d723091,UK126,2026-03-30 11:37:36.952,PENDING,1D,Vistara,CCU,DEL,2026-04-18 22:37:41.702,2026-04-19 00:03:41.702,86.0,1.4333333333333333,86.0,0.0,Valid,PAY1781,11397.25,NETBANKING,Ishaan,Chatterjee,25,M,50**********,+9************,is*******************************,Unknown,18-30,2026-03
B1633,04dc00943c6cc896642b413a0bca1fa231546546ab965f8f9d290a068e3bae06,SJ195,2025-08-30 11:37:36.952,CONFIRMED,8E,SpiceJet,BOM,CCU,2026-04-18 20:41:41.703,2026-04-18 23:54:41.703,193.0,3.216666666666667,193.0,0.0,Valid,,,,Ira,Nair,30,F,57**********,+9************,ir*********************,Unknown,18-30,2025-08
B1634,2a8fcf287fa1e6f5228499fe1342b2862e5284695bd138093267305e7772a4b3,SJ171,2025-12-25 11:37:36.952,CANCELLED,1C,SpiceJet,DEL,HYD,2026-04-18 20:52:41.703,2026-04-18 23:52:41.703,180.0,3.0,180.0,0.0,Valid,,,,Kavya,Banerjee,79,F,92**********,+9************,ka************************,Unknown,60+,2025-12
B1635,6d64c5db9320443a09f781a2448e89f34f0981a8a62009bf634605c5eed2f85c,AI136,2025-08-14 11:37:36.952,Unknown,7C,Air India,BLR,DEL,2026-04-18 20:29:41.702,2026-04-18 23:48:41.702,199.0,3.316666666666667,199.0,0.0,Valid,,,,Myra,Reddy,26,F,47**********,+9************,my******************,Unknown,18-30,2025-08
B1636,fff87090542f8b51a79bf35133444b0f8471fe4637a7ded64d144766c44e7bdc,SJ192,2025-05-27 11:37:36.952,CONFIRMED,22B,SpiceJet,HYD,BOM,2026-04-19 18:45:42.000,2026-04-18 23:45:42.000,-1140.0,-19.0,300.0,-1440.0,Anomaly,PAY1874,14700.1,NETBANKING,Krishna,Iyer,17,M,18**********,+9************,kr*********************,Unknown,Under 18,2025-05
B1637,69b5e68dd6e023bdce827c0154123c85c52134492db4a8d2f6017b5502cb9da6,6F035,2025-12-01 11:37:36.952,PENDING,27C,IndiGo,CCU,HYD,2026-04-18 19:16:41.701,2026-04-18 23:40:41.701,264.0,4.4,264.0,0.0,Valid,PAY1373,11176.09,NETBANKING,Sai,Joshi,58,M,15**********,+9************,sa*******************,Unknown,46-60,2025-12
B1637,69b5e68dd6e023bdce827c0154123c85c52134492db4a8d2f6017b5502cb9da6,6F035,2025-12-01 11:37:36.952,PENDING,27C,IndiGo,CCU,HYD,2026-04-18 19:16:41.701,2026-04-18 23:40:41.701,264.0,4.4,264.0,0.0,Valid,PAY1426,6828.89,NETBANKING,Sai,Joshi,58,M,15**********,+9************,sa*******************,Unknown,46-60,2025-12
B1637,69b5e68dd6e023bdce827c0154123c85c52134492db4a8d2f6017b5502cb9da6,6F035,2025-12-01 11:37:36.952,PENDING,27C,IndiGo,CCU,HYD,2026-04-18 19:16:41.701,2026-04-18 23:40:41.701,264.0,4.4,264.0,0.0,Valid,PAY1950,7465.68,CARD,Sai,Joshi,58,M,15**********,+9************,sa*******************,Unknown,46-60,2025-12
B1638,0e313068dce20d1ac040c00e54c27f768f8f2aab412ed5d0f51094152054fda2,UK088,2026-02-23 11:37:36.952,CONFIRMED,22C,Vistara,MAA,BLR,2026-04-18 19:16:41.702,2026-04-18 23:36:41.702,260.0,4.333333333333333,260.0,0.0,Valid,,,,Ira,Khan,57,M,31**********,+9************,ir****************,Unknown,46-60,2026-02
B1639,86d87cbac905451cd1cf943b93648d0f6b147644f646a978feb82bf0245d63b5,6F009,2025-09-14 11:37:36.952,CONFIRMED,24E,IndiGo,BLR,CCU,2026-04-18 20:21:41.701,2026-04-18 23:36:41.701,195.0,3.25,195.0,0.0,Valid,PAY1397,5066.71,CARD,Ananya,Nair,66,F,86**********,+9************,an**********************,Unknown,60+,2025-09
B1639,86d87cbac905451cd1cf943b93648d0f6b147644f646a978feb82bf0245d63b5,6F009,2025-09-14 11:37:36.952,CONFIRMED,24E,IndiGo,BLR,CCU,2026-04-18 20:21:41.701,2026-04-18 23:36:41.701,195.0,3.25,195.0,0.0,Valid,PAY1744,1002.59,NETBANKING,Ananya,Nair,66,F,86**********,+9************,an**********************,Unknown,60+,2025-09
B1640,e453e79b699aadfa85bc39c7dd2730f841d1f87123c949fdea49d3dc23717e6b,6F004,2026-01-28 11:37:36.952,CANCELLED,30B,IndiGo,BOM,CCU,2026-04-18 19:53:41.701,2026-04-18 23:33:41.701,220.0,3.6666666666666665,220.0,0.0,Valid,,,,Riya,Iyer,52,M,19**********,+9************,ri*******************,Unknown,46-60,2026-01
B1641,515ee739d3b1e850ea87009babf136b0542638289a3c4aa231c50bec8a47e40c,UK122,2026-03-27 11:37:36.952,Unknown,28D,Vistara,HYD,CCU,2026-04-18 20:29:42.000,2026-04-18 23:29:42.000,180.0,3.0,180.0,0.0,Valid,PAY1059,14953.42,NETBANKING,Kavya,Patel,61,F,32**********,+9************,ka*******************,Unknown,60+,2026-03
B1642,b6699f1f75b07aaa96b7f6f1ef1d6d58c2b00d2f311d23df9be2942ca0335ae7,AI251,2026-02-15 11:37:36.952,PENDING,4E,Air India,MAA,DEL,2026-04-18 22:40:41.704,2026-04-18 23:24:41.704,44.0,0.7333333333333333,44.0,0.0,Valid,PAY1969,6919.99,NETBANKING,Aadhya,Gupta,39,M,55**********,+9************,aa********************,Unknown,31-45,2026-02
B1643,f20ce3cb543f67bc821a65bd2b3e7b00675b3ea0919d18456fa618faaeb38386,AI027,2026-02-04 11:37:36.952,PENDING,14A,Air India,BOM,MAA,2026-04-18 19:41:41.701,2026-04-18 23:23:41.701,222.0,3.7,222.0,0.0,Valid,,,,Muhammad,Chatterjee,43,M,45**********,+9************,mu*****************************,Unknown,31-45,2026-02
B1644,3d686e842d77285c197c6e50a56b5426bbb37bfc344fe8b5849ff21cf82dc6c7,SJ165,2025-10-20 11:37:36.952,PENDING,20E,SpiceJet,CCU,BOM,2026-04-18 20:08:41.703,2026-04-18 23:18:41.703,190.0,3.1666666666666665,190.0,0.0,Valid,PAY1483,10406.49,CARD,Sai,Agarwal,88,M,44**********,+9************,sa*********************,Unknown,60+,2025-10
B1645,2a8fcf287fa1e6f5228499fe1342b2862e5284695bd138093267305e7772a4b3,UK081,2025-08-16 11:37:36.952,CONFIRMED,17D,Vistara,BLR,DEL,2026-04-18 22:00:41.702,2026-04-18 23:00:41.702,60.0,1.0,60.0,0.0,Valid,PAY1423,2308.55,NETBANKING,Kavya,Banerjee,79,F,92**********,+9************,ka************************,Unknown,60+,2025-08
B1646,705e8a54ff06745a1d7eb7683081564cad6419b93cd7e231e99b8e45438caae8,UK191,2025-09-27 11:37:36.952,CANCELLED,28C,Vistara,MAA,BLR,2026-04-18 21:51:41.703,2026-04-18 22:57:41.703,66.0,1.1,66.0,0.0,Valid,PAY1524,12645.54,CARD,Muhammad,Kulkarni,47,M,61**********,+9************,mu******************************,Unknown,46-60,2025-09
B1646,705e8a54ff06745a1d7eb7683081564cad6419b93cd7e231e99b8e45438caae8,UK191,2025-09-27 11:37:36.952,CANCELLED,28C,Vistara,MAA,BLR,2026-04-18 21:51:41.703,2026-04-18 22:57:41.703,66.0,1.1,66.0,0.0,Valid,PAY1903,10009.34,UPI,Muhammad,Kulkarni,47,M,61**********,+9************,mu******************************,Unknown,46-60,2025-09
B1647,a5d7ccdbaa33ef6ad8ff6cdca600e6bb1ab3186089c6286d1695f87fd374721f,SJ188,2025-11-06 11:37:36.952,PENDING,14F,SpiceJet,BLR,BOM,2026-04-18 22:15:41.703,2026-04-18 22:55:41.703,40.0,0.6666666666666666,40.0,0.0,Valid,PAY1384,7863.11,NETBANKING,Kavya,Chatterjee,35,M,84**********,+9************,ka**************************,Unknown,31-45,2025-11
B1647,a5d7ccdbaa33ef6ad8ff6cdca600e6bb1ab3186089c6286d1695f87fd374721f,SJ188,2025-11-06 11:37:36.952,PENDING,14F,SpiceJet,BLR,BOM,2026-04-18 22:15:41.703,2026-04-18 22:55:41.703,40.0,0.6666666666666666,40.0,0.0,Valid,PAY1800,9457.52,CARD,Kavya,Chatterjee,35,M,84**********,+9************,ka**************************,Unknown,31-45,2025-11
B1648,2b4d0c8fdf599c052b4fd074e6545ad56cfab92217400417ac526e1780373df0,6F016,2025-08-09 11:37:36.952,CONFIRMED,33D,IndiGo,HYD,BOM,2026-04-18 22:18:41.701,2026-04-18 22:54:41.701,36.0,0.6,36.0,0.0,Valid,PAY1931,3484.04,CARD,Anika,Patel,25,F,50**********,+9************,an*******************,Unknown,18-30,2025-08
B1649,c4815f266028f068c58e0b99f862eeaf65c210e25072af5e72a63ca53af020e4,6F064,2026-04-05 11:37:36.952,PENDING,4F,IndiGo,CCU,DEL,2026-04-18 21:45:41.701,2026-04-18 22:50:41.701,65.0,1.0833333333333333,65.0,0.0,Valid,PAY1605,14719.81,UPI,Aditya,Iyer,32,M,71**********,+9************,ad*************************,Unknown,31-45,2026-04
B1649,c4815f266028f068c58e0b99f862eeaf65c210e25072af5e72a63ca53af020e4,6F064,2026-04-05 11:37:36.952,PENDING,4F,IndiGo,CCU,DEL,2026-04-18 21:45:41.701,2026-04-18 22:50:41.701,65.0,1.0833333333333333,65.0,0.0,Valid,PAY1831,13388.24,UPI,Aditya,Iyer,32,M,71**********,+9************,ad*************************,Unknown,31-45,2026-04
B1650,4501ed1c58dd1fd2e579358f8d11c8862f6f538680eb712ec38db5827d52e883,SJ105,2026-04-03 11:37:36.952,Unknown,10D,SpiceJet,BOM,HYD,2026-04-18 19:22:41.702,2026-04-18 22:48:41.702,206.0,3.433333333333333,206.0,0.0,Valid,,,,Krishna,Nair,3,M,80**********,+9************,kr********************,Unknown,Under 18,2026-04
B1651,1e373aeda1556f7d6017e2900a519b40e81a9d833fb84176f353c5077e2b2936,SJ054,2025-09-09 11:37:36.952,CANCELLED,21B,SpiceJet,MAA,BLR,2026-04-18 18:13:41.701,2026-04-18 22:46:41.701,273.0,4.55,273.0,0.0,Valid,PAY1954,6941.55,NETBANKING,Saanvi,Joshi,53,M,82**********,+9************,sa**********************,Unknown,46-60,2025-09
B1652,e34896f79a0e0759380ec16c206f581d69ced88424a2c7256da86cdf0e0a46dc,6F197,2025-12-19 11:37:36.952,PENDING,23C,IndiGo,BOM,BLR,2026-04-18 17:59:41.703,2026-04-18 22:44:41.703,285.0,4.75,285.0,0.0,Valid,PAY1252,2694.0,NETBANKING,Ishaan,Iyer,43,F,47**********,+9************,is************************,Unknown,31-45,2025-12
B1652,e34896f79a0e0759380ec16c206f581d69ced88424a2c7256da86cdf0e0a46dc,6F197,2025-12-19 11:37:36.952,PENDING,23C,IndiGo,BOM,BLR,2026-04-18 17:59:41.703,2026-04-18 22:44:41.703,285.0,4.75,285.0,0.0,Valid,PAY1329,12576.65,UPI,Ishaan,Iyer,43,F,47**********,+9************,is************************,Unknown,31-45,2025-12
B1652,e34896f79a0e0759380ec16c206f581d69ced88424a2c7256da86cdf0e0a46dc,6F197,2025-12-19 11:37:36.952,PENDING,23C,IndiGo,BOM,BLR,2026-04-18 17:59:41.703,2026-04-18 22:44:41.703,285.0,4.75,285.0,0.0,Valid,PAY1372,4145.25,CARD,Ishaan,Iyer,43,F,47**********,+9************,is************************,Unknown,31-45,2025-12
B1652,e34896f79a0e0759380ec16c206f581d69ced88424a2c7256da86cdf0e0a46dc,6F197,2025-12-19 11:37:36.952,PENDING,23C,IndiGo,BOM,BLR,2026-04-18 17:59:41.703,2026-04-18 22:44:41.703,285.0,4.75,285.0,0.0,Valid,PAY1724,2104.63,NETBANKING,Ishaan,Iyer,43,F,47**********,+9************,is************************,Unknown,31-45,2025-12
B1653,15258cca169e4b6fac5a723b1441d132e8627640980bf983d4302cc0334534b1,AI040,2026-03-26 11:37:36.952,CANCELLED,31B,Air India,HYD,BLR,2026-04-18 21:01:41.701,2026-04-18 22:42:41.701,101.0,1.6833333333333333,101.0,0.0,Valid,PAY1422,10350.94,NETBANKING,Anika,Nair,71,M,69**********,+9************,an***********************,Unknown,60+,2026-03
B1654,9a5d603fd6eacc409027cb091b3ea3b03a3857bd38efe4a1b2ad7e450b585085,AI131,2025-08-14 11:37:36.952,Unknown,31A,Air India,MAA,BOM,2026-04-18 19:55:41.702,2026-04-18 22:35:41.702,160.0,2.6666666666666665,160.0,0.0,Valid,PAY1675,12116.85,NETBANKING,Ishaan,Mishra,16,M,67**********,+9************,is***********************,Unknown,Under 18,2025-08
B1655,a41aa336bdc7df1d3bea1213766b0634d96c32553c29944da7da1b2c140dbf6f,6F141,2025-10-09 11:37:36.952,PENDING,7D,IndiGo,BOM,CCU,2026-04-18 20:26:41.702,2026-04-18 22:28:41.702,122.0,2.033333333333333,122.0,0.0,Valid,,,,Vivaan,Naidu,30,M,87**********,+9************,vi*************************,Unknown,18-30,2025-10
B1656,7b6084460742c67cf5d01ffbb3d49073946d33ade4f6b271e63e320f18a9b4e0,UK035,2025-05-12 11:37:36.952,CONFIRMED,26E,Vistara,HYD,BOM,2026-04-18 21:08:41.701,2026-04-18 22:24:41.701,76.0,1.2666666666666666,76.0,0.0,Valid,PAY1276,9174.46,NETBANKING,Krishna,Banerjee,14,F,53*********,+9************,kr**************************,Unknown,Under 18,2025-05
B1657,c4815f266028f068c58e0b99f862eeaf65c210e25072af5e72a63ca53af020e4,AI005,2025-08-28 11:37:36.952,CONFIRMED,12B,Air India,DEL,CCU,2026-04-18 21:24:41.701,2026-04-18 22:11:41.701,47.0,0.7833333333333333,47.0,0.0,Valid,PAY1746,11326.44,UPI,Aditya,Iyer,32,M,71**********,+9************,ad*************************,Unknown,31-45,2025-08
B1658,9ace1218d596c69b7238faa697878d47b85d4c5220f641a097ab72a8eae1a1bd,AI001,2025-06-22 11:37:36.952,CONFIRMED,18D,Air India,DEL,HYD,2026-04-18 19:00:41.700,2026-04-18 22:03:41.700,183.0,3.05,183.0,0.0,Valid,,,,Sai,Pillai,25,F,82**********,+9************,sa*******************,Unknown,18-30,2025-06
B1659,b3b2bddc4a1da01906c583ec44330f267849113c6afe3d26e04eafb43be7bbba,UK211,2026-01-17 11:37:36.952,PENDING,6D,Vistara,MAA,CCU,2026-04-18 20:39:41.704,2026-04-18 22:02:41.704,83.0,1.3833333333333333,83.0,0.0,Valid,,,,Myra,Mehta,89,F,86**********,+9************,my******************,Unknown,60+,2026-01
B1660,b63f0c822b6e830ae9c355c7894d5c011f41efd0b6667b3a0d2cf9230d8bea10,SJ189,2026-04-04 11:37:36.952,CANCELLED,12D,SpiceJet,HYD,BLR,2026-04-18 17:05:41.703,2026-04-18 22:01:41.703,296.0,4.933333333333334,296.0,0.0,Valid,PAY1269,,CARD,Reyansh,Verma,79,M,12**********,+9************,re***********************,Unknown,60+,2026-04
B1660,b63f0c822b6e830ae9c355c7894d5c011f41efd0b6667b3a0d2cf9230d8bea10,SJ189,2026-04-04 11:37:36.952,CANCELLED,12D,SpiceJet,HYD,BLR,2026-04-18 17:05:41.703,2026-04-18 22:01:41.703,296.0,4.933333333333334,296.0,0.0,Valid,PAY1649,5033.75,CARD,Reyansh,Verma,79,M,12**********,+9************,re***********************,Unknown,60+,2026-04
B1661,459b89f1c1c07e4eeab0dd6c7d5c40bea90d231854870ac2ef30273e6339ae40,UK006,2025-04-21 11:37:36.952,PENDING,18D,Vistara,MAA,CCU,2026-04-18 20:16:41.701,2026-04-18 21:55:41.701,99.0,1.65,99.0,0.0,Valid,PAY1103,14848.6,CARD,Shaurya,Singh,3,F,83**********,+9************,sh***********************,Unknown,Under 18,2025-04
B1661,459b89f1c1c07e4eeab0dd6c7d5c40bea90d231854870ac2ef30273e6339ae40,UK006,2025-04-21 11:37:36.952,PENDING,18D,Vistara,MAA,CCU,2026-04-18 20:16:41.701,2026-04-18 21:55:41.701,99.0,1.65,99.0,0.0,Valid,PAY1641,6130.91,NETBANKING,Shaurya,Singh,3,F,83**********,+9************,sh***********************,Unknown,Under 18,2025-04
B1662,a741b6dd8a5b8f1543b96f75d81f04debe9ac7dcb9e5ac7f7c4a3de6ce352b3d,6F189,2025-10-13 11:37:36.952,CONFIRMED,17A,IndiGo,MAA,BLR,2026-04-18 20:08:41.703,2026-04-18 21:51:41.703,103.0,1.7166666666666666,103.0,0.0,Valid,PAY1771,9168.1,NETBANKING,Krishna,Khan,74,F,20*********,+9************,kr********************,Unknown,60+,2025-10
B1663,afbe1d334c79478b8e5626b3ba334e5e23163f59e7cf271ac0ca60d0fef851fb,AI133,2025-05-16 11:37:36.952,CANCELLED,15B,Air India,DEL,CCU,2026-04-18 19:12:41.702,2026-04-18 21:32:41.702,140.0,2.3333333333333335,140.0,0.0,Valid,PAY1029,8481.4,CARD,Kavya,Mehta,20,F,57**********,+9************,ka*******************,Unknown,18-30,2025-05
B1663,afbe1d334c79478b8e5626b3ba334e5e23163f59e7cf271ac0ca60d0fef851fb,AI133,2025-05-16 11:37:36.952,CANCELLED,15B,Air India,DEL,CCU,2026-04-18 19:12:41.702,2026-04-18 21:32:41.702,140.0,2.3333333333333335,140.0,0.0,Valid,PAY1030,12656.53,NETBANKING,Kavya,Mehta,20,F,57**********,+9************,ka*******************,Unknown,18-30,2025-05
B1663,afbe1d334c79478b8e5626b3ba334e5e23163f59e7cf271ac0ca60d0fef851fb,AI133,2025-05-16 11:37:36.952,CANCELLED,15B,Air India,DEL,CCU,2026-04-18 19:12:41.702,2026-04-18 21:32:41.702,140.0,2.3333333333333335,140.0,0.0,Valid,PAY1714,14337.32,UPI,Kavya,Mehta,20,F,57**********,+9************,ka*******************,Unknown,18-30,2025-05
B1663,afbe1d334c79478b8e5626b3ba334e5e23163f59e7cf271ac0ca60d0fef851fb,AI133,2025-05-16 11:37:36.952,CANCELLED,15B,Air India,DEL,CCU,2026-04-18 19:12:41.702,2026-04-18 21:32:41.702,140.0,2.3333333333333335,140.0,0.0,Valid,PAY1743,13004.79,NETBANKING,Kavya,Mehta,20,F,57**********,+9************,ka*******************,Unknown,18-30,2025-05
B1663,afbe1d334c79478b8e5626b3ba334e5e23163f59e7cf271ac0ca60d0fef851fb,AI133,2025-05-16 11:37:36.952,CANCELLED,15B,Air India,DEL,CCU,2026-04-18 19:12:41.702,2026-04-18 21:32:41.702,140.0,2.3333333333333335,140.0,0.0,Valid,PAY1750,5715.1,CARD,Kavya,Mehta,20,F,57**********,+9************,ka*******************,Unknown,18-30,2025-05
B1663,afbe1d334c79478b8e5626b3ba334e5e23163f59e7cf271ac0ca60d0fef851fb,AI133,2025-05-16 11:37:36.952,CANCELLED,15B,Air India,DEL,CCU,2026-04-18 19:12:41.702,2026-04-18 21:32:41.702,140.0,2.3333333333333335,140.0,0.0,Valid,PAY1775,12690.33,CARD,Kavya,Mehta,20,F,57**********,+9************,ka*******************,Unknown,18-30,2025-05
B1664,6c78ca347eb017af2b5b06207cb1dbb8974d9429ed43b397a5e91b4af78ada20,SJ216,2025-11-08 11:37:36.952,CONFIRMED,25B,SpiceJet,BOM,CCU,2026-04-18 18:35:41.703,2026-04-18 21:31:41.703,176.0,2.933333333333333,176.0,0.0,Valid,,,,Vivaan,Mishra,17,M,61**********,+9************,vi**************************,Unknown,Under 18,2025-11
B1665,1a2d875e42cbcde58b46c3f2e6c2423ce2bee58a8f47dd3d0f6823ae4cdf7fa1,SJ133,2026-03-04 11:37:36.952,CANCELLED,29D,SpiceJet,BOM,CCU,2026-04-18 18:50:41.702,2026-04-18 21:29:41.702,159.0,2.65,159.0,0.0,Valid,PAY1927,13434.66,UPI,Muhammad,Iyer,49,M,19**********,+9************,mu***********************,Unknown,46-60,2026-03
B1666,6ab8a8743eee13a379d2cdc3e72ce0519cad4434e395705b497796e2feb00f0a,UK082,2026-03-05 11:37:36.952,PENDING,32C,Vistara,DEL,BOM,2026-04-18 16:50:41.702,2026-04-18 21:21:41.702,271.0,4.516666666666667,271.0,0.0,Valid,PAY1952,4184.87,CARD,Arjun,Agarwal,50,F,37**********,+9************,ar*********************,Unknown,46-60,2026-03
B1667,2f421b3dbb240a28a434b83b1cd56f07a31b837f7ed07d6d7286da17287b5bdd,6F136,2026-02-16 11:37:36.952,CANCELLED,32C,IndiGo,CCU,DEL,2026-04-18 20:24:41.702,2026-04-18 21:01:41.702,37.0,0.6166666666666667,37.0,0.0,Valid,,,,Reyansh,Patel,86,F,27**********,+9************,re***********************,Unknown,60+,2026-02
B1668,d2d103f48be2ff0f5fc94d7dec21c6e07325ec0b483c03ddd3c55ceb699a3fed,6F039,2025-04-30 11:37:36.952,PENDING,3B,IndiGo,MAA,CCU,2026-04-18 16:43:41.701,2026-04-18 21:01:41.701,258.0,4.3,258.0,0.0,Valid,,,,Aadhya,Singh,65,M,46**********,+9************,aa********************,Unknown,60+,2025-04
B1669,304f4d73814c7a525c525b9a96053ef9d930c17a0f3b9888f8d7c5242bf8daec,AI011,2025-06-16 11:37:36.952,CONFIRMED,3E,Air India,CCU,BOM,2026-04-18 16:58:41.701,2026-04-18 21:01:41.701,243.0,4.05,243.0,0.0,Valid,,,,Riya,Mishra,55,M,92**********,+9************,ri*********************,Unknown,46-60,2025-06
B1670,4a6add987cf788a4b9d925cf7495e0b62399b75355bfea4e79eeb1b51656f843,SJ225,2025-05-12 11:37:36.952,CANCELLED,16C,SpiceJet,DEL,HYD,2026-04-18 18:16:41.704,2026-04-18 20:53:41.704,157.0,2.6166666666666667,157.0,0.0,Valid,,,,Arjun,Agarwal,66,M,21**********,+9************,ar***********************,Unknown,60+,2025-05
B1671,2160872f2e614a13bff2e81412b0948c5fdc0e77ddbb5981e2fc4ff99c926561,SJ024,2025-07-08 11:37:36.952,CONFIRMED,22C,SpiceJet,DEL,MAA,2026-04-18 16:29:41.701,2026-04-18 20:21:41.701,232.0,3.8666666666666667,232.0,0.0,Valid,,,,Sai,Banerjee,54,M,85**********,+9************,sa********************,Unknown,46-60,2025-07
B1672,e453e79b699aadfa85bc39c7dd2730f841d1f87123c949fdea49d3dc23717e6b,AI109,2025-08-01 11:37:36.952,CANCELLED,14E,Air India,BLR,BOM,2026-04-18 15:53:41.702,2026-04-18 20:14:41.702,261.0,4.35,261.0,0.0,Valid,PAY1365,6895.9,CARD,Riya,Iyer,52,M,19**********,+9************,ri*******************,Unknown,46-60,2025-08
B1673,c9a061d04a6e0a5d88cffda77b795792bfeebad00ac005bbf03dfd8987a6a0ea,AI147,2025-06-12 11:37:36.952,Unknown,28B,Air India,HYD,CCU,2026-04-18 18:14:41.703,2026-04-18 20:10:41.703,116.0,1.9333333333333333,116.0,0.0,Valid,,,,Aditya,Patel,40,F,67**********,+9************,ad***********************,Unknown,31-45,2025-06
B1674,3803ac7fb64c7eeb9a408f241b02c35acff29c60c4d586f144124c8fd24a24ee,UK057,2025-11-03 11:37:36.952,CANCELLED,18C,Vistara,CCU,DEL,2026-04-18 15:25:41.701,2026-04-18 20:04:41.701,279.0,4.65,279.0,0.0,Valid,,,,Aditya,Kulkarni,20,F,82**********,+9************,ad***********************,Unknown,18-30,2025-11
B1675,2160872f2e614a13bff2e81412b0948c5fdc0e77ddbb5981e2fc4ff99c926561,6F111,2025-08-01 11:37:36.952,CANCELLED,9A,IndiGo,HYD,DEL,2026-04-18 17:09:41.702,2026-04-18 20:02:41.702,173.0,2.8833333333333333,173.0,0.0,Valid,,,,Sai,Banerjee,54,M,85**********,+9************,sa********************,Unknown,46-60,2025-08
B1676,a95e4735d40f1b587fbcb3f12289b87ed52b2654c3c0e088aa4a07ec062a5a42,AI197,2026-04-14 11:37:36.952,PENDING,24C,Air India,BOM,CCU,2026-04-18 16:25:41.703,2026-04-18 20:00:41.703,215.0,3.5833333333333335,215.0,0.0,Valid,PAY1106,14683.17,UPI,Diya,Singh,1,M,88**********,+9************,di*********************,Unknown,Under 18,2026-04
B1676,a95e4735d40f1b587fbcb3f12289b87ed52b2654c3c0e088aa4a07ec062a5a42,AI197,2026-04-14 11:37:36.952,PENDING,24C,Air India,BOM,CCU,2026-04-18 16:25:41.703,2026-04-18 20:00:41.703,215.0,3.5833333333333335,215.0,0.0,Valid,PAY1709,11869.65,CARD,Diya,Singh,1,M,88**********,+9************,di*********************,Unknown,Under 18,2026-04
B1677,ccf9bd5ff5d83a193323ce5f3df498036b7b1159d06d994ae19139d4297a49dc,UK127,2026-01-31 11:37:36.952,PENDING,29C,Vistara,BOM,HYD,2026-04-18 15:56:41.702,2026-04-18 20:00:41.702,244.0,4.066666666666666,244.0,0.0,Valid,PAY1504,4648.87,NETBANKING,Anika,Mishra,47,M,76**********,+9************,an**********************,Unknown,46-60,2026-01
B1677,ccf9bd5ff5d83a193323ce5f3df498036b7b1159d06d994ae19139d4297a49dc,UK127,2026-01-31 11:37:36.952,PENDING,29C,Vistara,BOM,HYD,2026-04-18 15:56:41.702,2026-04-18 20:00:41.702,244.0,4.066666666666666,244.0,0.0,Valid,PAY1620,14950.31,CARD,Anika,Mishra,47,M,76**********,+9************,an**********************,Unknown,46-60,2026-01
B1678,1a2d875e42cbcde58b46c3f2e6c2423ce2bee58a8f47dd3d0f6823ae4cdf7fa1,6F240,2025-12-31 11:37:36.952,PENDING,24B,IndiGo,DEL,HYD,2026-04-18 15:31:41.704,2026-04-18 19:56:41.704,265.0,4.416666666666667,265.0,0.0,Valid,PAY1809,3831.88,NETBANKING,Muhammad,Iyer,49,M,19**********,+9************,mu***********************,Unknown,46-60,2025-12
B1679,8327c2ee1689aa6dc970de7411a1fbd55b93f654d304f70be74eabe49621e002,6F257,2025-08-17 11:37:36.952,CANCELLED,25A,IndiGo,MAA,CCU,2026-04-18 16:04:41.704,2026-04-18 19:55:41.704,231.0,3.85,231.0,0.0,Valid,,,,Aadhya,das,34,M,66**********,+9************,aa******************,Unknown,31-45,2025-08
B1679,8327c2ee1689aa6dc970de7411a1fbd55b93f654d304f70be74eabe49621e002,6F257,2025-08-17 11:37:36.952,CANCELLED,25A,IndiGo,MAA,CCU,2026-04-18 16:04:41.704,2026-04-18 19:55:41.704,231.0,3.85,231.0,0.0,Valid,,,,Aadhya,Das,34,M,17**********,+9************,aa******************,Unknown,31-45,2025-08
B1680,5462e26b2c4f69495b9a7e04fdb2576e4484537640762a2bd5ef3724ad75b5d3,AI253,2026-03-19 11:37:36.952,Unknown,11F,Air India,BLR,BOM,2026-04-18 16:13:41.704,2026-04-18 19:51:41.704,218.0,3.6333333333333333,218.0,0.0,Valid,,,,Krishna,Iyer,84,M,10**********,+9************,kr**********************,Unknown,60+,2026-03
B1681,fd4ebc9dc6ac0128e148d02b89e1e098861fb5ee6cfc889d7d3d650a78290777,SJ135,2026-04-02 11:37:36.952,CANCELLED,15C,SpiceJet,MAA,CCU,2026-04-18 16:03:41.702,2026-04-18 19:48:41.702,225.0,3.75,225.0,0.0,Valid,PAY1264,11541.74,UPI,Diya,Joshi,13,M,36**********,+9************,di*******************,Unknown,Under 18,2026-04
B1681,fd4ebc9dc6ac0128e148d02b89e1e098861fb5ee6cfc889d7d3d650a78290777,SJ135,2026-04-02 11:37:36.952,CANCELLED,15C,SpiceJet,MAA,CCU,2026-04-18 16:03:41.702,2026-04-18 19:48:41.702,225.0,3.75,225.0,0.0,Valid,PAY1875,14516.19,NETBANKING,Diya,Joshi,13,M,36**********,+9************,di*******************,Unknown,Under 18,2026-04
B1682,d79a34f57b1a7071f7288264b812d63b840ca7fee1b295f044992392ab2a1e9c,UK112,2025-07-10 11:37:36.952,CANCELLED,20B,Vistara,CCU,DEL,2026-04-18 17:05:41.702,2026-04-18 19:47:41.702,162.0,2.7,162.0,0.0,Valid,PAY1835,2916.86,CARD,Shaurya,Gupta,58,M,81**********,+9************,sh**************************,Unknown,46-60,2025-07
B1683,e2aecd9570718a8807f0e8649e84f841cbd416fa94f569737c9c3127f2702b4f,AI050,2025-08-07 11:37:36.952,CONFIRMED,9C,Air India,BLR,BOM,2026-04-18 17:07:41.701,2026-04-18 19:42:41.701,155.0,2.5833333333333335,155.0,0.0,Valid,PAY1023,8188.97,UPI,Anika,Kulkarni,58,M,76**********,+9************,an****************************,Unknown,46-60,2025-08
B1683,e2aecd9570718a8807f0e8649e84f841cbd416fa94f569737c9c3127f2702b4f,AI050,2025-08-07 11:37:36.952,CONFIRMED,9C,Air India,BLR,BOM,2026-04-18 17:07:41.701,2026-04-18 19:42:41.701,155.0,2.5833333333333335,155.0,0.0,Valid,PAY1542,11160.79,NETBANKING,Anika,Kulkarni,58,M,76**********,+9************,an****************************,Unknown,46-60,2025-08
B1684,d74aca86f92c65cafecdfff785341967ab44bd2039bb62550cf700740e5c15a3,UK060,2025-11-18 11:37:36.952,PENDING,8E,Vistara,BLR,CCU,2026-04-18 16:09:41.701,2026-04-18 19:42:41.701,213.0,3.55,213.0,0.0,Valid,,,,Aadhya,Mehta,27,F,78**********,+9************,aa*************************,Unknown,18-30,2025-11
B1685,e851077501cff6e3779cda283f08b1ff8ce02b3d044258a6f250445dff32101b,SJ183,2025-05-15 11:37:36.952,CANCELLED,25E,SpiceJet,CCU,DEL,2026-04-18 17:44:41.703,2026-04-18 19:40:41.703,116.0,1.9333333333333333,116.0,0.0,Valid,PAY1128,5545.26,NETBANKING,Reyansh,Reddy,82,F,78**********,+9************,re**************************,Unknown,60+,2025-05
B1685,e851077501cff6e3779cda283f08b1ff8ce02b3d044258a6f250445dff32101b,SJ183,2025-05-15 11:37:36.952,CANCELLED,25E,SpiceJet,CCU,DEL,2026-04-18 17:44:41.703,2026-04-18 19:40:41.703,116.0,1.9333333333333333,116.0,0.0,Valid,PAY1959,7155.18,NETBANKING,Reyansh,Reddy,82,F,78**********,+9************,re**************************,Unknown,60+,2025-05
B1686,c7ccf6a417208a4d93399733f39ed59bee1b97558dd765c7045aa071123b4d68,UK138,2025-11-17 11:37:36.952,CONFIRMED,23E,Vistara,DEL,BLR,2026-04-18 16:47:41.703,2026-04-18 19:36:41.703,169.0,2.816666666666667,169.0,0.0,Valid,PAY1315,1293.05,CARD,Anika,Sharma,28,F,35**********,+9************,an********************,Unknown,18-30,2025-11
B1687,f578969533b3f6b3dab72ec2fdc7d0592f61427e461cec167f4c481805ab303e,SJ071,2025-10-12 11:37:36.952,PENDING,22F,SpiceJet,CCU,MAA,2026-04-18 17:43:41.701,2026-04-18 19:32:41.701,109.0,1.8166666666666667,109.0,0.0,Valid,,,,Muhammad,Nair,24,M,50**********,+9************,mu**************************,Unknown,18-30,2025-10
B1688,1790ea86025b84f7e5d62043ed8a411e768d2626fbad93bf03569dc640a3fc49,AI057,2025-06-14 11:37:36.952,PENDING,9D,Air India,BOM,CCU,2026-04-18 15:53:41.701,2026-04-18 19:22:41.701,209.0,3.4833333333333334,209.0,0.0,Valid,PAY1272,10945.95,NETBANKING,Aarav,Das,9,F,97*********,+9************,aa**********************,Unknown,Under 18,2025-06
B1689,48d0441e3c09dcd5670121d6361a6d933c03274afe1b985e939e761d08ce4230,SJ151,2025-07-10 11:37:36.952,CANCELLED,20B,SpiceJet,BOM,CCU,2026-04-18 17:44:41.702,2026-04-18 19:16:41.702,92.0,1.5333333333333334,92.0,0.0,Valid,PAY1485,8030.27,CARD,Aditya,Kulkarni,60,F,95**********,+9************,ad***********************,Unknown,46-60,2025-07
B1690,bb9132d26cbca0e016df03b78092d28936b000d4e484bc0e3b0a154484a240ed,SJ144,2025-06-28 11:37:36.952,PENDING,12C,SpiceJet,BLR,BOM,2026-04-18 15:35:41.702,2026-04-18 19:12:41.702,217.0,3.6166666666666667,217.0,0.0,Valid,PAY1550,7675.73,UPI,Reyansh,Singh,23,F,52**********,+9************,re*********************,Unknown,18-30,2025-06
B1691,2931a606a61afdcb673da2a9e0ac7d0783f700c913a9f329ea2ea116a99e8c3b,SJ087,2026-01-23 11:37:36.952,PENDING,12E,SpiceJet,BOM,DEL,2026-04-18 14:20:41.702,2026-04-18 19:09:41.702,289.0,4.816666666666666,289.0,0.0,Valid,PAY1946,10442.06,UPI,Reyansh,Nair,67,M,39*********,+9************,re*********************,Unknown,60+,2026-01
B1692,b86c4bf1fa01ec51c15c338168d4e625007e59b602487261959fbf8382ec9ceb,SJ066,2026-04-02 11:37:36.952,CONFIRMED,18A,SpiceJet,HYD,CCU,2026-04-18 17:47:41.701,2026-04-18 19:03:41.701,76.0,1.2666666666666666,76.0,0.0,Valid,,,,Krishna,Iyer,15,F,99**********,+9************,kr*************************,Unknown,Under 18,2026-04
B1693,0211dba0308362d09d12cce5048bc85a2ef253da3e6168f427992abe6729bcef,AI247,2026-01-02 11:37:36.952,CONFIRMED,11F,Air India,BOM,CCU,2026-04-18 15:58:41.704,2026-04-18 19:02:41.704,184.0,3.066666666666667,184.0,0.0,Valid,,,,Vivaan,Joshi,65,F,52**********,+9************,vi**********************,Unknown,60+,2026-01
B1694,dc8011c04d95da8562c51fdfb92dc4d19e6f865742bc5f706bbb420e4da47fcc,SJ102,2026-04-01 11:37:36.952,PENDING,24D,SpiceJet,MAA,CCU,2026-04-18 17:26:41.702,2026-04-18 18:58:41.702,92.0,1.5333333333333334,92.0,0.0,Valid,PAY1668,3525.42,CARD,Ananya,Pillai,14,F,24**********,+9************,an**********************,Unknown,Under 18,2026-04
B1694,dc8011c04d95da8562c51fdfb92dc4d19e6f865742bc5f706bbb420e4da47fcc,SJ102,2026-04-01 11:37:36.952,PENDING,24D,SpiceJet,MAA,CCU,2026-04-18 17:26:41.702,2026-04-18 18:58:41.702,92.0,1.5333333333333334,92.0,0.0,Valid,PAY1668,3525.42,CARD,AnanyaPillai,Unknown,14,F,26**********,+9************,an***************************,Unknown,Under 18,2026-04
B1694,dc8011c04d95da8562c51fdfb92dc4d19e6f865742bc5f706bbb420e4da47fcc,SJ102,2026-04-01 11:37:36.952,PENDING,24D,SpiceJet,MAA,CCU,2026-04-18 17:26:41.702,2026-04-18 18:58:41.702,92.0,1.5333333333333334,92.0,0.0,Valid,PAY1837,3628.19,CARD,Ananya,Pillai,14,F,24**********,+9************,an**********************,Unknown,Under 18,2026-04
B1694,dc8011c04d95da8562c51fdfb92dc4d19e6f865742bc5f706bbb420e4da47fcc,SJ102,2026-04-01 11:37:36.952,PENDING,24D,SpiceJet,MAA,CCU,2026-04-18 17:26:41.702,2026-04-18 18:58:41.702,92.0,1.5333333333333334,92.0,0.0,Valid,PAY1837,3628.19,CARD,AnanyaPillai,Unknown,14,F,26**********,+9************,an***************************,Unknown,Under 18,2026-04
B1695,c3b5a3d13ab79aa38e9f97712a3550cd325822a0b9e0da7a393f66418d817c46,6F252,2026-04-13 11:37:36.952,CONFIRMED,4F,IndiGo,MAA,BLR,2026-04-18 14:25:41.701,2026-04-18 18:52:41.701,267.0,4.45,267.0,0.0,Valid,PAY1234,5969.93,NETBANKING,Anika,Kulkarni,56,M,57**********,+9************,an****************************,Unknown,46-60,2026-04
B1696,e118c8da2cb41a25eddceec8caef73a9a328651d0c4e2ee3445d67b04909d028,6F055,2025-11-28 11:37:36.952,PENDING,11C,IndiGo,DEL,CCU,2026-04-18 16:21:41.701,2026-04-18 18:49:41.701,148.0,2.466666666666667,148.0,0.0,Valid,,,,Aditya,Mehta,9,F,80*********,+9************,ad**************************,Unknown,Under 18,2025-11
B1697,40c119ce6fc328a5c7c2fd0a572c20e08caaeb8003f3659b6a371d8a062fefb9,AI204,2025-11-12 11:37:36.952,CANCELLED,34B,Air India,CCU,MAA,2026-04-18 13:40:41.703,2026-04-18 18:38:41.703,298.0,4.966666666666667,298.0,0.0,Valid,,,,Ananya,Pillai,5,M,88**********,+9************,an**********************,Unknown,Under 18,2025-11
B1698,61d0f276b7160f04f92ce7d852f04296612a23d85e104124985a1e3f1afb6a25,AI016,2026-02-02 11:37:36.952,CONFIRMED,31D,Air India,BOM,CCU,2026-04-18 14:15:41.701,2026-04-18 18:38:41.701,263.0,4.383333333333334,263.0,0.0,Valid,PAY1598,8023.98,NETBANKING,Krishna,Reddy,15,M,38**********,+9************,kr***********************,Unknown,Under 18,2026-02
B1699,9e9cdc2bf4b91e70025e63cc7ea079b158f64e6d9631a7cc43556b9c29593df6,AI209,2025-12-11 11:37:36.952,PENDING,15D,Air India,BLR,CCU,2026-04-18 17:25:41.703,2026-04-18 18:37:41.703,72.0,1.2,72.0,0.0,Valid,PAY1451,8211.18,CARD,Reyansh,Patel,86,F,38**********,+9************,re***********************,Unknown,60+,2025-12
B1699,9e9cdc2bf4b91e70025e63cc7ea079b158f64e6d9631a7cc43556b9c29593df6,AI209,2025-12-11 11:37:36.952,PENDING,15D,Air India,BLR,CCU,2026-04-18 17:25:41.703,2026-04-18 18:37:41.703,72.0,1.2,72.0,0.0,Valid,PAY1756,,NETBANKING,Reyansh,Patel,86,F,38**********,+9************,re***********************,Unknown,60+,2025-12
B1699,9e9cdc2bf4b91e70025e63cc7ea079b158f64e6d9631a7cc43556b9c29593df6,AI209,2025-12-11 11:37:36.952,PENDING,15D,Air India,BLR,CCU,2026-04-18 17:25:41.703,2026-04-18 18:37:41.703,72.0,1.2,72.0,0.0,Valid,PAY1827,6149.02,NETBANKING,Reyansh,Patel,86,F,38**********,+9************,re***********************,Unknown,60+,2025-12
B1699,9e9cdc2bf4b91e70025e63cc7ea079b158f64e6d9631a7cc43556b9c29593df6,AI209,2025-12-11 11:37:36.952,PENDING,15D,Air India,BLR,CCU,2026-04-18 17:25:41.703,2026-04-18 18:37:41.703,72.0,1.2,72.0,0.0,Valid,PAY1891,8784.73,NETBANKING,Reyansh,Patel,86,F,38**********,+9************,re***********************,Unknown,60+,2025-12
B1700,89fef259b03bd24a0b841cd92ec8accc906ac07ab48804c073e5facfc880bcc5,SJ211,2026-01-04 11:37:36.952,PENDING,14B,SpiceJet,MAA,BOM,2026-04-18 16:22:41.703,2026-04-18 18:34:41.703,132.0,2.2,132.0,0.0,Valid,PAY1443,6028.27,CARD,Muhammad,Joshi,9,M,97**********,+9************,mu***************************,Unknown,Under 18,2026-01
B1701,8a3b05f6e9fd84906e5ba274b4076218de6899ba8b20e9fc1d5b1bf6632e3601,6F103,2025-10-16 11:37:36.952,CONFIRMED,13F,IndiGo,CCU,MAA,2026-04-18 15:37:41.702,2026-04-18 18:32:41.702,175.0,2.9166666666666665,175.0,0.0,Valid,,,,Diya,Banerjee,19,M,99**********,+9************,di*********************,Unknown,18-30,2025-10
B1702,c24146553498b11133c73b471f128c4034fbbc101da3d55d16b786b97abc6fc3,UK182,2025-04-22 11:37:36.952,CONFIRMED,31F,Vistara,HYD,CCU,2026-04-18 14:19:41.703,2026-04-18 18:25:41.703,246.0,4.1,246.0,0.0,Valid,PAY1088,13329.36,CARD,Ishaan,Gupta,44,M,61**********,+9************,is**********************,Unknown,31-45,2025-04
B1702,c24146553498b11133c73b471f128c4034fbbc101da3d55d16b786b97abc6fc3,UK182,2025-04-22 11:37:36.952,CONFIRMED,31F,Vistara,HYD,CCU,2026-04-18 14:19:41.703,2026-04-18 18:25:41.703,246.0,4.1,246.0,0.0,Valid,PAY1361,,NETBANKING,Ishaan,Gupta,44,M,61**********,+9************,is**********************,Unknown,31-45,2025-04
B1703,37b790ac45eacb4d66f50b7c5f6adfbbd850f1ef459633d46e1335583be1bff6,6F264,2025-12-25 11:37:36.952,CANCELLED,19B,IndiGo,DEL,HYD,2026-04-18 14:03:41.701,2026-04-18 18:23:41.701,260.0,4.333333333333333,260.0,0.0,Valid,PAY1120,5813.95,NETBANKING,Reyansh,Das,58,M,97**********,+9************,re**********************,Unknown,46-60,2025-12
B1703,37b790ac45eacb4d66f50b7c5f6adfbbd850f1ef459633d46e1335583be1bff6,6F264,2025-12-25 11:37:36.952,CANCELLED,19B,IndiGo,DEL,HYD,2026-04-18 14:03:41.701,2026-04-18 18:23:41.701,260.0,4.333333333333333,260.0,0.0,Valid,PAY1690,6181.25,NETBANKING,Reyansh,Das,58,M,97**********,+9************,re**********************,Unknown,46-60,2025-12
B1704,63fe68f9c14d380c2f19c9c816ddda65f85fade6e22e9cea4ceddc45edabf834,6F027,2025-07-23 11:37:36.952,PENDING,29A,IndiGo,BLR,DEL,2026-04-18 16:52:41.701,2026-04-18 18:21:41.701,89.0,1.4833333333333334,89.0,0.0,Valid,PAY1731,13993.49,NETBANKING,Vivaan,Agarwal,26,M,84**********,+9************,vi*************************,Unknown,18-30,2025-07
B1705,5f9fc9f7518e6c902d2c9c26bab9cde54ba7b8338dd4c90b8bf4389ad2bd956a,UK198,2026-01-31 11:37:36.952,CANCELLED,3B,Vistara,DEL,BLR,2026-04-18 16:43:41.703,2026-04-18 18:18:41.703,95.0,1.5833333333333333,95.0,0.0,Valid,PAY1165,1658.55,UPI,Reyansh,Reddy,50,F,39**********,+9************,re************************,Unknown,46-60,2026-01
B1705,5f9fc9f7518e6c902d2c9c26bab9cde54ba7b8338dd4c90b8bf4389ad2bd956a,UK198,2026-01-31 11:37:36.952,CANCELLED,3B,Vistara,DEL,BLR,2026-04-18 16:43:41.703,2026-04-18 18:18:41.703,95.0,1.5833333333333333,95.0,0.0,Valid,PAY1258,2089.75,CARD,Reyansh,Reddy,50,F,39**********,+9************,re************************,Unknown,46-60,2026-01
B1705,5f9fc9f7518e6c902d2c9c26bab9cde54ba7b8338dd4c90b8bf4389ad2bd956a,UK198,2026-01-31 11:37:36.952,CANCELLED,3B,Vistara,DEL,BLR,2026-04-18 16:43:41.703,2026-04-18 18:18:41.703,95.0,1.5833333333333333,95.0,0.0,Valid,PAY1652,10970.63,NETBANKING,Reyansh,Reddy,50,F,39**********,+9************,re************************,Unknown,46-60,2026-01
B1705,5f9fc9f7518e6c902d2c9c26bab9cde54ba7b8338dd4c90b8bf4389ad2bd956a,UK198,2026-01-31 11:37:36.952,CANCELLED,3B,Vistara,DEL,BLR,2026-04-18 16:43:41.703,2026-04-18 18:18:41.703,95.0,1.5833333333333333,95.0,0.0,Valid,PAY1698,6139.86,UPI,Reyansh,Reddy,50,F,39**********,+9************,re************************,Unknown,46-60,2026-01
B1706,7e41938799d4afd46db8bc75a3b0b483a41627daacf0c1f4f8ecee4cff16c534,6F171,2025-09-07 11:37:36.952,CANCELLED,15C,IndiGo,DEL,BLR,2026-04-18 17:03:41.703,2026-04-18 18:12:41.703,69.0,1.15,69.0,0.0,Valid,,,,Anika,Chatterjee,54,M,14**********,+9************,an**************************,Unknown,46-60,2025-09
B1707,19298fd58334c2576e49a117e7714d5a8dc0fc9a1b9e879f7f8eb13fcb898319,AI004,2025-07-05 11:37:36.952,CANCELLED,1B,Air India,HYD,MAA,2026-04-18 13:58:41.701,2026-04-18 18:12:41.701,254.0,4.233333333333333,254.0,0.0,Valid,,,,Sara,Chatterjee,44,M,20**********,+9************,sa***********************,Unknown,31-45,2025-07
B1708,ad18c2be469e3664cc92c52ab98aec9203c0c3fb68b9d8eabb7487c6e41e1afd,6F157,2025-11-22 11:37:36.952,CONFIRMED,3C,IndiGo,MAA,CCU,2026-04-18 16:37:41.703,2026-04-18 18:04:41.703,87.0,1.45,87.0,0.0,Valid,,,,Diya,Patel,64,M,99**********,+9************,di******************,Unknown,60+,2025-11
B1709,54880709cf829c2d0d703d6ee6f77deed4c47aeb026f35def2f7a6b2e789432d,AI018,2025-10-03 11:37:36.952,CANCELLED,22B,Air India,BOM,CCU,2026-04-18 13:12:41.701,2026-04-18 18:04:41.701,292.0,4.866666666666666,292.0,0.0,Valid,,,,Muhammad,Khan,2,F,50**********,+9************,mu*********************,Unknown,Under 18,2025-10
B1710,1244258127ff3e4e2a0c965fc60154de658644e5e621ab1c633773331b25c5f5,UK098,2025-08-05 11:37:36.952,CONFIRMED,21E,Vistara,CCU,DEL,2026-04-18 13:38:41.702,2026-04-18 17:54:41.702,256.0,4.266666666666667,256.0,0.0,Valid,PAY1625,12059.65,CARD,Aadhya,Khan,48,F,25**********,+9************,aa*******************,Unknown,46-60,2025-08
B1711,04c31ead0dacb627c690602a1aa6e9a1d82a08b75fce9493dce8c3c852365ce2,6F167,2026-01-29 11:37:36.952,Unknown,4C,IndiGo,BLR,BOM,2026-04-18 16:26:41.703,2026-04-18 17:50:41.703,84.0,1.4,84.0,0.0,Valid,,,,Muhammad,Ghosh,51,M,17**********,+9************,mu***************************,Unknown,46-60,2026-01
B1712,9d45c506c68e3dcaa91fce413ba276f0080cfdb813fa637eb649e7325b0a106d,AI228,2025-09-06 11:37:36.952,CANCELLED,17C,Air India,BLR,BOM,2026-04-18 13:16:41.703,2026-04-18 17:44:41.703,268.0,4.466666666666667,268.0,0.0,Valid,,,,Riya,Mishra,60,F,68**********,+9************,ri*******************,Unknown,46-60,2025-09
B1713,fef3551179d3071c36364f32685122bf5ea6d3a401fcc5707960d1986ef03b46,SJ242,2025-08-31 11:37:36.952,CANCELLED,17D,SpiceJet,BLR,HYD,2026-04-18 14:55:41.704,2026-04-18 17:42:41.704,167.0,2.783333333333333,167.0,0.0,Valid,,,,Riya,Nair,19,F,31**********,+9************,ri*****************,Unknown,18-30,2025-08
B1714,b10cca87bf39c2434d094f305e8c8bbe33583cbb8f70956cc9b07aa8d93058c9,6F227,2025-12-11 11:37:36.952,PENDING,34C,IndiGo,MAA,BOM,2026-04-18 13:16:41.704,2026-04-18 17:41:41.704,265.0,4.416666666666667,265.0,0.0,Valid,PAY1322,5064.12,NETBANKING,Reyansh,Das,63,F,27**********,+9************,re*********************,Unknown,60+,2025-12
B1715,95ed3a25932715f1de8783452bb10dbaced0de8e556476eaa3187ba6fcec8432,6F037,2025-08-27 11:37:36.952,CANCELLED,20C,IndiGo,BOM,MAA,2026-04-18 14:51:41.701,2026-04-18 17:23:41.701,152.0,2.533333333333333,152.0,0.0,Valid,,,,Ananya,Kulkarni,19,M,89**********,+9************,an****************************,Unknown,18-30,2025-08
B1716,88f7f4237aee189269417ac81c4f97a2e3ac25262ca5a762f39b765660e4cc46,6F107,2025-12-22 11:37:36.952,PENDING,28A,IndiGo,CCU,BLR,2026-04-18 14:14:41.702,2026-04-18 17:14:42.000,180.0049666666667,3.000082777777778,180.0,0.004966666666689434,Valid,,,,Sai,Reddy,20,F,83**********,+9************,sa*****************,Unknown,18-30,2025-12
B1717,06cf5fba4db048c6700c1058a21ce384bf0093a18e77441744df25a610cba230,SJ125,2025-11-06 11:37:36.952,CANCELLED,14A,SpiceJet,DEL,BLR,2026-04-18 14:21:41.702,2026-04-18 16:55:41.702,154.0,2.566666666666667,154.0,0.0,Valid,PAY1589,1220.3,NETBANKING,Aarav,Chatterjee,22,M,43**********,+9************,aa************************,Unknown,18-30,2025-11
B1717,06cf5fba4db048c6700c1058a21ce384bf0093a18e77441744df25a610cba230,SJ125,2025-11-06 11:37:36.952,CANCELLED,14A,SpiceJet,DEL,BLR,2026-04-18 14:21:41.702,2026-04-18 16:55:41.702,154.0,2.566666666666667,154.0,0.0,Valid,PAY1968,1187.92,UPI,Aarav,Chatterjee,22,M,43**********,+9************,aa************************,Unknown,18-30,2025-11
B1718,fbfdae7167ca504fb6574b58058717aec2eb950ea169dfd4a4e81f4a4d437af7,UK117,2025-06-17 11:37:36.952,CANCELLED,9B,Vistara,BLR,BOM,2026-04-18 13:17:41.702,2026-04-18 16:54:41.702,217.0,3.6166666666666667,217.0,0.0,Valid,PAY1574,7833.36,UPI,Diya,Iyer,23,M,61*********,+9************,di*******************,Unknown,18-30,2025-06
B1718,fbfdae7167ca504fb6574b58058717aec2eb950ea169dfd4a4e81f4a4d437af7,UK117,2025-06-17 11:37:36.952,CANCELLED,9B,Vistara,BLR,BOM,2026-04-18 13:17:41.702,2026-04-18 16:54:41.702,217.0,3.6166666666666667,217.0,0.0,Valid,PAY1720,10479.42,UPI,Diya,Iyer,23,M,61*********,+9************,di*******************,Unknown,18-30,2025-06
B1719,30e4512135119c357868dcfa2a810326ae9f8f4c74a43016116bf2ba33458b3a,6F192,2025-11-12 11:37:36.952,CANCELLED,29E,IndiGo,CCU,BLR,2026-04-18 12:20:41.703,2026-04-18 16:45:41.703,265.0,4.416666666666667,265.0,0.0,Valid,PAY1532,5781.1,UPI,Ira,Iyer,66,M,60*********,+9************,ir*****************,Unknown,60+,2025-11
B1720,fff87090542f8b51a79bf35133444b0f8471fe4637a7ded64d144766c44e7bdc,AI201,2025-11-27 11:37:36.952,CANCELLED,27B,Air India,BLR,CCU,2026-04-18 15:19:41.703,2026-04-18 16:40:41.703,81.0,1.35,81.0,0.0,Valid,PAY1823,5194.3,NETBANKING,Krishna,Iyer,17,M,18**********,+9************,kr*********************,Unknown,Under 18,2025-11
B1721,e9dfb2b48762cfcee48cc9c529caa8770eb7098d475585da5e1488755cbb697a,SJ126,2026-03-25 11:37:36.952,PENDING,21A,SpiceJet,DEL,BLR,2026-04-18 13:47:41.702,2026-04-18 16:31:41.702,164.0,2.7333333333333334,164.0,0.0,Valid,,,,Aarav,Naidu,65,F,10*********,+9************,aa*******************,Unknown,60+,2026-03
B1722,5283b565c90cc536cabe0fdd947f5841872cd6c8449d1b96e8ec0de5a4e2ce4d,AI177,2026-02-10 11:37:36.952,PENDING,5E,Air India,CCU,HYD,2026-04-18 14:11:41.703,2026-04-18 16:26:41.703,135.0,2.25,135.0,0.0,Valid,PAY1173,,CARD,Reyansh,Nair,49,M,66**********,+9************,re*********************,Unknown,46-60,2026-02
B1723,60a3b7a0fd4cf4e8dc1da079b82ba46eaee77e024dc64e63fdfa76f3bbaf39cc,AI092,2025-12-23 11:37:36.952,CANCELLED,26B,Air India,CCU,BOM,2026-04-18 13:36:41.702,2026-04-18 16:20:41.702,164.0,2.7333333333333334,164.0,0.0,Valid,,,,Aditya,Das,73,M,78**********,+9************,ad*********************,Unknown,60+,2025-12
B1724,c69e01f1f8c5b49bd6cf223cf519595b36def4bdcaa285f1453b19422941dcc4,6F076,2025-10-10 11:37:36.952,CANCELLED,11D,IndiGo,CCU,HYD,2026-04-18 15:35:41.702,2026-04-18 16:20:41.702,45.0,0.75,45.0,0.0,Valid,PAY1051,10484.53,UPI,Sai,Chatterjee,17,M,34**********,+9************,sa*************************,Unknown,Under 18,2025-10
B1725,b452f773ffff3926beaaad32ab667feca29d88e78d63af3d188e475c318f0619,AI185,2025-04-29 11:37:36.952,PENDING,1E,Air India,CCU,BOM,2026-04-18 12:16:41.703,2026-04-18 16:18:41.703,242.0,4.033333333333333,242.0,0.0,Valid,PAY1213,,NETBANKING,Arjun,Patel,22,M,31*********,+9************,ar*******************,Unknown,18-30,2025-04
B1726,d1000269373ad872e18776d20eb8dc5b504cce157382b94c11b4519be82a3aeb,AI055,2025-05-14 11:37:36.952,CONFIRMED,2B,Air India,CCU,BOM,2026-04-18 14:39:41.701,2026-04-18 16:18:41.701,99.0,1.65,99.0,0.0,Valid,PAY1218,3304.78,NETBANKING,Diya,Banerjee,79,M,58**********,+9************,di*********************,Unknown,60+,2025-05
B1726,d1000269373ad872e18776d20eb8dc5b504cce157382b94c11b4519be82a3aeb,AI055,2025-05-14 11:37:36.952,CONFIRMED,2B,Air India,CCU,BOM,2026-04-18 14:39:41.701,2026-04-18 16:18:41.701,99.0,1.65,99.0,0.0,Valid,PAY1585,7008.67,UPI,Diya,Banerjee,79,M,58**********,+9************,di*********************,Unknown,60+,2025-05
B1727,695819effb2e647cc96708c12760d26f7fac82ba6343df6ef1c4dfbb5bf9eee0,6F222,2026-03-15 11:37:36.952,CONFIRMED,27D,IndiGo,HYD,MAA,2026-04-18 14:01:41.704,2026-04-18 16:11:41.704,130.0,2.1666666666666665,130.0,0.0,Valid,,,,Sai,Sharma,4,F,73**********,+9************,sa********************,Unknown,Under 18,2026-03
B1728,d391d51a20b5d10035274f269e7693ad48de80b4ff99b61855f4e4313eb28a99,AI090,2025-12-12 11:37:36.952,CONFIRMED,1C,Air India,MAA,CCU,2026-04-18 13:37:41.702,2026-04-18 16:11:41.702,154.0,2.566666666666667,154.0,0.0,Valid,PAY1402,7592.89,CARD,Aditya,Khan,14,F,74**********,+9************,ad*******************,Unknown,Under 18,2025-12
B1729,b80f0792f54b48b735169ad48fab43e1494809354d2a41baabde61a641586c52,AI183,2025-06-03 11:37:36.952,PENDING,4F,Air India,DEL,CCU,2026-04-18 14:24:41.703,2026-04-18 16:06:41.703,102.0,1.7,102.0,0.0,Valid,PAY1914,2726.28,NETBANKING,Reyansh,Agarwal,44,F,29**********,+9************,re*************************,Unknown,31-45,2025-06
B1730,9d2990bf14adf28987ad0230c0d32cf41e5dd7c9fe67790ce87de1a0d14dfc34,AI041,2025-04-29 11:37:36.952,PENDING,25F,Air India,BOM,BLR,2026-04-18 14:08:41.701,2026-04-18 15:59:41.701,111.0,1.85,111.0,0.0,Valid,PAY1615,,NETBANKING,Ira,Agarwal,48,M,96*********,+9************,ir************************,Unknown,46-60,2025-04
B1731,42b87e547dae3cf711f32022a9cb7cf3f038e48e2752358e9b58cd59aa5e7d1c,6F210,2025-07-12 11:37:36.952,CONFIRMED,25F,IndiGo,HYD,DEL,2026-04-18 11:51:41.703,2026-04-18 15:58:41.703,247.0,4.116666666666666,247.0,0.0,Valid,PAY1287,1355.89,CARD,Myra,Nair,65,F,73**********,+9************,my*******************,Unknown,60+,2025-07
B1732,08198b0acd2a75c2621123be72730f105a8950937931312ed96e5ffdd406f017,AI170,2026-01-15 11:37:36.952,CONFIRMED,3A,Air India,HYD,DEL,2026-04-18 11:27:41.703,2026-04-18 15:50:41.703,263.0,4.383333333333334,263.0,0.0,Valid,PAY1510,7405.96,NETBANKING,Aditya,Mishra,21,M,24**********,+9************,ad***********************,Unknown,18-30,2026-01
B1733,acaa798e8ab832a8831bc3b9ff7b7ad8e4926ab6ecfe3615f68d17b4df47976f,SJ008,2026-04-16 11:37:36.952,CANCELLED,2E,SpiceJet,HYD,BLR,2026-04-18 10:53:41.701,2026-04-18 15:48:41.701,295.0,4.916666666666667,295.0,0.0,Valid,PAY1806,10832.74,CARD,Aadhya,Naidu,60,F,14*********,+9************,aa********************,Unknown,46-60,2026-04
B1733,acaa798e8ab832a8831bc3b9ff7b7ad8e4926ab6ecfe3615f68d17b4df47976f,SJ008,2026-04-16 11:37:36.952,CANCELLED,2E,SpiceJet,HYD,BLR,2026-04-18 10:53:41.701,2026-04-18 15:48:41.701,295.0,4.916666666666667,295.0,0.0,Valid,PAY1806,10832.74,CARD,Aadhya,Naidu,60,F,86**********,+9************,aa********************,Unknown,46-60,2026-04
B1734,e2aecd9570718a8807f0e8649e84f841cbd416fa94f569737c9c3127f2702b4f,AI049,2025-09-29 11:37:36.952,PENDING,27E,Air India,CCU,MAA,2026-04-18 13:35:41.701,2026-04-18 15:48:41.701,133.0,2.216666666666667,133.0,0.0,Valid,PAY1490,2972.66,CARD,Anika,Kulkarni,58,M,76**********,+9************,an****************************,Unknown,46-60,2025-09
B1735,bc76842e61ebedca26bcd9eaf418e5a4f40d29050372a9af629044dc36ec1983,SJ132,2025-05-12 11:37:36.952,PENDING,34E,SpiceJet,MAA,DEL,2026-04-18 14:44:41.702,2026-04-18 15:36:41.702,52.0,0.8666666666666667,52.0,0.0,Valid,PAY1646,10012.48,NETBANKING,Ananya,Mishra,32,M,58**********,+9************,an***********************,Unknown,31-45,2025-05
B1736,e7c39412523d8efa559edb6f28acdd154dbe16ba18f8dab0afeea3e4ab42e006,SJ224,2026-01-26 11:37:36.952,CONFIRMED,28E,SpiceJet,DEL,MAA,2026-04-18 12:41:41.703,2026-04-18 15:33:41.703,172.0,2.8666666666666667,172.0,0.0,Valid,PAY1020,6802.73,NETBANKING,Muhammad,Naidu,42,M,26**********,+9************,mu****************************,Unknown,31-45,2026-01
B1736,e7c39412523d8efa559edb6f28acdd154dbe16ba18f8dab0afeea3e4ab42e006,SJ224,2026-01-26 11:37:36.952,CONFIRMED,28E,SpiceJet,DEL,MAA,2026-04-18 12:41:41.703,2026-04-18 15:33:41.703,172.0,2.8666666666666667,172.0,0.0,Valid,PAY1446,1787.85,CARD,Muhammad,Naidu,42,M,26**********,+9************,mu****************************,Unknown,31-45,2026-01
B1737,61c7785b723e9eeaf6effd5f5cef092f29f2c1764a0738be4ec9ec230c0a4872,UK038,2025-06-11 11:37:36.952,CONFIRMED,1E,Vistara,MAA,CCU,2026-04-18 12:22:41.701,2026-04-18 15:31:41.701,189.0,3.15,189.0,0.0,Valid,PAY1617,12049.41,CARD,Anika,Ghosh,4,M,65**********,+9************,an**********************,Unknown,Under 18,2025-06
B1738,9e9cdc2bf4b91e70025e63cc7ea079b158f64e6d9631a7cc43556b9c29593df6,SJ220,2025-08-14 11:37:36.952,PENDING,27B,SpiceJet,BOM,CCU,2026-04-18 13:45:41.703,2026-04-18 15:21:41.703,96.0,1.6,96.0,0.0,Valid,PAY1001,8457.96,NETBANKING,Reyansh,Patel,86,F,38**********,+9************,re***********************,Unknown,60+,2025-08
B1738,9e9cdc2bf4b91e70025e63cc7ea079b158f64e6d9631a7cc43556b9c29593df6,SJ220,2025-08-14 11:37:36.952,PENDING,27B,SpiceJet,BOM,CCU,2026-04-18 13:45:41.703,2026-04-18 15:21:41.703,96.0,1.6,96.0,0.0,Valid,PAY1150,7204.52,CARD,Reyansh,Patel,86,F,38**********,+9************,re***********************,Unknown,60+,2025-08
B1738,9e9cdc2bf4b91e70025e63cc7ea079b158f64e6d9631a7cc43556b9c29593df6,SJ220,2025-08-14 11:37:36.952,PENDING,27B,SpiceJet,BOM,CCU,2026-04-18 13:45:41.703,2026-04-18 15:21:41.703,96.0,1.6,96.0,0.0,Valid,PAY1978,10340.66,NETBANKING,Reyansh,Patel,86,F,38**********,+9************,re***********************,Unknown,60+,2025-08
B1739,e958f2dc756a3c1c4d30f40512bdcd9baf35851950e7e1014c5429fad541b219,6F124,2025-06-29 11:37:36.952,CANCELLED,34F,IndiGo,BLR,BOM,2026-04-18 10:47:41.702,2026-04-18 15:21:41.702,274.0,4.566666666666666,274.0,0.0,Valid,PAY1944,8263.32,UPI,Shaurya,Sharma,87,M,67**********,+9************,sh************************,Unknown,60+,2025-06
B1740,afd81ec419f86cb4489130cd42d84f23b6fba17ab902661d11149968be4e16da,SJ164,2025-11-16 11:37:36.952,CONFIRMED,14D,SpiceJet,CCU,MAA,2026-04-18 13:14:41.703,2026-04-18 15:14:42.000,120.00495,2.0000825,120.0,0.004949999999993793,Valid,,,,Riya,Sharma,27,M,29**********,+9************,ri*******************,Unknown,18-30,2025-11
B1741,2244667f8f0e743ad64e69773549c10f24ec562186584437d06aade905076416,AI026,2025-05-18 11:37:36.952,PENDING,18E,Air India,DEL,BOM,2026-04-18 14:14:41.701,2026-04-18 15:13:41.701,59.0,0.9833333333333333,59.0,0.0,Valid,PAY1343,4483.43,UPI,Ishaan,Khan,65,M,58**********,+9************,is************************,Unknown,60+,2025-05
B1742,2300988a2e179648451303b5288c8a4e2de25daf44d18e59b0f864cb00f24f4e,6F144,2025-09-14 11:37:36.952,PENDING,16D,IndiGo,HYD,BOM,2026-04-18 11:56:41.702,2026-04-18 15:11:41.702,195.0,3.25,195.0,0.0,Valid,,,,Saanvi,Ghosh,2,M,35**********,+9************,sa**********************,Unknown,Under 18,2025-09
B1743,5aadc6c083027b2b87c4aecc6767c86098104772d3a66d0dda11ab4cd031b0b5,6F137,2025-11-21 11:37:36.952,Unknown,6F,IndiGo,CCU,DEL,2026-04-18 10:45:41.702,2026-04-18 15:01:41.702,256.0,4.266666666666667,256.0,0.0,Valid,PAY1295,4062.36,NETBANKING,Riya,Gupta,62,F,76**********,+9************,ri******************,Unknown,60+,2025-11
B1744,370a5d9b1e3c152abd94138f869cda838b8cbfee5c965e3d0343efe0bebe74d5,UK139,2025-09-05 11:37:36.952,CANCELLED,10A,Vistara,BLR,MAA,2026-04-18 10:54:41.703,2026-04-18 14:31:41.703,217.0,3.6166666666666667,217.0,0.0,Valid,PAY1289,9225.17,CARD,Shaurya,Banerjee,4,F,71**********,+9************,sh*************************,Unknown,Under 18,2025-09
B1745,b9c3c485ab3ab0dcda11120fd6a81621479eb013cec7b53ac5b9f8cd2e0006d5,UK139,2025-05-20 11:37:36.952,CONFIRMED,27B,Vistara,BLR,MAA,2026-04-18 10:54:41.703,2026-04-18 14:31:41.703,217.0,3.6166666666666667,217.0,0.0,Valid,PAY1396,10889.16,NETBANKING,Myra,Banerjee,47,F,33**********,+9************,my**********************,Unknown,46-60,2025-05
B1746,3335200f8c13730ce3ea39e3d6099320f25e1b2be89a55f4666f7d507c45c594,SJ140,2025-08-31 11:37:36.952,CONFIRMED,34D,SpiceJet,HYD,DEL,2026-04-18 10:42:41.702,2026-04-18 14:30:41.702,228.0,3.8,228.0,0.0,Valid,,,,Ishaan,Sharma,2,M,55**********,+9************,is*********************,Unknown,Under 18,2025-08
B1747,e0c4ae7c95c83413b3810dd2b7255fcbf8bf407eef7a1b01f21fc01e0d1b73e1,6F131,2025-04-20 11:37:36.952,CONFIRMED,9F,IndiGo,BLR,HYD,2026-04-18 10:22:41.702,2026-04-18 14:20:41.702,238.0,3.966666666666667,238.0,0.0,Valid,,,,Muhammad,Singh,19,M,21**********,+9************,mu************************,Unknown,18-30,2025-04
B1748,2160872f2e614a13bff2e81412b0948c5fdc0e77ddbb5981e2fc4ff99c926561,UK128,2025-11-15 11:37:36.952,PENDING,9A,Vistara,BOM,CCU,2026-04-18 11:22:41.702,2026-04-18 14:11:41.702,169.0,2.816666666666667,169.0,0.0,Valid,PAY1636,13170.94,UPI,Sai,Banerjee,54,M,85**********,+9************,sa********************,Unknown,46-60,2025-11
B1749,6613c11bef2f73d9c12f23614a08b0db2e5ce7955b24d9c36106912af1ec814a,SJ219,2026-02-19 11:37:36.952,CONFIRMED,23D,SpiceJet,BOM,DEL,2026-04-18 09:32:41.703,2026-04-18 14:09:41.703,277.0,4.616666666666666,277.0,0.0,Valid,,,,Anika,Iyer,12,F,72**********,+9************,an*******************,Unknown,Under 18,2026-02
B1750,24fc7c6096a40eed288c35c622b441eb6bbde8a9aec94edb595f67cc2e17b907,SJ159,2025-09-21 11:37:36.952,PENDING,33D,SpiceJet,CCU,DEL,2026-04-18 12:22:41.703,2026-04-18 14:05:41.703,103.0,1.7166666666666666,103.0,0.0,Valid,,,,Ishaan,Banerjee,8,M,43**********,+9************,is*************************,Unknown,Under 18,2025-09
B1751,7367c04f5225397375bd5fdbf583232e6c813b63fac8efd4b7f203061fd3d10f,UK192,2025-09-19 11:37:36.952,CONFIRMED,17E,Vistara,HYD,DEL,2026-04-18 12:54:41.703,2026-04-18 13:54:42.000,60.00495,1.0000825,60.0,0.004950000000000898,Valid,PAY1410,14391.99,UPI,Anika,Ghosh,63,M,72**********,+9************,an*************************,Unknown,60+,2025-09
B1752,da273dc1a032c58510a0f5c40b7fb445a2c5d7764c0948ba9af184c805cbed4f,AI014,2025-08-13 11:37:36.952,CANCELLED,34F,Air India,HYD,MAA,2026-04-18 10:24:41.701,2026-04-18 13:51:41.701,207.0,3.45,207.0,0.0,Valid,,,,Ananya,Joshi,62,F,12**********,+9************,an**********************,Unknown,60+,2025-08
B1753,2af52ca08bb9fbb89df00853ffc63d8669d9d91595d5543e8e0537bbcce1272d,SJ152,2025-08-08 11:37:36.952,CANCELLED,5C,SpiceJet,BOM,DEL,2026-04-18 12:09:41.702,2026-04-18 13:50:41.702,101.0,1.6833333333333333,101.0,0.0,Valid,PAY1670,4016.57,UPI,Aditya,Pillai,81,F,50*********,+9************,ad***********************,Unknown,60+,2025-08
B1754,e60442d25bc5f693c6cfc0937063c635de3a5baf3a0221977d97fdfdb824e54b,SJ060,2026-02-11 11:37:36.952,PENDING,3C,SpiceJet,HYD,CCU,2026-04-18 08:51:41.701,2026-04-18 13:46:41.701,295.0,4.916666666666667,295.0,0.0,Valid,PAY1741,12013.34,UPI,Ira,Naidu,75,M,91**********,+9************,ir*******************,Unknown,60+,2026-02
B1755,214570e8e57cbbedb0b4b324f9d19943a962fe8291da22434f634a5989e07f18,AI127,2026-02-17 11:37:36.952,CANCELLED,10F,Air India,DEL,HYD,2026-04-18 10:37:41.702,2026-04-18 13:45:41.702,188.0,3.1333333333333333,188.0,0.0,Valid,PAY1028,4760.39,CARD,Riya,Verma,44,M,13**********,+9************,ri***********************,Unknown,31-45,2026-02
B1756,df5b29f2ff7bba8607f3a0e88336de8a46fdaface5e5b3177310f9a192d55512,SJ096,2026-01-27 11:37:36.952,PENDING,11F,SpiceJet,DEL,HYD,2026-04-18 10:29:41.702,2026-04-18 13:45:41.702,196.0,3.2666666666666666,196.0,0.0,Valid,PAY1677,,NETBANKING,Ishaan,Agarwal,70,F,37**********,+9************,is************************,Unknown,60+,2026-01
B1757,ead35841a79fee2737d8873b15d094d44e54d831f202fb3ddc4fa84ae3ebb6ad,AI215,2025-04-24 11:37:36.952,PENDING,22B,Air India,BLR,DEL,2026-04-18 12:07:41.703,2026-04-18 13:43:41.703,96.0,1.6,96.0,0.0,Valid,PAY1630,1608.39,CARD,Ananya,Khan,36,F,55**********,+9************,an*************************,Unknown,31-45,2025-04
B1758,79bfd5dc59b585de98a96bc123673a45df114171ea2f649f20cdb96008c54d3e,UK009,2026-02-28 11:37:36.952,CANCELLED,26B,Vistara,BOM,DEL,2026-04-18 11:34:41.701,2026-04-18 13:41:41.701,127.0,2.1166666666666667,127.0,0.0,Valid,PAY1502,8260.94,NETBANKING,Aadhya,Verma,88,F,32**********,+9************,aa********************,Unknown,60+,2026-02
B1759,070c4bb71150965a2eb0e9679d4faa62494d101fb20b461e34dcec7b51ea5414,AI171,2025-10-26 11:37:36.952,PENDING,16F,Air India,MAA,BLR,2026-04-18 10:51:41.703,2026-04-18 13:34:41.703,163.0,2.716666666666667,163.0,0.0,Valid,PAY1619,2656.83,UPI,Ishaan,Naidu,74,M,80*********,+9************,is**********************,Unknown,60+,2025-10
B1759,070c4bb71150965a2eb0e9679d4faa62494d101fb20b461e34dcec7b51ea5414,AI171,2025-10-26 11:37:36.952,PENDING,16F,Air India,MAA,BLR,2026-04-18 10:51:41.703,2026-04-18 13:34:41.703,163.0,2.716666666666667,163.0,0.0,Valid,PAY1820,8269.17,UPI,Ishaan,Naidu,74,M,80*********,+9************,is**********************,Unknown,60+,2025-10
B1760,d7883315352f12fa20d6c19c3f82874e6c989873552679c898d43df7c276fcec,UK151,2026-01-14 11:37:36.952,CANCELLED,31B,Vistara,BOM,CCU,2026-04-18 10:11:41.703,2026-04-18 13:30:41.703,199.0,3.316666666666667,199.0,0.0,Valid,PAY1070,12133.03,NETBANKING,Riya,Chatterjee,59,M,11**********,+9************,ri****************************,Unknown,46-60,2026-01
B1761,acaa798e8ab832a8831bc3b9ff7b7ad8e4926ab6ecfe3615f68d17b4df47976f,AI099,2025-05-22 11:37:36.952,CONFIRMED,15A,Air India,BLR,BOM,2026-04-18 11:07:41.702,2026-04-18 13:29:41.702,142.0,2.3666666666666667,142.0,0.0,Valid,PAY1158,13916.72,UPI,Aadhya,Naidu,60,F,14*********,+9************,aa********************,Unknown,46-60,2025-05
B1761,acaa798e8ab832a8831bc3b9ff7b7ad8e4926ab6ecfe3615f68d17b4df47976f,AI099,2025-05-22 11:37:36.952,CONFIRMED,15A,Air India,BLR,BOM,2026-04-18 11:07:41.702,2026-04-18 13:29:41.702,142.0,2.3666666666666667,142.0,0.0,Valid,PAY1158,13916.72,UPI,Aadhya,Naidu,60,F,86**********,+9************,aa********************,Unknown,46-60,2025-05
B1761,acaa798e8ab832a8831bc3b9ff7b7ad8e4926ab6ecfe3615f68d17b4df47976f,AI099,2025-05-22 11:37:36.952,CONFIRMED,15A,Air India,BLR,BOM,2026-04-18 11:07:41.702,2026-04-18 13:29:41.702,142.0,2.3666666666666667,142.0,0.0,Valid,PAY1293,5266.12,NETBANKING,Aadhya,Naidu,60,F,14*********,+9************,aa********************,Unknown,46-60,2025-05
B1761,acaa798e8ab832a8831bc3b9ff7b7ad8e4926ab6ecfe3615f68d17b4df47976f,AI099,2025-05-22 11:37:36.952,CONFIRMED,15A,Air India,BLR,BOM,2026-04-18 11:07:41.702,2026-04-18 13:29:41.702,142.0,2.3666666666666667,142.0,0.0,Valid,PAY1293,5266.12,NETBANKING,Aadhya,Naidu,60,F,86**********,+9************,aa********************,Unknown,46-60,2025-05
B1761,acaa798e8ab832a8831bc3b9ff7b7ad8e4926ab6ecfe3615f68d17b4df47976f,AI099,2025-05-22 11:37:36.952,CONFIRMED,15A,Air India,BLR,BOM,2026-04-18 11:07:41.702,2026-04-18 13:29:41.702,142.0,2.3666666666666667,142.0,0.0,Valid,PAY1420,12083.73,CARD,Aadhya,Naidu,60,F,14*********,+9************,aa********************,Unknown,46-60,2025-05
B1761,acaa798e8ab832a8831bc3b9ff7b7ad8e4926ab6ecfe3615f68d17b4df47976f,AI099,2025-05-22 11:37:36.952,CONFIRMED,15A,Air India,BLR,BOM,2026-04-18 11:07:41.702,2026-04-18 13:29:41.702,142.0,2.3666666666666667,142.0,0.0,Valid,PAY1420,12083.73,CARD,Aadhya,Naidu,60,F,86**********,+9************,aa********************,Unknown,46-60,2025-05
B1761,acaa798e8ab832a8831bc3b9ff7b7ad8e4926ab6ecfe3615f68d17b4df47976f,AI099,2025-05-22 11:37:36.952,CONFIRMED,15A,Air India,BLR,BOM,2026-04-18 11:07:41.702,2026-04-18 13:29:41.702,142.0,2.3666666666666667,142.0,0.0,Valid,PAY1846,4405.82,NETBANKING,Aadhya,Naidu,60,F,14*********,+9************,aa********************,Unknown,46-60,2025-05
B1761,acaa798e8ab832a8831bc3b9ff7b7ad8e4926ab6ecfe3615f68d17b4df47976f,AI099,2025-05-22 11:37:36.952,CONFIRMED,15A,Air India,BLR,BOM,2026-04-18 11:07:41.702,2026-04-18 13:29:41.702,142.0,2.3666666666666667,142.0,0.0,Valid,PAY1846,4405.82,NETBANKING,Aadhya,Naidu,60,F,86**********,+9************,aa********************,Unknown,46-60,2025-05
B1762,499e7285cc098ec708ff0827412797bc0639092672141320cf102be85b3a672f,UK050,2025-06-04 11:37:36.952,CONFIRMED,32B,Vistara,BOM,DEL,2026-04-18 12:39:41.701,2026-04-18 13:18:41.701,39.0,0.65,39.0,0.0,Valid,PAY1292,2987.06,UPI,Shaurya,Mehta,85,F,61*********,+9************,sh***************************,Unknown,60+,2025-06
B1762,499e7285cc098ec708ff0827412797bc0639092672141320cf102be85b3a672f,UK050,2025-06-04 11:37:36.952,CONFIRMED,32B,Vistara,BOM,DEL,2026-04-18 12:39:41.701,2026-04-18 13:18:41.701,39.0,0.65,39.0,0.0,Valid,PAY1374,10910.07,NETBANKING,Shaurya,Mehta,85,F,61*********,+9************,sh***************************,Unknown,60+,2025-06
B1763,03175f6d9373fae95f71dc8c7d95e3ffa5e79c08a1daef004201db6dd42430bd,UK092,2025-10-06 11:37:36.952,CANCELLED,3B,Vistara,MAA,BLR,2026-04-18 11:42:41.702,2026-04-18 13:17:41.702,95.0,1.5833333333333333,95.0,0.0,Valid,PAY1488,,CARD,Arjun,Ghosh,41,M,45**********,+9************,ar**********************,Unknown,31-45,2025-10
B1764,5b46c230b44c531a908051bb6c234888e249b44a92f98d515e82e9fdf1fb71bf,SJ058,2025-06-20 11:37:36.952,CANCELLED,13B,SpiceJet,DEL,HYD,2026-04-18 08:58:41.701,2026-04-18 13:14:41.701,256.0,4.266666666666667,256.0,0.0,Valid,PAY1624,10528.45,NETBANKING,Ira,Agarwal,53,F,90**********,+9************,ir*********************,Unknown,46-60,2025-06
B1765,653cdfb1325933b24ada6db5a4afeff363cb0f52acd1f049ffaae98513b44a5e,SJ090,2025-12-21 11:37:36.952,CANCELLED,1C,SpiceJet,HYD,MAA,2026-04-18 10:24:41.702,2026-04-18 13:11:41.702,167.0,2.783333333333333,167.0,0.0,Valid,PAY1057,10025.41,UPI,Sara,Agarwal,19,F,46**********,+9************,sa*************************,Unknown,18-30,2025-12
B1765,653cdfb1325933b24ada6db5a4afeff363cb0f52acd1f049ffaae98513b44a5e,SJ090,2025-12-21 11:37:36.952,CANCELLED,1C,SpiceJet,HYD,MAA,2026-04-18 10:24:41.702,2026-04-18 13:11:41.702,167.0,2.783333333333333,167.0,0.0,Valid,PAY1399,13900.07,NETBANKING,Sara,Agarwal,19,F,46**********,+9************,sa*************************,Unknown,18-30,2025-12
B1766,11e337e7f9c993d8b3c88c25c9e2e9bbc27748902b1cdc5fb3f93994054d08bc,6F173,2025-09-07 11:37:36.952,CANCELLED,1F,IndiGo,BOM,CCU,2026-04-18 12:19:41.703,2026-04-18 13:08:41.703,49.0,0.8166666666666667,49.0,0.0,Valid,,,,Riya,Naidu,10,M,32**********,+9************,ri******************,Unknown,Under 18,2025-09
B1767,3e07b24d68cceb8f5990bbe9ddead6b3884030d562f4a7d373834ee6a19c26ce,AI186,2025-11-19 11:37:36.952,CONFIRMED,6D,Air India,DEL,BOM,2026-04-18 11:11:41.703,2026-04-18 13:05:41.703,114.0,1.9,114.0,0.0,Valid,PAY1037,5997.12,UPI,Aadhya,Chatterjee,1,M,54**********,+9************,aa**************************,Unknown,Under 18,2025-11
B1767,3e07b24d68cceb8f5990bbe9ddead6b3884030d562f4a7d373834ee6a19c26ce,AI186,2025-11-19 11:37:36.952,CONFIRMED,6D,Air India,DEL,BOM,2026-04-18 11:11:41.703,2026-04-18 13:05:41.703,114.0,1.9,114.0,0.0,Valid,PAY1536,4465.09,UPI,Aadhya,Chatterjee,1,M,54**********,+9************,aa**************************,Unknown,Under 18,2025-11
B1768,09d9f20b170cb65e13df0168ee65b5e40907a45c66b98230f59d7dd60c63a13a,AI130,2026-03-23 11:37:36.952,PENDING,13C,Air India,BOM,BLR,2026-04-18 10:18:41.702,2026-04-18 12:59:41.702,161.0,2.683333333333333,161.0,0.0,Valid,PAY1939,2835.7,NETBANKING,Aarav,Sharma,4,F,93**********,+9************,aa*************************,Unknown,Under 18,2026-03
B1768,09d9f20b170cb65e13df0168ee65b5e40907a45c66b98230f59d7dd60c63a13a,AI130,2026-03-23 11:37:36.952,PENDING,13C,Air India,BOM,BLR,2026-04-18 10:18:41.702,2026-04-18 12:59:41.702,161.0,2.683333333333333,161.0,0.0,Valid,PAY1939,2835.7,NETBANKING,Aarav,Shhharma,4,F,64**********,+9************,aa***************************,Unknown,Under 18,2026-03
B1769,bc683045521964cc94c27ae99da8e08e4629083220090d5554cb70c1e97832f6,SJ111,2025-11-23 11:37:36.952,Unknown,6F,SpiceJet,DEL,MAA,2026-04-18 11:47:41.702,2026-04-18 12:59:41.702,72.0,1.2,72.0,0.0,Valid,PAY1804,1168.88,CARD,Saanvi,Gupta,5,F,23**********,+9************,sa********************,Unknown,Under 18,2025-11
B1769,bc683045521964cc94c27ae99da8e08e4629083220090d5554cb70c1e97832f6,SJ111,2025-11-23 11:37:36.952,Unknown,6F,SpiceJet,DEL,MAA,2026-04-18 11:47:41.702,2026-04-18 12:59:41.702,72.0,1.2,72.0,0.0,Valid,PAY1861,1296.41,UPI,Saanvi,Gupta,5,F,23**********,+9************,sa********************,Unknown,Under 18,2025-11
B1770,8327c2ee1689aa6dc970de7411a1fbd55b93f654d304f70be74eabe49621e002,6F203,2025-08-04 11:37:36.952,CONFIRMED,8D,IndiGo,BLR,HYD,2026-04-18 11:05:41.703,2026-04-18 12:56:41.703,111.0,1.85,111.0,0.0,Valid,,,,Aadhya,das,34,M,66**********,+9************,aa******************,Unknown,31-45,2025-08
B1770,8327c2ee1689aa6dc970de7411a1fbd55b93f654d304f70be74eabe49621e002,6F203,2025-08-04 11:37:36.952,CONFIRMED,8D,IndiGo,BLR,HYD,2026-04-18 11:05:41.703,2026-04-18 12:56:41.703,111.0,1.85,111.0,0.0,Valid,,,,Aadhya,Das,34,M,17**********,+9************,aa******************,Unknown,31-45,2025-08
B1771,07b5816b6b729469de051b69faedb1ac6ebf19a846845c130c0eb96ee1b79a88,6F138,2025-05-24 11:37:36.952,PENDING,1F,IndiGo,HYD,BLR,2026-04-18 09:49:41.702,2026-04-18 12:53:41.702,184.0,3.066666666666667,184.0,0.0,Valid,PAY1943,6761.89,NETBANKING,Arjun,Kulkarni,26,F,51**********,+9************,ar**********************,Unknown,18-30,2025-05
B1772,8827f01ea81cde4c6fa53dba33d2ae9301c138d84422893db8d51fadaa58f6e1,6F109,2025-08-29 11:37:36.952,Unknown,10B,IndiGo,BLR,BOM,2026-04-18 12:00:41.702,2026-04-18 12:51:41.702,51.0,0.85,51.0,0.0,Valid,,,,Reyansh,Pillai,49,F,88**********,+9************,re*************************,Unknown,46-60,2025-08
B1773,11e7405e976ffe2fd78666cff7c08b5698c1ab4dc4b8917abe86e0e24ee45002,AI074,2026-01-01 11:37:36.952,PENDING,16E,Air India,CCU,BOM,2026-04-18 12:03:41.702,2026-04-18 12:50:41.702,47.0,0.7833333333333333,47.0,0.0,Valid,PAY1176,11699.42,NETBANKING,Ishaan,Banerjee,62,M,25**********,+9************,is**************************,Unknown,60+,2026-01
B1774,29b50a0cf1005354bee43ac4169f609fce2718c926a49545f42418af74a1306a,UK161,2026-01-07 11:37:36.952,CANCELLED,1B,Vistara,BLR,BOM,2026-04-18 10:05:41.703,2026-04-18 12:48:41.703,163.0,2.716666666666667,163.0,0.0,Valid,,,,Arjun,Agarwal,12,M,96**********,+9************,ar**************************,Unknown,Under 18,2026-01
B1775,dc8011c04d95da8562c51fdfb92dc4d19e6f865742bc5f706bbb420e4da47fcc,AI008,2025-06-19 11:37:36.952,CANCELLED,14B,Air India,BOM,CCU,2026-04-18 10:43:41.701,2026-04-18 12:43:42.000,120.00498333333333,2.0000830555555553,120.0,0.004983333333328233,Valid,PAY1442,13185.54,UPI,Ananya,Pillai,14,F,24**********,+9************,an**********************,Unknown,Under 18,2025-06
B1775,dc8011c04d95da8562c51fdfb92dc4d19e6f865742bc5f706bbb420e4da47fcc,AI008,2025-06-19 11:37:36.952,CANCELLED,14B,Air India,BOM,CCU,2026-04-18 10:43:41.701,2026-04-18 12:43:42.000,120.00498333333333,2.0000830555555553,120.0,0.004983333333328233,Valid,PAY1442,13185.54,UPI,AnanyaPillai,Unknown,14,F,26**********,+9************,an***************************,Unknown,Under 18,2025-06
B1776,070c4bb71150965a2eb0e9679d4faa62494d101fb20b461e34dcec7b51ea5414,UK121,2025-12-27 11:37:36.952,CANCELLED,17A,Vistara,BLR,BOM,2026-04-18 08:36:41.702,2026-04-18 12:36:41.702,240.0,4.0,240.0,0.0,Valid,PAY1632,8385.89,CARD,Ishaan,Naidu,74,M,80*********,+9************,is**********************,Unknown,60+,2025-12
B1776,070c4bb71150965a2eb0e9679d4faa62494d101fb20b461e34dcec7b51ea5414,UK121,2025-12-27 11:37:36.952,CANCELLED,17A,Vistara,BLR,BOM,2026-04-18 08:36:41.702,2026-04-18 12:36:41.702,240.0,4.0,240.0,0.0,Valid,PAY1703,8306.25,UPI,Ishaan,Naidu,74,M,80*********,+9************,is**********************,Unknown,60+,2025-12
B1777,9985af7cd23dbc3b0b3d6d654015391b8f54314efe44e9f3501c1b8821178042,6F154,2025-04-26 11:37:36.952,CONFIRMED,11A,IndiGo,CCU,DEL,2026-04-18 11:26:41.703,2026-04-18 12:23:41.703,57.0,0.95,57.0,0.0,Valid,PAY1270,9927.3,UPI,Myra,Kulkarni,24,M,61**********,+9************,my***************************,Unknown,18-30,2025-04
B1778,b56dbde0e0be2b561f40b96027c685159781a84b10adca21d650d985af9ada1e,6F161,2025-08-01 11:37:36.952,CONFIRMED,10D,IndiGo,MAA,DEL,2026-04-18 11:24:41.703,2026-04-18 12:21:41.703,57.0,0.95,57.0,0.0,Valid,,,,Arjun,Nair,25,M,46**********,+9************,ar********************,Unknown,18-30,2025-08
B1779,d75a676921b0b5ba379cbf71c9d5375969007807daae094e5449add02f6f5e55,6F153,2026-02-01 11:37:36.952,PENDING,22B,IndiGo,CCU,BLR,2026-04-18 08:23:41.703,2026-04-18 12:20:41.703,237.0,3.95,237.0,0.0,Valid,PAY1405,8876.97,UPI,Ira,Patel,11,F,12*********,+9************,ir*******************,Unknown,Under 18,2026-02
B1780,d1a1bf1d8dd5ff9e5e33bd3693b9717147d2f499df1369ae6c49644bcaa6d610,6F225,2026-02-10 11:37:36.952,PENDING,11B,IndiGo,HYD,CCU,2026-04-18 07:33:41.704,2026-04-18 12:12:41.704,279.0,4.65,279.0,0.0,Valid,,,,Sara,Singh,71,M,23*********,+9************,sa******************,Unknown,60+,2026-02
B1781,4247c8365843695e9cf30d3275a93985871cdb957c8a5ea6dd92e44287754911,AI191,2026-02-09 11:37:36.952,PENDING,18C,Air India,BLR,MAA,2026-04-18 07:57:41.703,2026-04-18 11:58:41.703,241.0,4.016666666666667,241.0,0.0,Valid,,,,Vivaan,Agarwal,33,M,35**********,+9************,vi*************************,Unknown,31-45,2026-02
B1782,64f53d7e7225fc3d64f3f6540d1a810613c211b2494cdf30765f96cf586355c3,AI218,2025-08-18 11:37:36.952,CONFIRMED,25F,Air India,BOM,CCU,2026-04-18 08:55:41.703,2026-04-18 11:55:41.703,180.0,3.0,180.0,0.0,Valid,PAY1511,4755.95,NETBANKING,Diya,Ghosh,21,F,55**********,+9************,di******************,Unknown,18-30,2025-08
B1783,09d9f20b170cb65e13df0168ee65b5e40907a45c66b98230f59d7dd60c63a13a,6F267,2025-09-28 11:37:36.952,PENDING,25D,IndiGo,DEL,MAA,2026-04-18 07:56:41.703,2026-04-18 11:49:41.703,233.0,3.8833333333333333,233.0,0.0,Valid,PAY1556,8201.65,NETBANKING,Aarav,Sharma,4,F,93**********,+9************,aa*************************,Unknown,Under 18,2025-09
B1783,09d9f20b170cb65e13df0168ee65b5e40907a45c66b98230f59d7dd60c63a13a,6F267,2025-09-28 11:37:36.952,PENDING,25D,IndiGo,DEL,MAA,2026-04-18 07:56:41.703,2026-04-18 11:49:41.703,233.0,3.8833333333333333,233.0,0.0,Valid,PAY1556,8201.65,NETBANKING,Aarav,Shhharma,4,F,64**********,+9************,aa***************************,Unknown,Under 18,2025-09
B1784,704f2f60253518efc14299ff656eb4988280160e8ddf10b534a049233fcfa873,UK125,2025-08-20 11:37:36.952,CANCELLED,1B,Vistara,HYD,BOM,2026-04-18 06:58:41.702,2026-04-18 11:44:41.702,286.0,4.766666666666667,286.0,0.0,Valid,PAY1562,1577.5,UPI,Saanvi,Singh,62,M,20**********,+9************,sa*************************,Unknown,60+,2025-08
B1785,604c9afd067fac61e2daa8a506a2030f2d8c48a0c123a8b1750c198b0cf829c3,6F208,2025-08-19 11:37:36.952,PENDING,1B,IndiGo,CCU,BOM,2026-04-18 08:27:41.703,2026-04-18 11:34:41.703,187.0,3.1166666666666667,187.0,0.0,Valid,PAY1265,2489.15,UPI,Krishna,Singh,82,F,28*********,+9************,kr***********************,Unknown,60+,2025-08
B1786,5601c71b94b41720a92b86c2520a6d04c5491ffb8752f889898611516c318484,6F119,2026-02-12 11:37:36.952,CANCELLED,26B,IndiGo,DEL,BOM,2026-04-18 09:19:41.702,2026-04-18 11:33:41.702,134.0,2.2333333333333334,134.0,0.0,Valid,PAY1977,14801.3,CARD,Myra,Joshi,8,M,59**********,+9************,my********************,Unknown,Under 18,2026-02
B1787,ea2b1af5291e12c0c2611bb064e78be7b194642f34f2e9ff47c1ae8e4c81c7bc,AI063,2025-07-11 11:37:36.952,CONFIRMED,1E,Air India,HYD,BLR,2026-04-18 07:03:41.701,2026-04-18 11:26:41.701,263.0,4.383333333333334,263.0,0.0,Valid,PAY1040,4567.25,CARD,Saanvi,Naidu,30,F,92**********,+9************,sa*********************,Unknown,18-30,2025-07
B1787,ea2b1af5291e12c0c2611bb064e78be7b194642f34f2e9ff47c1ae8e4c81c7bc,AI063,2025-07-11 11:37:36.952,CONFIRMED,1E,Air India,HYD,BLR,2026-04-18 07:03:41.701,2026-04-18 11:26:41.701,263.0,4.383333333333334,263.0,0.0,Valid,PAY1203,6253.45,UPI,Saanvi,Naidu,30,F,92**********,+9************,sa*********************,Unknown,18-30,2025-07
B1787,ea2b1af5291e12c0c2611bb064e78be7b194642f34f2e9ff47c1ae8e4c81c7bc,AI063,2025-07-11 11:37:36.952,CONFIRMED,1E,Air India,HYD,BLR,2026-04-18 07:03:41.701,2026-04-18 11:26:41.701,263.0,4.383333333333334,263.0,0.0,Valid,PAY1869,2509.98,CARD,Saanvi,Naidu,30,F,92**********,+9************,sa*********************,Unknown,18-30,2025-07
B1788,479494608e848a1d5d0d63f7eca2960cb719fa53a73d3843775867fd73e68570,UK016,2025-06-05 11:37:36.952,CANCELLED,2B,Vistara,DEL,CCU,2026-04-18 10:42:41.701,2026-04-18 11:22:41.701,40.0,0.6666666666666666,40.0,0.0,Valid,,,,Sai,Pillai,68,F,69**********,+9************,sa********************,Unknown,60+,2025-06
B1789,1beed7d23e2d1c4909736ea917fc62445217e0090173c58c386af3e43d18ba28,6F048,2026-01-13 11:37:36.952,CANCELLED,30F,IndiGo,HYD,DEL,2026-04-18 10:27:41.701,2026-04-18 11:18:41.701,51.0,0.85,51.0,0.0,Valid,PAY1650,11758.27,NETBANKING,Sai,Ghosh,2,F,99**********,+9************,sa*****************,Unknown,Under 18,2026-01
B1790,593fee80959859d7d383c3e69ce7c146283f30f8e4abba15916346fcac056ee8,6F266,2025-04-23 11:37:36.952,CANCELLED,28A,IndiGo,CCU,MAA,2026-04-18 09:49:41.703,2026-04-18 11:17:41.703,88.0,1.4666666666666666,88.0,0.0,Valid,PAY1144,1700.5,CARD,Myra,Agarwal,62,F,14**********,+9************,my*************************,Unknown,60+,2025-04
B1790,593fee80959859d7d383c3e69ce7c146283f30f8e4abba15916346fcac056ee8,6F266,2025-04-23 11:37:36.952,CANCELLED,28A,IndiGo,CCU,MAA,2026-04-18 09:49:41.703,2026-04-18 11:17:41.703,88.0,1.4666666666666666,88.0,0.0,Valid,PAY1425,3271.3,CARD,Myra,Agarwal,62,F,14**********,+9************,my*************************,Unknown,60+,2025-04
B1791,b4fdf273d54b2ade5506a89ba09603e0594ca44b488621e16852cbc787ac395d,AI167,2026-02-24 11:37:36.952,CONFIRMED,3C,Air India,BLR,DEL,2026-04-18 06:43:41.703,2026-04-18 11:10:41.703,267.0,4.45,267.0,0.0,Valid,,,,Arjun,Sharma,46,F,31*********,+9************,ar********************,Unknown,46-60,2026-02
B1792,856bbb0eb3f62ba53d9232d061765401395111a87959203e6a069e16a3df57fd,6F165,2026-01-17 11:37:36.952,CONFIRMED,8E,IndiGo,BLR,BOM,2026-04-18 10:11:41.703,2026-04-18 11:09:41.703,58.0,0.9666666666666667,58.0,0.0,Valid,,,,Ira,Reddy,82,M,87**********,+9************,ir*****************,Unknown,60+,2026-01
B1793,9585a6fe9fdeb56c2583cf346135f842c524d064c6d136b701ea94cc32f44710,SJ104,2025-11-25 11:37:36.952,CONFIRMED,14C,SpiceJet,HYD,DEL,2026-04-18 10:00:41.702,2026-04-18 11:00:42.000,60.00496666666666,1.0000827777777777,60.0,0.004966666666661013,Valid,PAY1294,12515.25,NETBANKING,Shaurya,Joshi,64,M,60**********,+9************,sh************************,Unknown,60+,2025-11
B1794,048c0b96060f4d3b4701bde452d4b9f8fd255421f16e96394f39d7a6660db18c,UK160,2025-06-26 11:37:36.952,CONFIRMED,8D,Vistara,BLR,BOM,2026-04-18 06:42:41.703,2026-04-18 10:58:41.703,256.0,4.266666666666667,256.0,0.0,Valid,,,,Myra,Khan,38,F,85*********,+9************,my**********************,Unknown,31-45,2025-06
B1795,9feaf3cbcf88f00a6be9a5b871e6dd47c6bee76eb8c5a751689bb4c97a8023e4,UK160,2026-03-21 11:37:36.952,PENDING,9C,Vistara,BLR,BOM,2026-04-18 06:42:41.703,2026-04-18 10:58:41.703,256.0,4.266666666666667,256.0,0.0,Valid,PAY1045,11714.65,CARD,Ananya,Pillai,4,F,86**********,+9************,an*********************,Unknown,Under 18,2026-03
B1796,592a57960e97968130e17ea1674c5e746a86ff2626425d1c4d1c0ac8160ce884,SJ230,2025-11-28 11:37:36.952,CONFIRMED,9B,SpiceJet,BOM,CCU,2026-04-18 06:22:41.704,2026-04-18 10:57:41.704,275.0,4.583333333333333,275.0,0.0,Valid,,,,Aditya,Ghosh,88,F,11**********,+9************,ad*********************,Unknown,60+,2025-11
B1797,7d6e0117236bb59cdc989b4cc6f3dadf97dabbbefd1f8558ff0907ca3c56d895,AI042,2025-06-03 11:37:36.952,CANCELLED,1A,Air India,CCU,DEL,2026-04-18 09:53:41.701,2026-04-18 10:57:41.701,64.0,1.0666666666666667,64.0,0.0,Valid,,,,Ishaan,Iyer,24,M,21**********,+9************,is**********************,Unknown,18-30,2025-06
B1798,9f2f59aa1afc6e3ea30f02b73476f19278f1836a70249a7315963ed68f307055,UK197,2025-05-16 11:37:36.952,CONFIRMED,23E,Vistara,BLR,HYD,2026-04-18 09:22:41.703,2026-04-18 10:54:41.703,92.0,1.5333333333333334,92.0,0.0,Valid,PAY1018,,CARD,Ishaan,Mishra,24,M,97**********,+9************,is*********************,Unknown,18-30,2025-05
B1798,9f2f59aa1afc6e3ea30f02b73476f19278f1836a70249a7315963ed68f307055,UK197,2025-05-16 11:37:36.952,CONFIRMED,23E,Vistara,BLR,HYD,2026-04-18 09:22:41.703,2026-04-18 10:54:41.703,92.0,1.5333333333333334,92.0,0.0,Valid,PAY1535,14793.78,UPI,Ishaan,Mishra,24,M,97**********,+9************,is*********************,Unknown,18-30,2025-05
B1799,a8d3a0706b90b36155c04d4b89075e41c3b938d6e766092b6952382382ae7676,AI107,2026-02-05 11:37:36.952,PENDING,16E,Air India,HYD,CCU,2026-04-18 10:03:41.702,2026-04-18 10:49:41.702,46.0,0.7666666666666667,46.0,0.0,Valid,,,,Aadhya,Naidu,33,F,91**********,+9************,aa*********************,Unknown,31-45,2026-02
B1800,0669854a969bcd54ef9b4e00cea98eac24127874b83cb68a2b9c141578eac258,SJ128,2025-08-22 11:37:36.952,PENDING,7F,SpiceJet,CCU,BLR,2026-04-18 07:39:41.702,2026-04-18 10:42:41.702,183.0,3.05,183.0,0.0,Valid,PAY1335,4478.56,NETBANKING,Ishaan,Banerjee,47,F,78**********,+9************,is*************************,Unknown,46-60,2025-08
B1801,f0260781fb2aba4e4277a4959cefacd2211aef405843b1b72f148059b1d4d91e,6F121,2026-04-14 11:37:36.952,PENDING,34F,IndiGo,HYD,MAA,2026-04-18 05:44:41.702,2026-04-18 10:42:41.702,298.0,4.966666666666667,298.0,0.0,Valid,,,,Aarav,Singh,21,F,69**********,+9************,aa*************************,Unknown,18-30,2026-04
B1802,9238aed697b53737552fb13265a728aa7c4afa319dee6756640baac14e5946db,AI111,2025-06-30 11:37:36.952,Unknown,16B,Air India,MAA,CCU,2026-04-18 07:40:41.702,2026-04-18 10:39:41.702,179.0,2.9833333333333334,179.0,0.0,Valid,PAY1054,2072.55,UPI,Ananya,Mehta,84,F,16**********,+9************,an********************,Unknown,60+,2025-06
B1803,360aedd4c530685d1e43c10ce4c08b4b058c3d72906b4d4ddc621c898663fb49,SJ137,2026-02-21 11:37:36.952,CONFIRMED,24F,SpiceJet,CCU,DEL,2026-04-18 06:08:41.702,2026-04-18 10:14:41.702,246.0,4.1,246.0,0.0,Valid,PAY1965,5663.2,UPI,Kavya,Chatterjee,59,F,24**********,+9************,ka*****************************,Unknown,46-60,2026-02
B1804,677104faba0eb37cf9fc7912e402bb55962271b7b600ba163c03b6446ac91de4,AI232,2025-11-12 11:37:36.952,CONFIRMED,1F,Air India,DEL,BLR,2026-04-18 06:43:41.704,2026-04-18 10:13:41.704,210.0,3.5,210.0,0.0,Valid,PAY1881,9496.04,UPI,Vivaan,Singh,35,M,93**********,+9************,vi*************************,Unknown,31-45,2025-11
B1805,9585a6fe9fdeb56c2583cf346135f842c524d064c6d136b701ea94cc32f44710,SJ113,2025-10-26 11:37:36.952,CONFIRMED,14B,SpiceJet,BLR,BOM,2026-04-18 08:10:41.702,2026-04-18 10:10:42.000,120.00496666666666,2.0000827777777777,120.0,0.004966666666661013,Valid,PAY1220,,CARD,Shaurya,Joshi,64,M,60**********,+9************,sh************************,Unknown,60+,2025-10
B1806,7f7a4a05ac7584dc445b403e3f3476be43426f7f0889117eb963af5f8bb1d4c5,AI117,2025-08-02 11:37:36.952,CANCELLED,17A,Air India,HYD,BLR,2026-04-18 08:18:41.702,2026-04-18 10:09:41.702,111.0,1.85,111.0,0.0,Valid,PAY1686,14488.78,NETBANKING,Kavya,Khan,28,F,39**********,+9************,ka********************,Unknown,18-30,2025-08
B1807,1da5ced675158aae1330e1b276fb9f70b0e2d9ca7441caf3321cabac534484ba,6F185,2025-06-28 11:37:36.952,CANCELLED,12C,IndiGo,CCU,DEL,2026-04-18 07:49:41.703,2026-04-18 10:08:41.703,139.0,2.316666666666667,139.0,0.0,Valid,PAY1188,1759.8,UPI,Ira,Verma,41,F,75**********,+9************,ir*****************,Unknown,31-45,2025-06
B1808,0179073eea13ca752a402c44f3c114d2f7d66509a2002d8ceaa4c35a155f86aa,AI194,2026-01-26 11:37:36.952,PENDING,3B,Air India,MAA,BLR,2026-04-18 05:09:41.703,2026-04-18 09:38:41.703,269.0,4.483333333333333,269.0,0.0,Valid,,,,Ira,Nair,51,F,41**********,+9************,ir**********************,Unknown,46-60,2026-01
B1809,69439960bbccf2a6815cbefbc75c9ef207538300e4957acf44d36871752a1f41,UK045,2026-04-09 11:37:36.952,PENDING,13B,Vistara,MAA,HYD,2026-04-18 07:43:41.701,2026-04-18 09:28:41.701,105.0,1.75,105.0,0.0,Valid,PAY1770,2114.98,CARD,Arjun,Singh,43,M,37**********,+9************,ar**********************,Unknown,31-45,2026-04
B1809,69439960bbccf2a6815cbefbc75c9ef207538300e4957acf44d36871752a1f41,UK045,2026-04-09 11:37:36.952,PENDING,13B,Vistara,MAA,HYD,2026-04-18 07:43:41.701,2026-04-18 09:28:41.701,105.0,1.75,105.0,0.0,Valid,PAY1770,2114.98,CARD,ArjunSingh,Unknown,43,M,44**********,+9************,ar*************************,Unknown,31-45,2026-04
B1810,a965c821df17a512bfcddb4713aabf5da605a30c3b3e016e047f14523f413b2f,6F228,2026-03-20 11:37:36.952,CONFIRMED,34B,IndiGo,HYD,MAA,2026-04-18 04:36:41.704,2026-04-18 09:27:41.704,291.0,4.85,291.0,0.0,Valid,,,,Reyansh,Reddy,48,M,98**********,+9************,re*********************,Unknown,46-60,2026-03
B1811,20e09fcd1bcdf6adcace35266b8c3d44d1b16ac792d199846a07ecfb1f4d5dd1,SJ190,2026-04-04 11:37:36.952,CANCELLED,25A,SpiceJet,BOM,CCU,2026-04-18 04:57:41.703,2026-04-18 09:25:41.703,268.0,4.466666666666667,268.0,0.0,Valid,PAY1202,9625.29,NETBANKING,Sai,Chatterjee,69,F,55**********,+9************,sa************************,Unknown,60+,2026-04
B1812,ffd7386b5130f996a8724381641ace5b1cff4a853c1553378584a30f244d5d3d,AI156,2026-01-06 11:37:36.952,CANCELLED,8A,Air India,CCU,BOM,2026-04-18 07:39:41.703,2026-04-18 09:22:41.703,103.0,1.7166666666666666,103.0,0.0,Valid,PAY1192,1736.99,UPI,Reyansh,Joshi,19,M,79**********,+9************,re*********************,Unknown,18-30,2026-01
B1813,448e628481ab8a8379ecc20c077dc8fe5c213bd5675ccb10c8e3ae3be06e316e,AI104,2025-04-21 11:37:36.952,Unknown,9D,Air India,MAA,HYD,2026-04-18 07:35:41.702,2026-04-18 09:20:41.702,105.0,1.75,105.0,0.0,Valid,,,,Diya,Joshi,32,M,70**********,+9************,di********************,Unknown,31-45,2025-04
B1814,67bd11a206eac494c3ee8e3d36126c731ac5750467ea07b569f985a27e5c9729,UK033,2025-06-22 11:37:36.952,CONFIRMED,26C,Vistara,HYD,DEL,2026-04-18 04:34:41.701,2026-04-18 09:18:41.701,284.0,4.733333333333333,284.0,0.0,Valid,PAY1142,8653.51,UPI,Reyansh,Mishra,8,F,48**********,+9************,re***************************,Unknown,Under 18,2025-06
B1814,67bd11a206eac494c3ee8e3d36126c731ac5750467ea07b569f985a27e5c9729,UK033,2025-06-22 11:37:36.952,CONFIRMED,26C,Vistara,HYD,DEL,2026-04-18 04:34:41.701,2026-04-18 09:18:41.701,284.0,4.733333333333333,284.0,0.0,Valid,PAY1702,1286.68,UPI,Reyansh,Mishra,8,F,48**********,+9************,re***************************,Unknown,Under 18,2025-06
B1815,b3e6d1ab51a6c1534788e4eb16a6c052c8bdf5dbbb9b409228f6f9687c117684,UK137,2025-05-01 11:37:36.952,PENDING,3C,Vistara,BOM,MAA,2026-04-18 07:04:41.703,2026-04-18 09:14:41.703,130.0,2.1666666666666665,130.0,0.0,Valid,PAY1667,4905.53,NETBANKING,Shaurya,Agarwal,60,M,39**********,+9************,sh*****************************,Unknown,46-60,2025-05
B1815,b3e6d1ab51a6c1534788e4eb16a6c052c8bdf5dbbb9b409228f6f9687c117684,UK137,2025-05-01 11:37:36.952,PENDING,3C,Vistara,BOM,MAA,2026-04-18 07:04:41.703,2026-04-18 09:14:41.703,130.0,2.1666666666666665,130.0,0.0,Valid,PAY1794,1450.31,UPI,Shaurya,Agarwal,60,M,39**********,+9************,sh*****************************,Unknown,46-60,2025-05
B1816,e34d7953edffb5aa7d573df25e747cf0750e426691648d08082ee9d74512c5f9,UK214,2025-06-21 11:37:36.952,PENDING,20F,Vistara,HYD,DEL,2026-04-18 05:30:41.704,2026-04-18 09:10:41.704,220.0,3.6666666666666665,220.0,0.0,Valid,PAY1249,,NETBANKING,Aditya,Naidu,18,M,28**********,+9************,ad**********************,Unknown,Under 18,2025-06
B1816,e34d7953edffb5aa7d573df25e747cf0750e426691648d08082ee9d74512c5f9,UK214,2025-06-21 11:37:36.952,PENDING,20F,Vistara,HYD,DEL,2026-04-18 05:30:41.704,2026-04-18 09:10:41.704,220.0,3.6666666666666665,220.0,0.0,Valid,PAY1879,4762.94,UPI,Aditya,Naidu,18,M,28**********,+9************,ad**********************,Unknown,Under 18,2025-06
B1817,9e2f9c24c28060dfb0d26c450d358ff0a1919faefff2cb04462ad2ef0384b5af,6F033,2025-06-07 11:37:36.952,PENDING,28D,IndiGo,DEL,HYD,2026-04-18 07:08:41.701,2026-04-18 09:08:41.701,120.0,2.0,120.0,0.0,Valid,PAY1544,11252.26,NETBANKING,Saanvi,Das,71,F,34*********,+9************,sa***********************,Unknown,60+,2025-06
B1817,9e2f9c24c28060dfb0d26c450d358ff0a1919faefff2cb04462ad2ef0384b5af,6F033,2025-06-07 11:37:36.952,PENDING,28D,IndiGo,DEL,HYD,2026-04-18 07:08:41.701,2026-04-18 09:08:41.701,120.0,2.0,120.0,0.0,Valid,PAY1637,7766.36,CARD,Saanvi,Das,71,F,34*********,+9************,sa***********************,Unknown,60+,2025-06
B1818,3becf5df47bdff1dce63de3a38197a771e8c19aa38bef135b1a459eec32e1105,AI114,2025-11-07 11:37:36.952,CONFIRMED,26B,Air India,CCU,DEL,2026-04-18 07:48:41.702,2026-04-18 09:03:41.702,75.0,1.25,75.0,0.0,Valid,PAY1025,4317.72,NETBANKING,Reyansh,Khan,60,M,28**********,+9************,re**********************,Unknown,46-60,2025-11
B1819,120b27eb84582f377b5f050d3db3c581e073d05d4a308369ec0e71d4364d324b,AI017,2026-01-19 11:37:36.952,CONFIRMED,21E,Air India,CCU,BOM,2026-04-18 05:15:41.701,2026-04-18 08:48:41.701,213.0,3.55,213.0,0.0,Valid,,,,Aditya,Kulkarni,24,M,27**********,+9************,ad*************************,Unknown,18-30,2026-01
B1820,e1688c6ebc004780bcad9096d26756199cbe40862ca62d8e2d77c7a2f82d0a5d,6F244,2025-12-01 11:37:36.952,PENDING,18E,IndiGo,MAA,CCU,2026-04-18 07:07:41.704,2026-04-18 08:31:41.704,84.0,1.4,84.0,0.0,Valid,PAY1123,7609.63,UPI,Ishaan,Patel,60,M,18**********,+9************,is********************,Unknown,46-60,2025-12
B1820,e1688c6ebc004780bcad9096d26756199cbe40862ca62d8e2d77c7a2f82d0a5d,6F244,2025-12-01 11:37:36.952,PENDING,18E,IndiGo,MAA,CCU,2026-04-18 07:07:41.704,2026-04-18 08:31:41.704,84.0,1.4,84.0,0.0,Valid,PAY1901,14865.24,UPI,Ishaan,Patel,60,M,18**********,+9************,is********************,Unknown,46-60,2025-12
B1821,a8424e40f58a8f17525741e7a40184f0f28afe975a639be8591ff86e6fea896f,6F160,2025-11-27 11:37:36.952,PENDING,1C,IndiGo,MAA,BLR,2026-04-18 04:09:41.703,2026-04-18 08:26:41.703,257.0,4.283333333333333,257.0,0.0,Valid,PAY1513,5390.05,UPI,Riya,Mishra,13,F,62**********,+9************,ri*******************,Unknown,Under 18,2025-11
B1821,a8424e40f58a8f17525741e7a40184f0f28afe975a639be8591ff86e6fea896f,6F160,2025-11-27 11:37:36.952,PENDING,1C,IndiGo,MAA,BLR,2026-04-18 04:09:41.703,2026-04-18 08:26:41.703,257.0,4.283333333333333,257.0,0.0,Valid,PAY1657,,UPI,Riya,Mishra,13,F,62**********,+9************,ri*******************,Unknown,Under 18,2025-11
B1821,a8424e40f58a8f17525741e7a40184f0f28afe975a639be8591ff86e6fea896f,6F160,2025-11-27 11:37:36.952,PENDING,1C,IndiGo,MAA,BLR,2026-04-18 04:09:41.703,2026-04-18 08:26:41.703,257.0,4.283333333333333,257.0,0.0,Valid,PAY1748,,CARD,Riya,Mishra,13,F,62**********,+9************,ri*******************,Unknown,Under 18,2025-11
B1822,2a83efe6c04452bc9e1eac7659666fc1e2ef8b35ba2aa9dbe5e67d44c035a4d9,6F088,2026-01-05 11:37:36.952,CANCELLED,17D,IndiGo,CCU,BLR,2026-04-18 05:51:41.702,2026-04-18 08:22:41.702,151.0,2.5166666666666666,151.0,0.0,Valid,PAY1391,7545.61,NETBANKING,Reyansh,Mehta,16,F,28*********,+9************,re*********************,Unknown,Under 18,2026-01
B1823,4a6add987cf788a4b9d925cf7495e0b62399b75355bfea4e79eeb1b51656f843,6F155,2025-11-26 11:37:36.952,CANCELLED,19E,IndiGo,DEL,BLR,2026-04-18 07:47:41.703,2026-04-18 08:20:41.703,33.0,0.55,33.0,0.0,Valid,PAY1349,7854.23,UPI,Arjun,Agarwal,66,M,21**********,+9************,ar***********************,Unknown,60+,2025-11
B1824,d63e39fef866b582f833b5b8f1530f88b3f009a5a2a58f85bd8084715dbe2dcb,AI095,2026-04-15 11:37:36.952,PENDING,9B,Air India,DEL,MAA,2026-04-18 05:00:41.702,2026-04-18 08:18:41.702,198.0,3.3,198.0,0.0,Valid,PAY1452,10599.9,CARD,Krishna,Verma,75,M,97**********,+9************,kr************************,Unknown,60+,2026-04
B1825,39d03c4167d7676d221533e473f0d21870452dfa5c4ba1cac63e2c5696ebf8b0,6F139,2025-05-17 11:37:36.952,PENDING,5E,IndiGo,HYD,MAA,2026-04-18 04:55:41.702,2026-04-18 08:17:41.702,202.0,3.3666666666666667,202.0,0.0,Valid,PAY1733,5950.28,CARD,Sara,Verma,63,F,11**********,+9************,sa*******************,Unknown,60+,2025-05
B1826,9c0013f4322332d261239555dffec69c06732e935d1aee087ffda938caa7c7ab,6F101,2025-07-11 11:37:36.952,CANCELLED,19A,IndiGo,BOM,MAA,2026-04-18 03:18:41.702,2026-04-18 08:15:41.702,297.0,4.95,297.0,0.0,Valid,PAY1413,5128.12,CARD,Ishaan,Banerjee,42,F,25**********,+9************,is****************************,Unknown,31-45,2025-07
B1827,e3645aceaf7263fa768480a43ba4286e60fa254f986bb1b251864417b42f1c9c,AI054,2025-06-23 11:37:36.952,PENDING,20D,Air India,HYD,CCU,2026-04-18 03:44:41.701,2026-04-18 08:10:41.701,266.0,4.433333333333334,266.0,0.0,Valid,PAY1427,12661.75,UPI,Aditya,Khan,86,M,51**********,+9************,ad*********************,Unknown,60+,2025-06
B1827,e3645aceaf7263fa768480a43ba4286e60fa254f986bb1b251864417b42f1c9c,AI054,2025-06-23 11:37:36.952,PENDING,20D,Air India,HYD,CCU,2026-04-18 03:44:41.701,2026-04-18 08:10:41.701,266.0,4.433333333333334,266.0,0.0,Valid,PAY1783,13802.23,NETBANKING,Aditya,Khan,86,M,51**********,+9************,ad*********************,Unknown,60+,2025-06
B1828,d1a1bf1d8dd5ff9e5e33bd3693b9717147d2f499df1369ae6c49644bcaa6d610,SJ094,2025-05-18 11:37:36.952,CANCELLED,25B,SpiceJet,MAA,HYD,2026-04-18 03:23:41.702,2026-04-18 08:07:41.702,284.0,4.733333333333333,284.0,0.0,Valid,PAY1226,9418.44,UPI,Sara,Singh,71,M,23*********,+9************,sa******************,Unknown,60+,2025-05
B1829,71fc9efcf34b34c06caf917fe6fa53b81133b60a7a7c7779e94702f1341eae8b,6F217,2026-01-15 11:37:36.952,CANCELLED,4E,IndiGo,BLR,BOM,2026-04-18 05:13:41.704,2026-04-18 08:01:41.704,168.0,2.8,168.0,0.0,Valid,PAY1470,4847.06,CARD,Vivaan,Chatterjee,24,M,20**********,+9************,vi*************************,Unknown,18-30,2026-01
B1830,1da5ced675158aae1330e1b276fb9f70b0e2d9ca7441caf3321cabac534484ba,6F100,2026-04-15 11:37:36.952,CANCELLED,23C,IndiGo,BOM,BLR,2026-04-18 04:40:41.702,2026-04-18 07:49:41.702,189.0,3.15,189.0,0.0,Valid,PAY1303,12651.33,CARD,Ira,Verma,41,F,75**********,+9************,ir*****************,Unknown,31-45,2026-04
B1831,10760f5869cb3300ef931074f9a321622460186725400f7051c238775eac7953,6F081,2026-02-05 11:37:36.952,CONFIRMED,21C,IndiGo,MAA,BLR,2026-04-18 06:04:41.702,2026-04-18 07:43:41.702,99.0,1.65,99.0,0.0,Valid,PAY1063,12421.49,CARD,Diya,Naidu,62,F,33**********,+9************,di*********************,Unknown,60+,2026-02
B1831,10760f5869cb3300ef931074f9a321622460186725400f7051c238775eac7953,6F081,2026-02-05 11:37:36.952,CONFIRMED,21C,IndiGo,MAA,BLR,2026-04-18 06:04:41.702,2026-04-18 07:43:41.702,99.0,1.65,99.0,0.0,Valid,PAY1713,13574.02,CARD,Diya,Naidu,62,F,33**********,+9************,di*********************,Unknown,60+,2026-02
B1832,7a8dbeb399925db31777ed6db9dc78ee45725d2407faffa8b8c9caf4aaf355f7,SJ156,2025-06-17 11:37:36.952,CONFIRMED,4D,SpiceJet,BOM,DEL,2026-04-18 06:59:41.703,2026-04-18 07:34:41.703,35.0,0.5833333333333334,35.0,0.0,Valid,PAY1645,11197.41,NETBANKING,Sara,Agarwal,38,M,49**********,+9************,sa**************************,Unknown,31-45,2025-06
B1833,ffd7386b5130f996a8724381641ace5b1cff4a853c1553378584a30f244d5d3d,6F060,2025-06-07 11:37:36.952,PENDING,27D,IndiGo,DEL,BLR,2026-04-18 05:29:41.701,2026-04-18 07:29:42.000,120.00498333333333,2.0000830555555553,120.0,0.004983333333328233,Valid,PAY1862,5872.19,UPI,Reyansh,Joshi,19,M,79**********,+9************,re*********************,Unknown,18-30,2025-06
B1834,61864ff2276be466a69ab1a9b45c546576ecb6da65cdcc0c9639a94034459d6e,UK129,2025-08-14 11:37:36.952,CANCELLED,33E,Vistara,HYD,MAA,2026-04-18 06:29:41.702,2026-04-18 07:29:42.000,60.00496666666666,1.0000827777777777,60.0,0.004966666666661013,Valid,PAY1958,7570.53,NETBANKING,Aditya,Mehta,23,M,18*********,+9************,ad**********************,Unknown,18-30,2025-08
B1835,080a17634682e71ccff40216f33d1db23888846acac37c1bcd92906b217651d1,UK032,2026-02-07 11:37:36.952,CONFIRMED,2E,Vistara,BLR,BOM,2026-04-18 03:31:41.701,2026-04-18 07:28:41.701,237.0,3.95,237.0,0.0,Valid,,,,Ira,Banerjee,29,M,15**********,+9************,ir***********************,Unknown,18-30,2026-02
B1836,344b1186310b77f634c517ebc362e73d1cb88d8e5d694dc75479b5ded6baa922,AI166,2025-09-23 11:37:36.952,PENDING,13A,Air India,BOM,CCU,2026-04-18 04:20:41.703,2026-04-18 07:23:41.703,183.0,3.05,183.0,0.0,Valid,,,,Kavya,Singh,86,M,76**********,+9************,ka*******************,Unknown,60+,2025-09
B1837,08cb2d3a1162156fae3f8de8547a4392bc4947f04eba00d88607c9bff433f76a,SJ056,2025-10-31 11:37:36.952,PENDING,22F,SpiceJet,HYD,DEL,2026-04-18 06:11:41.701,2026-04-18 07:10:41.701,59.0,0.9833333333333333,59.0,0.0,Valid,PAY1697,14269.72,UPI,Krishna,Banerjee,18,M,17**********,+9************,kr************************,Unknown,Under 18,2025-10
B1837,08cb2d3a1162156fae3f8de8547a4392bc4947f04eba00d88607c9bff433f76a,SJ056,2025-10-31 11:37:36.952,PENDING,22F,SpiceJet,HYD,DEL,2026-04-18 06:11:41.701,2026-04-18 07:10:41.701,59.0,0.9833333333333333,59.0,0.0,Valid,PAY1772,14270.18,NETBANKING,Krishna,Banerjee,18,M,17**********,+9************,kr************************,Unknown,Under 18,2025-10
B1837,08cb2d3a1162156fae3f8de8547a4392bc4947f04eba00d88607c9bff433f76a,SJ056,2025-10-31 11:37:36.952,PENDING,22F,SpiceJet,HYD,DEL,2026-04-18 06:11:41.701,2026-04-18 07:10:41.701,59.0,0.9833333333333333,59.0,0.0,Valid,PAY1996,10803.01,NETBANKING,Krishna,Banerjee,18,M,17**********,+9************,kr************************,Unknown,Under 18,2025-10
B1838,b24576ecd2ed6403ddcd31b778d1bbb7344f6a124efad807c9397688faa70322,SJ101,2025-06-12 11:37:36.952,PENDING,18F,SpiceJet,CCU,DEL,2026-04-18 05:17:41.702,2026-04-18 06:57:41.702,100.0,1.6666666666666667,100.0,0.0,Valid,,,,Shaurya,Agarwal,12,M,34**********,+9************,sh***********************,Unknown,Under 18,2025-06
B1839,88f7f4237aee189269417ac81c4f97a2e3ac25262ca5a762f39b765660e4cc46,SJ065,2025-05-09 11:37:36.952,PENDING,9C,SpiceJet,MAA,BLR,2026-04-18 04:10:41.701,2026-04-18 06:54:41.701,164.0,2.7333333333333334,164.0,0.0,Valid,PAY1041,11811.63,UPI,Sai,Reddy,20,F,83**********,+9************,sa*****************,Unknown,18-30,2025-05
B1839,88f7f4237aee189269417ac81c4f97a2e3ac25262ca5a762f39b765660e4cc46,SJ065,2025-05-09 11:37:36.952,PENDING,9C,SpiceJet,MAA,BLR,2026-04-18 04:10:41.701,2026-04-18 06:54:41.701,164.0,2.7333333333333334,164.0,0.0,Valid,PAY1304,4984.54,CARD,Sai,Reddy,20,F,83**********,+9************,sa*****************,Unknown,18-30,2025-05
B1840,a0c25461e64548f72466c7b41f7c1ce11519b24093f5c3c8768a5d448cc49500,SJ100,2025-04-19 11:37:36.952,PENDING,34A,SpiceJet,MAA,BLR,2026-04-18 03:28:41.702,2026-04-18 06:50:41.702,202.0,3.3666666666666667,202.0,0.0,Valid,PAY1042,7085.2,CARD,Kavya,Pillai,1,F,71**********,+9************,ka***********************,Unknown,Under 18,2025-04
B1841,2300988a2e179648451303b5288c8a4e2de25daf44d18e59b0f864cb00f24f4e,UK011,2025-10-24 11:37:36.952,CANCELLED,1E,Vistara,CCU,DEL,2026-04-18 04:41:41.701,2026-04-18 06:25:41.701,104.0,1.7333333333333334,104.0,0.0,Valid,,,,Saanvi,Ghosh,2,M,35**********,+9************,sa**********************,Unknown,Under 18,2025-10
B1842,a41aa336bdc7df1d3bea1213766b0634d96c32553c29944da7da1b2c140dbf6f,6F062,2026-02-17 11:37:36.952,PENDING,3B,IndiGo,CCU,DEL,2026-04-18 04:55:41.701,2026-04-18 06:22:41.701,87.0,1.45,87.0,0.0,Valid,PAY1319,1998.52,UPI,Vivaan,Naidu,30,M,87**********,+9************,vi*************************,Unknown,18-30,2026-02
B1842,a41aa336bdc7df1d3bea1213766b0634d96c32553c29944da7da1b2c140dbf6f,6F062,2026-02-17 11:37:36.952,PENDING,3B,IndiGo,CCU,DEL,2026-04-18 04:55:41.701,2026-04-18 06:22:41.701,87.0,1.45,87.0,0.0,Valid,PAY1873,7815.3,NETBANKING,Vivaan,Naidu,30,M,87**********,+9************,vi*************************,Unknown,18-30,2026-02
B1843,f2263e28156d59f14eeba4506859687fe65b088df07c14a0ab56af2a77f09d65,SJ176,2025-08-15 11:37:36.952,CANCELLED,23E,SpiceJet,DEL,BOM,2026-04-18 04:15:41.703,2026-04-18 06:17:41.703,122.0,2.033333333333333,122.0,0.0,Valid,PAY1314,4159.73,CARD,Riya,Patel,13,M,75**********,+9************,ri******************,Unknown,Under 18,2025-08
B1843,f2263e28156d59f14eeba4506859687fe65b088df07c14a0ab56af2a77f09d65,SJ176,2025-08-15 11:37:36.952,CANCELLED,23E,SpiceJet,DEL,BOM,2026-04-18 04:15:41.703,2026-04-18 06:17:41.703,122.0,2.033333333333333,122.0,0.0,Valid,PAY1558,1488.32,UPI,Riya,Patel,13,M,75**********,+9************,ri******************,Unknown,Under 18,2025-08
B1844,61f8803a3134263d8bfec218adc0e2c08d82dee956fdd3bd3fee819009604317,6F120,2025-11-26 11:37:36.952,CONFIRMED,3B,IndiGo,BLR,BOM,2026-04-18 05:14:41.702,2026-04-18 06:14:41.702,60.0,1.0,60.0,0.0,Valid,PAY1244,,CARD,Myra,Patel,26,M,46**********,+9************,my*******************,Unknown,18-30,2025-11
B1844,61f8803a3134263d8bfec218adc0e2c08d82dee956fdd3bd3fee819009604317,6F120,2025-11-26 11:37:36.952,CONFIRMED,3B,IndiGo,BLR,BOM,2026-04-18 05:14:41.702,2026-04-18 06:14:41.702,60.0,1.0,60.0,0.0,Valid,PAY1938,7078.61,NETBANKING,Myra,Patel,26,M,46**********,+9************,my*******************,Unknown,18-30,2025-11
B1845,9fca29bf66969aa3fdb96b272c6b766185937f5a27ffffdc97de71a222add84d,AI121,2026-03-05 11:37:36.952,PENDING,24A,Air India,HYD,MAA,2026-04-18 02:42:41.702,2026-04-18 06:11:41.702,209.0,3.4833333333333334,209.0,0.0,Valid,PAY1364,3147.85,UPI,Ananya,Banerjee,46,M,73**********,+9************,an***********************,Unknown,46-60,2026-03
B1846,202a18c1cead1aefca4dd10f410a8f34d3810987db2370d290f9b59362b79bd0,UK072,2025-08-30 11:37:36.952,CONFIRMED,34F,Vistara,BOM,BLR,2026-04-18 02:55:41.702,2026-04-18 05:55:42.000,180.0049666666667,3.000082777777778,180.0,0.004966666666689434,Valid,PAY1338,8100.01,UPI,Diya,Kulkarni,89,F,87**********,+9************,di************************,Unknown,60+,2025-08
B1846,202a18c1cead1aefca4dd10f410a8f34d3810987db2370d290f9b59362b79bd0,UK072,2025-08-30 11:37:36.952,CONFIRMED,34F,Vistara,BOM,BLR,2026-04-18 02:55:41.702,2026-04-18 05:55:42.000,180.0049666666667,3.000082777777778,180.0,0.004966666666689434,Valid,PAY1338,8100.01,UPI,DiyaKulkarni,Unknown,89,F,52**********,+9************,di*************************,Unknown,60+,2025-08
B1847,d5169308ce3fd20e529e3b94cc846e5723dbadb54b0c69af7ceb2713f60c1692,AI006,2026-04-06 11:37:36.952,CANCELLED,11B,Air India,BOM,BLR,2026-04-18 03:04:41.701,2026-04-18 05:54:41.701,170.0,2.8333333333333335,170.0,0.0,Valid,PAY1222,10999.02,UPI,Muhammad,Das,36,F,43**********,+9************,mu**********************,Unknown,31-45,2026-04
B1848,907899adc7befe7a3cf0c0e78d12864b7810bfac2e943f81733ef0096b7819b0,SJ231,2025-05-19 11:37:36.952,CANCELLED,30D,SpiceJet,DEL,BLR,2026-04-18 04:23:41.704,2026-04-18 05:48:41.704,85.0,1.4166666666666667,85.0,0.0,Valid,PAY1014,1779.42,UPI,Ananya,Pillai,77,F,31**********,+9************,an**************************,Unknown,60+,2025-05
B1848,907899adc7befe7a3cf0c0e78d12864b7810bfac2e943f81733ef0096b7819b0,SJ231,2025-05-19 11:37:36.952,CANCELLED,30D,SpiceJet,DEL,BLR,2026-04-18 04:23:41.704,2026-04-18 05:48:41.704,85.0,1.4166666666666667,85.0,0.0,Valid,PAY1401,4902.58,UPI,Ananya,Pillai,77,F,31**********,+9************,an**************************,Unknown,60+,2025-05
B1849,b6212904303d11c84dc00f8f5c6098f40ef16b4cfe72e0e8f527f43238cbd88b,SJ129,2025-06-24 11:37:36.952,Unknown,12E,SpiceJet,CCU,BOM,2026-04-18 01:48:41.702,2026-04-18 05:48:41.702,240.0,4.0,240.0,0.0,Valid,,,,Saanvi,Reddy,69,M,34**********,+9************,sa********************,Unknown,60+,2025-06
B1850,63ff9a7aafe8e1502d79cbc2a0aaf193c7229e868ce267edd25e9b512881765b,6F110,2025-04-21 11:37:36.952,PENDING,33B,IndiGo,HYD,DEL,2026-04-18 02:27:41.702,2026-04-18 05:48:41.702,201.0,3.35,201.0,0.0,Valid,PAY1072,7542.02,CARD,Reyansh,Mishra,19,M,25*********,+9************,re**********************,Unknown,18-30,2025-04
B1850,63ff9a7aafe8e1502d79cbc2a0aaf193c7229e868ce267edd25e9b512881765b,6F110,2025-04-21 11:37:36.952,PENDING,33B,IndiGo,HYD,DEL,2026-04-18 02:27:41.702,2026-04-18 05:48:41.702,201.0,3.35,201.0,0.0,Valid,PAY1995,14670.86,NETBANKING,Reyansh,Mishra,19,M,25*********,+9************,re**********************,Unknown,18-30,2025-04
B1851,b80f0792f54b48b735169ad48fab43e1494809354d2a41baabde61a641586c52,6F231,2025-11-26 11:37:36.952,PENDING,2D,IndiGo,HYD,MAA,2026-04-18 01:16:41.704,2026-04-18 05:43:41.704,267.0,4.45,267.0,0.0,Valid,,,,Reyansh,Agarwal,44,F,29**********,+9************,re*************************,Unknown,31-45,2025-11
B1852,fdff1477af852fb0e86fc129c5b2510e9c5f6a722608ded739cdc6277962b28e,6F095,2025-08-09 11:37:36.952,CONFIRMED,33E,IndiGo,BLR,MAA,2026-04-18 01:53:41.702,2026-04-18 05:34:41.702,221.0,3.683333333333333,221.0,0.0,Valid,PAY1560,2491.83,CARD,Saanvi,Das,3,M,38**********,+9************,sa******************,Unknown,Under 18,2025-08
B1853,115f110efe2c65297179f84ceb6a5154ba53e08f2d9b5659b5417adaea4e61eb,UK054,2025-05-05 11:37:36.952,CONFIRMED,18F,Vistara,BLR,BOM,2026-04-18 00:37:41.701,2026-04-18 05:30:41.701,293.0,4.883333333333334,293.0,0.0,Valid,PAY1711,8948.88,NETBANKING,Diya,Das,2,M,13**********,+9************,di*******************,Unknown,Under 18,2025-05
B1854,34cb09016abab11b69dcee3588cddc1f6bf194d04269a66a7f3d5d152f0b98d5,SJ123,2025-08-10 11:37:36.952,CONFIRMED,29D,SpiceJet,BOM,CCU,2026-04-18 03:57:41.702,2026-04-18 05:25:41.702,88.0,1.4666666666666666,88.0,0.0,Valid,PAY1309,6004.76,NETBANKING,Myra,Reddy,2,F,23**********,+9************,my******************,Unknown,Under 18,2025-08
B1854,34cb09016abab11b69dcee3588cddc1f6bf194d04269a66a7f3d5d152f0b98d5,SJ123,2025-08-10 11:37:36.952,CONFIRMED,29D,SpiceJet,BOM,CCU,2026-04-18 03:57:41.702,2026-04-18 05:25:41.702,88.0,1.4666666666666666,88.0,0.0,Valid,PAY1486,14521.74,UPI,Myra,Reddy,2,F,23**********,+9************,my******************,Unknown,Under 18,2025-08
B1854,34cb09016abab11b69dcee3588cddc1f6bf194d04269a66a7f3d5d152f0b98d5,SJ123,2025-08-10 11:37:36.952,CONFIRMED,29D,SpiceJet,BOM,CCU,2026-04-18 03:57:41.702,2026-04-18 05:25:41.702,88.0,1.4666666666666666,88.0,0.0,Valid,PAY1554,10538.38,NETBANKING,Myra,Reddy,2,F,23**********,+9************,my******************,Unknown,Under 18,2025-08
B1854,34cb09016abab11b69dcee3588cddc1f6bf194d04269a66a7f3d5d152f0b98d5,SJ123,2025-08-10 11:37:36.952,CONFIRMED,29D,SpiceJet,BOM,CCU,2026-04-18 03:57:41.702,2026-04-18 05:25:41.702,88.0,1.4666666666666666,88.0,0.0,Valid,PAY1725,2278.95,UPI,Myra,Reddy,2,F,23**********,+9************,my******************,Unknown,Under 18,2025-08
B1855,87979b85c18377fa3ee43dd3364f334c31bb16b6c28c39aa06a0ace2b2bb137b,6F006,2026-01-04 11:37:36.952,PENDING,3D,IndiGo,BOM,BLR,2026-04-18 03:06:41.701,2026-04-18 05:06:42.000,120.00498333333333,2.0000830555555553,120.0,0.004983333333328233,Valid,PAY1015,12165.24,CARD,Ira,Das,46,F,88**********,+9************,ir*****************,Unknown,46-60,2026-01
B1855,87979b85c18377fa3ee43dd3364f334c31bb16b6c28c39aa06a0ace2b2bb137b,6F006,2026-01-04 11:37:36.952,PENDING,3D,IndiGo,BOM,BLR,2026-04-18 03:06:41.701,2026-04-18 05:06:42.000,120.00498333333333,2.0000830555555553,120.0,0.004983333333328233,Valid,PAY1795,9744.36,UPI,Ira,Das,46,F,88**********,+9************,ir*****************,Unknown,46-60,2026-01
B1856,222944dd62e3dd9a67e7a30b4bd1e9f2df5bc2874da2fdaa2a0c9d0dc0b3c6be,UK226,2025-05-04 11:37:36.952,PENDING,4E,Vistara,MAA,HYD,2026-04-18 03:58:41.704,2026-04-18 05:01:41.704,63.0,1.05,63.0,0.0,Valid,PAY1012,11604.48,CARD,Sai,Gupta,64,F,95**********,+9************,sa*****************,Unknown,60+,2025-05
B1856,222944dd62e3dd9a67e7a30b4bd1e9f2df5bc2874da2fdaa2a0c9d0dc0b3c6be,UK226,2025-05-04 11:37:36.952,PENDING,4E,Vistara,MAA,HYD,2026-04-18 03:58:41.704,2026-04-18 05:01:41.704,63.0,1.05,63.0,0.0,Valid,PAY1334,14055.6,NETBANKING,Sai,Gupta,64,F,95**********,+9************,sa*****************,Unknown,60+,2025-05
B1857,bb9132d26cbca0e016df03b78092d28936b000d4e484bc0e3b0a154484a240ed,AI065,2026-03-07 11:37:36.952,PENDING,17E,Air India,MAA,BLR,2026-04-18 00:09:41.701,2026-04-18 05:00:41.701,291.0,4.85,291.0,0.0,Valid,PAY1125,4516.22,NETBANKING,Reyansh,Singh,23,F,52**********,+9************,re*********************,Unknown,18-30,2026-03
B1857,bb9132d26cbca0e016df03b78092d28936b000d4e484bc0e3b0a154484a240ed,AI065,2026-03-07 11:37:36.952,PENDING,17E,Air India,MAA,BLR,2026-04-18 00:09:41.701,2026-04-18 05:00:41.701,291.0,4.85,291.0,0.0,Valid,PAY1819,13134.7,CARD,Reyansh,Singh,23,F,52**********,+9************,re*********************,Unknown,18-30,2026-03
B1858,28f3c2a8d2b4e70a54c280efe2a2d76a3e7523064fd65364d23f0a86d872cee7,6F008,2025-11-25 11:37:36.952,Unknown,10B,IndiGo,DEL,BOM,2026-04-18 00:14:41.701,2026-04-18 04:59:41.701,285.0,4.75,285.0,0.0,Valid,,,,Myra,Gupta,17,F,66********,+9************,my*********************,Unknown,Under 18,2025-11
B1858,28f3c2a8d2b4e70a54c280efe2a2d76a3e7523064fd65364d23f0a86d872cee7,6F008,2025-11-25 11:37:36.952,Unknown,10B,IndiGo,DEL,BOM,2026-04-18 00:14:41.701,2026-04-18 04:59:41.701,285.0,4.75,285.0,0.0,Valid,,,,myra,Gupta,17,F,45*********,+9************,my*******************,Unknown,Under 18,2025-11
B1859,1912700de81700fc229f08af6a55351ca14389ea0c0b682b5d98f7e43fd18f79,AI195,2025-11-11 11:37:36.952,PENDING,7B,Air India,CCU,MAA,2026-04-18 02:58:41.703,2026-04-18 04:57:41.703,119.0,1.9833333333333334,119.0,0.0,Valid,,,,Ananya,Das,53,F,65**********,+9************,an*******************,Unknown,46-60,2025-11
B1860,252b1f4fb0c859e1f5fe4dd3f39223ac31dff1968ab3d2b5930b6909e6d1777c,UK043,2025-08-01 11:37:36.952,Unknown,3A,Vistara,DEL,HYD,2026-04-18 00:48:41.701,2026-04-18 04:52:41.701,244.0,4.066666666666666,244.0,0.0,Valid,PAY1471,2531.6,UPI,Krishna,Iyer,17,M,18**********,+9************,kr********************,Unknown,Under 18,2025-08
B1860,252b1f4fb0c859e1f5fe4dd3f39223ac31dff1968ab3d2b5930b6909e6d1777c,UK043,2025-08-01 11:37:36.952,Unknown,3A,Vistara,DEL,HYD,2026-04-18 00:48:41.701,2026-04-18 04:52:41.701,244.0,4.066666666666666,244.0,0.0,Valid,PAY1515,6999.9,NETBANKING,Krishna,Iyer,17,M,18**********,+9************,kr********************,Unknown,Under 18,2025-08
B1861,547d9344fb2018b3014f8911219667d36401d2e162a40cb2f7f9302c1a662630,AI125,2025-10-15 11:37:36.952,CONFIRMED,25E,Air India,CCU,DEL,2026-04-18 01:12:41.702,2026-04-18 04:51:41.702,219.0,3.65,219.0,0.0,Valid,PAY1660,9044.04,UPI,Sai,Gupta,47,M,24**********,+9************,sa*******************,Unknown,46-60,2025-10
B1862,d73e5d2c4c0077f0ccf3bc7e6444253869a547ad76e2384dbb077ab6f1f0b439,AI089,2025-10-05 11:37:36.952,PENDING,21A,Air India,CCU,BOM,2026-04-18 04:05:41.702,2026-04-18 04:47:41.702,42.0,0.7,42.0,0.0,Valid,,,,Myra,Gupta,81,F,80**********,+9************,my*********************,Unknown,60+,2025-10
B1863,dab551ca1c235e7c6d058329449bfead01b12059fbaec69f65cd8414f170965d,UK019,2026-02-12 11:37:36.952,CONFIRMED,22C,Vistara,BOM,HYD,2026-04-18 03:41:41.701,2026-04-18 04:35:41.701,54.0,0.9,54.0,0.0,Valid,PAY1151,9857.74,NETBANKING,Diya,Nair,70,M,74**********,+9************,di*****************,Unknown,60+,2026-02
B1863,dab551ca1c235e7c6d058329449bfead01b12059fbaec69f65cd8414f170965d,UK019,2026-02-12 11:37:36.952,CONFIRMED,22C,Vistara,BOM,HYD,2026-04-18 03:41:41.701,2026-04-18 04:35:41.701,54.0,0.9,54.0,0.0,Valid,PAY1679,13070.93,CARD,Diya,Nair,70,M,74**********,+9************,di*****************,Unknown,60+,2026-02
B1864,013d99516c3b5284e05ed24e98fead9f9c3fc2ccc5886314c7ff6b72aa3a2482,UK078,2025-09-27 11:37:36.952,CANCELLED,22C,Vistara,BOM,HYD,2026-04-18 01:03:41.702,2026-04-18 04:32:41.702,209.0,3.4833333333333334,209.0,0.0,Valid,PAY1600,10081.04,UPI,Anika,Iyer,51,F,29**********,+9************,an******************,Unknown,46-60,2025-09
B1865,e0ba46c9a9df42b0b95915cf67847271e0c1452452258c8ba5a3f37c7bc2a982,SJ009,2025-07-28 11:37:36.952,CANCELLED,15E,SpiceJet,CCU,BLR,2026-04-18 02:48:41.701,2026-04-18 04:23:41.701,95.0,1.5833333333333333,95.0,0.0,Valid,PAY1474,11740.51,NETBANKING,Reyansh,Khan,64,M,42**********,+9************,re*********************,Unknown,60+,2025-07
B1866,977c3154ed97450c76e731cfa64c1b4071ddd7001d11e16f6425026abd815d64,UK178,2026-01-28 11:37:36.952,CONFIRMED,7A,Vistara,DEL,BLR,2026-04-17 23:41:41.703,2026-04-18 04:09:41.703,268.0,4.466666666666667,268.0,0.0,Valid,PAY1892,4987.99,NETBANKING,Krishna,Mehta,4,M,55*********,+9************,kr**************************,Unknown,Under 18,2026-01
B1867,6db11620a17d5f39a6f4f347ad59e54eab82425e10237ae79bae9fc7f0c73224,UK018,2025-11-23 11:37:36.952,CONFIRMED,13D,Vistara,BOM,CCU,2026-04-18 02:15:41.701,2026-04-18 04:08:41.701,113.0,1.8833333333333333,113.0,0.0,Valid,PAY1431,8158.17,NETBANKING,Kavya,Nair,87,M,88**********,+9************,ka******************,Unknown,60+,2025-11
B1868,b946ce82312468e724eab57f3262a23b6c9132c8e6e30713a8848f6e7ba5688f,SJ059,2026-04-10 11:37:36.952,CANCELLED,29E,SpiceJet,CCU,DEL,2026-04-18 02:50:41.701,2026-04-18 04:06:41.701,76.0,1.2666666666666666,76.0,0.0,Valid,,,,Muhammad,Pillai,75,F,18**********,+9************,mu***********************,Unknown,60+,2026-04
B1869,40c119ce6fc328a5c7c2fd0a572c20e08caaeb8003f3659b6a371d8a062fefb9,UK108,2026-02-04 11:37:36.952,CONFIRMED,19C,Vistara,DEL,BLR,2026-04-18 00:28:41.702,2026-04-18 03:46:41.702,198.0,3.3,198.0,0.0,Valid,PAY1157,10155.04,CARD,Ananya,Pillai,5,M,88**********,+9************,an**********************,Unknown,Under 18,2026-02
B1869,40c119ce6fc328a5c7c2fd0a572c20e08caaeb8003f3659b6a371d8a062fefb9,UK108,2026-02-04 11:37:36.952,CONFIRMED,19C,Vistara,DEL,BLR,2026-04-18 00:28:41.702,2026-04-18 03:46:41.702,198.0,3.3,198.0,0.0,Valid,PAY1680,11398.23,NETBANKING,Ananya,Pillai,5,M,88**********,+9************,an**********************,Unknown,Under 18,2026-02
B1870,79bfd5dc59b585de98a96bc123673a45df114171ea2f649f20cdb96008c54d3e,6F045,2025-04-25 11:37:36.952,CANCELLED,5D,IndiGo,BOM,HYD,2026-04-17 23:04:41.701,2026-04-18 03:38:41.701,274.0,4.566666666666666,274.0,0.0,Valid,,,,Aadhya,Verma,88,F,32**********,+9************,aa********************,Unknown,60+,2025-04
B1871,4f0fcf7fa9722f71c9e589360f458c2e186b3827dc766e79c6d467e5614e4fe8,AI144,2025-10-04 11:37:36.952,CANCELLED,23E,Air India,MAA,BOM,2026-04-18 00:43:41.702,2026-04-18 03:36:41.702,173.0,2.8833333333333333,173.0,0.0,Valid,,,,Aditya,Gupta,1,M,11**********,+9************,ad*************************,Unknown,Under 18,2025-10
B1872,ad3bdf275e916fdac402d01898ca3a3c574ac15d01c763ad5c76f9a772a79c2f,AI244,2025-07-09 11:37:36.952,PENDING,26E,Air India,BLR,BOM,2026-04-18 02:50:41.704,2026-04-18 03:25:41.704,35.0,0.5833333333333334,35.0,0.0,Valid,PAY1362,5721.08,CARD,Krishna,Verma,89,F,39**********,+9************,kr*********************,Unknown,60+,2025-07
B1872,ad3bdf275e916fdac402d01898ca3a3c574ac15d01c763ad5c76f9a772a79c2f,AI244,2025-07-09 11:37:36.952,PENDING,26E,Air India,BLR,BOM,2026-04-18 02:50:41.704,2026-04-18 03:25:41.704,35.0,0.5833333333333334,35.0,0.0,Valid,PAY1858,9096.04,UPI,Krishna,Verma,89,F,39**********,+9************,kr*********************,Unknown,60+,2025-07
B1872,ad3bdf275e916fdac402d01898ca3a3c574ac15d01c763ad5c76f9a772a79c2f,AI244,2025-07-09 11:37:36.952,PENDING,26E,Air India,BLR,BOM,2026-04-18 02:50:41.704,2026-04-18 03:25:41.704,35.0,0.5833333333333334,35.0,0.0,Valid,PAY1925,,NETBANKING,Krishna,Verma,89,F,39**********,+9************,kr*********************,Unknown,60+,2025-07
B1873,844bcfc3767694bbbc1892893b5dfe528b050cc8a7fb5cc5533ae56387edd1ca,6F265,2025-04-25 11:37:36.952,CONFIRMED,11B,IndiGo,DEL,HYD,2026-04-18 02:27:41.703,2026-04-18 03:24:41.703,57.0,0.95,57.0,0.0,Valid,PAY1002,6495.37,UPI,Myra,Gupta,5,M,34**********,+9************,my***********************,Unknown,Under 18,2025-04
B1873,844bcfc3767694bbbc1892893b5dfe528b050cc8a7fb5cc5533ae56387edd1ca,6F265,2025-04-25 11:37:36.952,CONFIRMED,11B,IndiGo,DEL,HYD,2026-04-18 02:27:41.703,2026-04-18 03:24:41.703,57.0,0.95,57.0,0.0,Valid,PAY1133,12510.96,CARD,Myra,Gupta,5,M,34**********,+9************,my***********************,Unknown,Under 18,2025-04
B1873,844bcfc3767694bbbc1892893b5dfe528b050cc8a7fb5cc5533ae56387edd1ca,6F265,2025-04-25 11:37:36.952,CONFIRMED,11B,IndiGo,DEL,HYD,2026-04-18 02:27:41.703,2026-04-18 03:24:41.703,57.0,0.95,57.0,0.0,Valid,PAY1847,13283.24,CARD,Myra,Gupta,5,M,34**********,+9************,my***********************,Unknown,Under 18,2025-04
B1874,2426b0a2227ebf71df01c02358fbe2e0c013c32dd2ed3111ac01227c7df8acd6,6F108,2026-01-26 11:37:36.952,CONFIRMED,16E,IndiGo,DEL,HYD,2026-04-17 23:41:41.702,2026-04-18 03:23:41.702,222.0,3.7,222.0,0.0,Valid,PAY1506,5715.47,NETBANKING,Ira,Singh,50,M,51**********,+9************,ir*******************,Unknown,46-60,2026-01
B1874,2426b0a2227ebf71df01c02358fbe2e0c013c32dd2ed3111ac01227c7df8acd6,6F108,2026-01-26 11:37:36.952,CONFIRMED,16E,IndiGo,DEL,HYD,2026-04-17 23:41:41.702,2026-04-18 03:23:41.702,222.0,3.7,222.0,0.0,Valid,PAY1528,9993.97,NETBANKING,Ira,Singh,50,M,51**********,+9************,ir*******************,Unknown,46-60,2026-01
B1874,2426b0a2227ebf71df01c02358fbe2e0c013c32dd2ed3111ac01227c7df8acd6,6F108,2026-01-26 11:37:36.952,CONFIRMED,16E,IndiGo,DEL,HYD,2026-04-17 23:41:41.702,2026-04-18 03:23:41.702,222.0,3.7,222.0,0.0,Valid,PAY1669,8735.05,NETBANKING,Ira,Singh,50,M,51**********,+9************,ir*******************,Unknown,46-60,2026-01
B1875,4106a53da67785e5d50e3c3b7495c032f8b5ea65429f48c6ac715ffb1db71025,6F069,2025-06-17 11:37:36.952,PENDING,17D,IndiGo,MAA,BLR,2026-04-17 23:44:41.701,2026-04-18 03:17:41.701,213.0,3.55,213.0,0.0,Valid,PAY1019,,NETBANKING,Ananya,Khan,60,M,84**********,+9************,an*******************,Unknown,46-60,2025-06
B1876,d75a676921b0b5ba379cbf71c9d5375969007807daae094e5449add02f6f5e55,6F072,2025-06-14 11:37:36.952,CANCELLED,18F,IndiGo,BLR,CCU,2026-04-18 02:14:41.702,2026-04-18 03:11:41.702,57.0,0.95,57.0,0.0,Valid,PAY1139,11290.32,NETBANKING,Ira,Patel,11,F,12*********,+9************,ir*******************,Unknown,Under 18,2025-06
B1877,7eaf1e6c1630f0c8a2856d98642aa558e04431b37f75a59a998747e5f9e8496c,6F096,2025-11-09 11:37:36.952,CONFIRMED,33F,IndiGo,MAA,BLR,2026-04-17 22:45:41.702,2026-04-18 02:58:41.702,253.0,4.216666666666667,253.0,0.0,Valid,,,,Reyansh,Joshi,33,F,29**********,+9************,re***********************,Unknown,31-45,2025-11
B1878,2e06fe05d97653f378e15a1f549233d5975eeffe396e222055ed3921fa4a9de9,SJ233,2025-12-31 11:37:36.952,PENDING,31D,SpiceJet,DEL,HYD,2026-04-18 01:18:41.704,2026-04-18 02:56:41.704,98.0,1.6333333333333333,98.0,0.0,Valid,PAY1204,14778.71,CARD,Aadhya,Reddy,70,M,54**********,+9************,aa**********************,Unknown,60+,2025-12
B1879,611287edff2d9e602fc6312c5850f6c8c7f4718408f7c4e4adbda51ff8cefd15,AI203,2025-12-03 11:37:36.952,PENDING,9E,Air India,BOM,CCU,2026-04-18 00:09:41.703,2026-04-18 02:56:41.703,167.0,2.783333333333333,167.0,0.0,Valid,PAY1215,4682.98,UPI,Ira,Kulkarni,55,F,34*********,+9************,ir**********************,Unknown,46-60,2025-12
B1880,83c85f81da982d4c9ed3c2fcc836cdf2659cfb58f416a0ba429b205847099db5,UK147,2026-03-08 11:37:36.952,CONFIRMED,2E,Vistara,CCU,DEL,2026-04-17 23:35:41.703,2026-04-18 02:55:41.703,200.0,3.3333333333333335,200.0,0.0,Valid,PAY1864,11737.0,UPI,Ishaan,Kulkarni,68,F,84**********,+9************,is**************************,Unknown,60+,2026-03
B1881,8a476547d4cf963e230232a65adb7a9aa6ed589ac5f4438a7f13da335fe22741,UK039,2025-08-26 11:37:36.952,PENDING,8E,Vistara,HYD,BOM,2026-04-18 01:40:41.701,2026-04-18 02:53:41.701,73.0,1.2166666666666666,73.0,0.0,Valid,,,,Aditya,Joshi,70,M,70**********,+9************,ad***********************,Unknown,60+,2025-08
B1882,e258099877a0dfa862dd5ceb6874fed7650bfd2c8be2a10fe73abf73296ec40c,6F216,2025-10-17 11:37:36.952,CANCELLED,18B,IndiGo,BLR,DEL,2026-04-17 21:58:41.704,2026-04-18 02:51:41.704,293.0,4.883333333333334,293.0,0.0,Valid,,,,Sai,Banerjee,1,F,78**********,+9************,sa********************,Unknown,Under 18,2025-10
B1883,431bbc9bb28a7a5e0bf25020314c9e2c077bcec5d4488d3ac5565978cd0a75fe,AI214,2025-11-17 11:37:36.952,PENDING,5B,Air India,CCU,DEL,2026-04-17 22:23:41.703,2026-04-18 02:49:41.703,266.0,4.433333333333334,266.0,0.0,Valid,PAY1100,4498.27,CARD,Muhammad,Khan,35,M,16**********,+9************,mu***********************,Unknown,31-45,2025-11
B1883,431bbc9bb28a7a5e0bf25020314c9e2c077bcec5d4488d3ac5565978cd0a75fe,AI214,2025-11-17 11:37:36.952,PENDING,5B,Air India,CCU,DEL,2026-04-17 22:23:41.703,2026-04-18 02:49:41.703,266.0,4.433333333333334,266.0,0.0,Valid,PAY1359,3193.06,CARD,Muhammad,Khan,35,M,16**********,+9************,mu***********************,Unknown,31-45,2025-11
B1884,a5d7ccdbaa33ef6ad8ff6cdca600e6bb1ab3186089c6286d1695f87fd374721f,UK025,2025-08-31 11:37:36.952,CANCELLED,31D,Vistara,DEL,BOM,2026-04-17 22:55:41.701,2026-04-18 02:47:41.701,232.0,3.8666666666666667,232.0,0.0,Valid,,,,Kavya,Chatterjee,35,M,84**********,+9************,ka**************************,Unknown,31-45,2025-08
B1885,68817845c7bde67edec29d198d21c1460e32dcbede85fd085f7ba7a632b75af2,UK053,2025-08-10 11:37:36.952,CANCELLED,11B,Vistara,BLR,BOM,2026-04-17 23:56:41.701,2026-04-18 02:46:41.701,170.0,2.8333333333333335,170.0,0.0,Valid,PAY1297,9992.33,NETBANKING,Myra,Ghosh,6,M,46**********,+9************,my*********************,Unknown,Under 18,2025-08
B1886,0c2667ac3ad287d572e2898ace23dff926bf2ae1f6c450ede0c679b75f2572b9,6F130,2026-02-12 11:37:36.952,Unknown,9D,IndiGo,DEL,HYD,2026-04-18 01:27:41.702,2026-04-18 02:45:41.702,78.0,1.3,78.0,0.0,Valid,,,,Myra,Naidu,27,M,95**********,+9************,my***********************,Unknown,18-30,2026-02
B1887,44f4c40b2d4180be174e74764b2fa93a31e9acf2f95cffd3d99e341557a6e008,6F247,2026-03-09 11:37:36.952,PENDING,23F,IndiGo,DEL,HYD,2026-04-18 01:27:41.702,2026-04-18 02:45:41.702,78.0,1.3,78.0,0.0,Valid,PAY1588,9312.51,UPI,Ishaan,Kulkarni,4,F,64**********,+9************,is*************************,Unknown,Under 18,2026-03
B1888,29b50a0cf1005354bee43ac4169f609fce2718c926a49545f42418af74a1306a,6F159,2025-12-25 11:37:36.952,CANCELLED,25C,IndiGo,CCU,BOM,2026-04-18 02:08:41.703,2026-04-18 02:43:41.703,35.0,0.5833333333333334,35.0,0.0,Valid,PAY1047,8931.9,UPI,Arjun,Agarwal,12,M,96**********,+9************,ar**************************,Unknown,Under 18,2025-12
B1888,29b50a0cf1005354bee43ac4169f609fce2718c926a49545f42418af74a1306a,6F159,2025-12-25 11:37:36.952,CANCELLED,25C,IndiGo,CCU,BOM,2026-04-18 02:08:41.703,2026-04-18 02:43:41.703,35.0,0.5833333333333334,35.0,0.0,Valid,PAY1099,5981.84,CARD,Arjun,Agarwal,12,M,96**********,+9************,ar**************************,Unknown,Under 18,2025-12
B1889,0b40c4ed7240e82b9daeb1d3d1dfec63f961836cb323b1a80f47700b744efddb,UK086,2026-02-24 11:37:36.952,CANCELLED,22C,Vistara,CCU,BLR,2026-04-17 23:55:41.702,2026-04-18 02:27:41.702,152.0,2.533333333333333,152.0,0.0,Valid,,,,Ananya,Gupta,45,M,59*********,+9************,an********************,Unknown,31-45,2026-02
B1890,6d64c5db9320443a09f781a2448e89f34f0981a8a62009bf634605c5eed2f85c,6F102,2025-08-30 11:37:36.952,PENDING,12E,IndiGo,HYD,MAA,2026-04-18 01:10:41.702,2026-04-18 02:24:41.702,74.0,1.2333333333333334,74.0,0.0,Valid,PAY1380,13732.45,UPI,Myra,Reddy,26,F,47**********,+9************,my******************,Unknown,18-30,2025-08
B1891,6c969592dda6775eb2d96d83f8e2d8e54a67096e4e750447f35de345c8b4d564,UK186,2026-01-26 11:37:36.952,CANCELLED,18D,Vistara,BOM,BLR,2026-04-17 23:05:41.703,2026-04-18 02:22:41.703,197.0,3.283333333333333,197.0,0.0,Valid,PAY1190,2216.08,UPI,Reyansh,Banerjee,36,F,25**********,+9************,re***************************,Unknown,31-45,2026-01
B1891,6c969592dda6775eb2d96d83f8e2d8e54a67096e4e750447f35de345c8b4d564,UK186,2026-01-26 11:37:36.952,CANCELLED,18D,Vistara,BOM,BLR,2026-04-17 23:05:41.703,2026-04-18 02:22:41.703,197.0,3.283333333333333,197.0,0.0,Valid,PAY1538,1978.49,UPI,Reyansh,Banerjee,36,F,25**********,+9************,re***************************,Unknown,31-45,2026-01
B1892,6a1360631684f8735cc5a63873b23ab71c24661d7c84247e8b2ea7b7a659a79c,6F032,2025-08-24 11:37:36.952,PENDING,17F,IndiGo,DEL,BOM,2026-04-17 23:43:41.701,2026-04-18 02:22:41.701,159.0,2.65,159.0,0.0,Valid,,,,Ira,Khan,38,F,30**********,+9************,ir****************,Unknown,31-45,2025-08
B1893,5a9ab6e12ec4e942348d18b895371cf4040979263f639ba05335af4e3c09d3fd,6F186,2025-08-02 11:37:36.952,CONFIRMED,19A,IndiGo,HYD,BOM,2026-04-17 21:48:41.703,2026-04-18 02:02:41.703,254.0,4.233333333333333,254.0,0.0,Valid,,,,Diya,Pillai,69,M,66**********,+9************,di*********************,Unknown,60+,2025-08
B1894,7da056615e9de44036a97bc53ef4dae7905297542ca3ba538d600ce7e4d2ac6b,6F106,2026-02-24 11:37:36.952,CANCELLED,4F,IndiGo,BOM,CCU,2026-04-18 00:10:41.702,2026-04-18 01:52:41.702,102.0,1.7,102.0,0.0,Valid,,,,Kavya,Gupta,11,M,46**********,+9************,ka*******************,Unknown,Under 18,2026-02
B1895,6a8e25c32bd2561ffe6615c57c1cbc6735a28a34dcfb3a21c1e230f679cb9aaf,AI021,2025-10-05 11:37:36.952,CANCELLED,14E,Air India,DEL,HYD,2026-04-17 21:39:41.701,2026-04-18 01:38:41.701,239.0,3.9833333333333334,239.0,0.0,Valid,PAY1231,13425.87,CARD,Aarav,Banerjee,50,F,99**********,+9************,aa************************,Unknown,46-60,2025-10
B1895,6a8e25c32bd2561ffe6615c57c1cbc6735a28a34dcfb3a21c1e230f679cb9aaf,AI021,2025-10-05 11:37:36.952,CANCELLED,14E,Air India,DEL,HYD,2026-04-17 21:39:41.701,2026-04-18 01:38:41.701,239.0,3.9833333333333334,239.0,0.0,Valid,PAY1259,6230.89,NETBANKING,Aarav,Banerjee,50,F,99**********,+9************,aa************************,Unknown,46-60,2025-10
B1895,6a8e25c32bd2561ffe6615c57c1cbc6735a28a34dcfb3a21c1e230f679cb9aaf,AI021,2025-10-05 11:37:36.952,CANCELLED,14E,Air India,DEL,HYD,2026-04-17 21:39:41.701,2026-04-18 01:38:41.701,239.0,3.9833333333333334,239.0,0.0,Valid,PAY1437,13629.71,CARD,Aarav,Banerjee,50,F,99**********,+9************,aa************************,Unknown,46-60,2025-10
B1895,6a8e25c32bd2561ffe6615c57c1cbc6735a28a34dcfb3a21c1e230f679cb9aaf,AI021,2025-10-05 11:37:36.952,CANCELLED,14E,Air India,DEL,HYD,2026-04-17 21:39:41.701,2026-04-18 01:38:41.701,239.0,3.9833333333333334,239.0,0.0,Valid,PAY1759,9624.54,CARD,Aarav,Banerjee,50,F,99**********,+9************,aa************************,Unknown,46-60,2025-10
B1895,6a8e25c32bd2561ffe6615c57c1cbc6735a28a34dcfb3a21c1e230f679cb9aaf,AI021,2025-10-05 11:37:36.952,CANCELLED,14E,Air India,DEL,HYD,2026-04-17 21:39:41.701,2026-04-18 01:38:41.701,239.0,3.9833333333333334,239.0,0.0,Valid,PAY1986,11120.61,NETBANKING,Aarav,Banerjee,50,F,99**********,+9************,aa************************,Unknown,46-60,2025-10
B1896,63ac4a24e48cfe89f1218e7981373d1f1de2eac52e71435d035341619ce8ab8d,AI157,2025-11-30 11:37:36.952,PENDING,11F,Air India,BLR,CCU,2026-04-17 22:45:41.703,2026-04-18 01:33:41.703,168.0,2.8,168.0,0.0,Valid,PAY1548,,CARD,Myra,Kulkarni,1,F,60**********,+9************,my**************************,Unknown,Under 18,2025-11
B1896,63ac4a24e48cfe89f1218e7981373d1f1de2eac52e71435d035341619ce8ab8d,AI157,2025-11-30 11:37:36.952,PENDING,11F,Air India,BLR,CCU,2026-04-17 22:45:41.703,2026-04-18 01:33:41.703,168.0,2.8,168.0,0.0,Valid,PAY1548,,CARD,Myra,Kulkarni,1,F,47*********,+9************,my***********************,Unknown,Under 18,2025-11
B1897,bc503e7c17113af4a5b4cf79fc6fb04e45dd046dd453e96f390000269063a205,6F054,2025-11-01 11:37:36.952,PENDING,26F,IndiGo,HYD,BLR,2026-04-17 22:00:41.701,2026-04-18 01:25:41.701,205.0,3.4166666666666665,205.0,0.0,Valid,PAY1017,9752.05,CARD,Diya,Singh,89,F,65**********,+9************,di********************,Unknown,60+,2025-11
B1897,bc503e7c17113af4a5b4cf79fc6fb04e45dd046dd453e96f390000269063a205,6F054,2025-11-01 11:37:36.952,PENDING,26F,IndiGo,HYD,BLR,2026-04-17 22:00:41.701,2026-04-18 01:25:41.701,205.0,3.4166666666666665,205.0,0.0,Valid,PAY1371,7243.26,NETBANKING,Diya,Singh,89,F,65**********,+9************,di********************,Unknown,60+,2025-11
B1898,8e26350544cae3f0f70ce8db62951546a2e8e09af01719b2917ac5c05e1798cc,AI187,2025-10-03 11:37:36.952,PENDING,10D,Air India,BLR,HYD,2026-04-17 23:32:41.703,2026-04-18 01:16:41.703,104.0,1.7333333333333334,104.0,0.0,Valid,PAY1854,5718.04,CARD,Vivaan,Singh,9,F,63**********,+9************,vi**************************,Unknown,Under 18,2025-10
B1899,80bcebf41c4bf5f4674440fa55601c0d61d8d8d07e65ebf851a5d01d7ed599ae,SJ124,2025-09-28 11:37:36.952,PENDING,4B,SpiceJet,HYD,DEL,2026-04-17 21:05:41.702,2026-04-18 01:12:41.702,247.0,4.116666666666666,247.0,0.0,Valid,PAY1375,3146.15,UPI,Krishna,Ghosh,10,M,51**********,+9************,kr*********************,Unknown,Under 18,2025-09
B1900,89fef259b03bd24a0b841cd92ec8accc906ac07ab48804c073e5facfc880bcc5,SJ223,2025-10-06 11:37:36.952,CANCELLED,11C,SpiceJet,HYD,MAA,2026-04-17 23:54:41.703,2026-04-18 01:08:41.703,74.0,1.2333333333333334,74.0,0.0,Valid,PAY1904,1212.98,UPI,Muhammad,Joshi,9,M,97**********,+9************,mu***************************,Unknown,Under 18,2025-10
B1901,4501ed1c58dd1fd2e579358f8d11c8862f6f538680eb712ec38db5827d52e883,UK103,2025-04-25 11:37:36.952,CONFIRMED,21A,Vistara,MAA,DEL,2026-04-17 21:52:41.702,2026-04-18 01:06:41.702,194.0,3.2333333333333334,194.0,0.0,Valid,PAY1434,10787.49,CARD,Krishna,Nair,3,M,80**********,+9************,kr********************,Unknown,Under 18,2025-04
B1902,a2e1a6df1b20d75758869362fdcd51f72b40da14a5f7f80910562c4e736e9993,SJ157,2026-02-08 11:37:36.952,CONFIRMED,14F,SpiceJet,DEL,HYD,2026-04-17 22:11:41.703,2026-04-18 01:05:41.703,174.0,2.9,174.0,0.0,Valid,,,,Muhammad,Patel,46,F,45**********,+9************,mu**********************,Unknown,46-60,2026-02
B1903,680933683d5650204f499668478e9ceed7b994ffc70329e2e7e8993996f3cbdc,6F242,2025-11-06 11:37:36.952,CONFIRMED,9B,IndiGo,BLR,MAA,2026-04-17 21:10:41.704,2026-04-18 01:04:41.704,234.0,3.9,234.0,0.0,Valid,,,,Muhammad,Gupta,73,M,99**********,+9************,mu***************************,Unknown,60+,2025-11
B1904,c6609517bbe9e32d4ba09050c18bbfe68e64408d4c2c416d53f11e60c14374f8,UK213,2025-07-01 11:37:36.952,CONFIRMED,8B,Vistara,BOM,CCU,2026-04-17 23:21:41.704,2026-04-18 01:01:41.704,100.0,1.6666666666666667,100.0,0.0,Valid,PAY1110,5769.34,NETBANKING,Riya,Pillai,5,M,51**********,+9************,ri*********************,Unknown,Under 18,2025-07
B1905,72097e858425a287cb6a182758abb1f765a4f22ee53503cc2271728328ffd2b9,SJ120,2026-02-13 11:37:36.952,PENDING,24B,SpiceJet,MAA,BLR,2026-04-17 21:19:41.702,2026-04-18 00:56:41.702,217.0,3.6166666666666667,217.0,0.0,Valid,,,,Reyansh,Kulkarni,69,F,82**********,+9************,re**************************,Unknown,60+,2026-02
B1906,2be53f37298895795632144e52510d368f55e0345c1caa035315f419bb8c795f,AI035,2025-08-11 11:37:36.952,CANCELLED,22B,Air India,DEL,MAA,2026-04-17 23:17:41.701,2026-04-18 00:48:41.701,91.0,1.5166666666666666,91.0,0.0,Valid,PAY1032,11037.65,UPI,Myra,Sharma,20,F,58**********,+9************,my*******************,Unknown,18-30,2025-08
B1906,2be53f37298895795632144e52510d368f55e0345c1caa035315f419bb8c795f,AI035,2025-08-11 11:37:36.952,CANCELLED,22B,Air India,DEL,MAA,2026-04-17 23:17:41.701,2026-04-18 00:48:41.701,91.0,1.5166666666666666,91.0,0.0,Valid,PAY1032,11037.65,UPI,MyraSharma,Unknown,20,F,53**********,+9************,my*************************,Unknown,18-30,2025-08
B1907,06cf5fba4db048c6700c1058a21ce384bf0093a18e77441744df25a610cba230,6F147,2026-01-14 11:37:36.952,CANCELLED,1B,IndiGo,HYD,MAA,2026-04-17 19:57:41.703,2026-04-18 00:31:41.703,274.0,4.566666666666666,274.0,0.0,Valid,PAY1429,5451.44,CARD,Aarav,Chatterjee,22,M,43**********,+9************,aa************************,Unknown,18-30,2026-01
B1908,2dc43d859714a78e509c0d7143436d2f896de5518e1837c78151c59ccd78bcf1,SJ229,2025-08-09 11:37:36.952,CANCELLED,23B,SpiceJet,CCU,DEL,2026-04-17 22:25:41.704,2026-04-18 00:27:41.704,122.0,2.033333333333333,122.0,0.0,Valid,PAY1642,8834.05,CARD,Aarav,Ghosh,33,M,47*********,+9************,aa*********************,Unknown,31-45,2025-08
B1908,2dc43d859714a78e509c0d7143436d2f896de5518e1837c78151c59ccd78bcf1,SJ229,2025-08-09 11:37:36.952,CANCELLED,23B,SpiceJet,CCU,DEL,2026-04-17 22:25:41.704,2026-04-18 00:27:41.704,122.0,2.033333333333333,122.0,0.0,Valid,PAY1919,1912.8,CARD,Aarav,Ghosh,33,M,47*********,+9************,aa*********************,Unknown,31-45,2025-08
B1909,2bb472f799372f4d0f11780096f1b1c58d98d65d1f611d7d7e881bd650f76a1e,AI230,2025-11-14 11:37:36.952,PENDING,31B,Air India,CCU,BLR,2026-04-17 20:37:41.704,2026-04-18 00:22:41.704,225.0,3.75,225.0,0.0,Valid,,,,Ananya,Chatterjee,6,M,25**********,+9************,an******************************,Unknown,Under 18,2025-11
B1910,b3b2bddc4a1da01906c583ec44330f267849113c6afe3d26e04eafb43be7bbba,UK162,2025-06-10 11:37:36.952,CANCELLED,5C,Vistara,BOM,CCU,2026-04-17 22:47:41.703,2026-04-18 00:21:41.703,94.0,1.5666666666666667,94.0,0.0,Valid,PAY1687,13743.8,UPI,Myra,Mehta,89,F,86**********,+9************,my******************,Unknown,60+,2025-06
B1910,b3b2bddc4a1da01906c583ec44330f267849113c6afe3d26e04eafb43be7bbba,UK162,2025-06-10 11:37:36.952,CANCELLED,5C,Vistara,BOM,CCU,2026-04-17 22:47:41.703,2026-04-18 00:21:41.703,94.0,1.5666666666666667,94.0,0.0,Valid,PAY1915,7810.25,CARD,Myra,Mehta,89,F,86**********,+9************,my******************,Unknown,60+,2025-06
B1911,31992dce7e9c9433e21177f4b93370fbe1796e7ac7ccc3e608ea5e32af4c2512,AI066,2025-05-29 11:37:36.952,PENDING,27C,Air India,HYD,MAA,2026-04-17 21:51:41.701,2026-04-18 00:11:41.701,140.0,2.3333333333333335,140.0,0.0,Valid,,,,Shaurya,Chatterjee,62,M,59**********,+9************,sh****************************,Unknown,60+,2025-05
B1912,914fd328b6838ba3379c85bfac895fc6f0440b603b55ed4f057733c56c04d6b9,6F205,2025-09-09 11:37:36.952,CANCELLED,19D,IndiGo,HYD,BOM,2026-04-17 22:16:41.703,2026-04-18 00:02:41.703,106.0,1.7666666666666666,106.0,0.0,Valid,PAY1111,6279.57,NETBANKING,Vivaan,Verma,53,M,24**********,+9************,vi***********************,Unknown,46-60,2025-09
B1913,a1807f6186c536cb15f0948b636e884457174bd4c2692684959ad17b212b2efd,AI124,2025-05-24 11:37:36.952,CONFIRMED,27B,Air India,CCU,HYD,2026-04-17 20:28:41.702,2026-04-18 00:00:41.702,212.0,3.533333333333333,212.0,0.0,Valid,PAY1310,11211.97,NETBANKING,Kavya,Joshi,34,M,81**********,+9************,ka**********************,Unknown,31-45,2025-05
B1913,a1807f6186c536cb15f0948b636e884457174bd4c2692684959ad17b212b2efd,AI124,2025-05-24 11:37:36.952,CONFIRMED,27B,Air India,CCU,HYD,2026-04-17 20:28:41.702,2026-04-18 00:00:41.702,212.0,3.533333333333333,212.0,0.0,Valid,PAY1678,4083.41,CARD,Kavya,Joshi,34,M,81**********,+9************,ka**********************,Unknown,31-45,2025-05
B1914,79033b56d853693270e1b765fcd2c2250f8517228f25b69ce7432d748caae205,UK114,2025-10-19 11:37:36.952,PENDING,20A,Vistara,HYD,CCU,2026-04-17 22:10:41.702,2026-04-17 23:58:41.702,108.0,1.8,108.0,0.0,Valid,PAY1003,5079.38,NETBANKING,Ira,Banerjee,29,F,49**********,+9************,ir********************,Unknown,18-30,2025-10
B1915,872c2d1f8a7597ddba7c1d468c0ba7268feb945671e8b5048128902ef9717b02,AI231,2025-06-03 11:37:36.952,CANCELLED,18B,Air India,DEL,HYD,2026-04-17 21:52:41.704,2026-04-17 23:51:41.704,119.0,1.9833333333333334,119.0,0.0,Valid,PAY1822,1162.01,CARD,Sara,Verma,20,F,71**********,+9************,sa********************,Unknown,18-30,2025-06
B1916,9e61fe0e86b4cad7a455db60ce2f8d93248386a575d692ca20e92bff7c443b4a,AI113,2025-10-30 11:37:36.952,CONFIRMED,7D,Air India,CCU,HYD,2026-04-17 21:21:41.702,2026-04-17 23:51:41.702,150.0,2.5,150.0,0.0,Valid,PAY1016,3156.86,CARD,Sai,Kulkarni,52,M,89**********,+9************,sa**********************,Unknown,46-60,2025-10
B1916,9e61fe0e86b4cad7a455db60ce2f8d93248386a575d692ca20e92bff7c443b4a,AI113,2025-10-30 11:37:36.952,CONFIRMED,7D,Air India,CCU,HYD,2026-04-17 21:21:41.702,2026-04-17 23:51:41.702,150.0,2.5,150.0,0.0,Valid,PAY1016,3156.86,CARD,Sai,Kulkarni,52,M,77**********,+9************,sa********************,Unknown,46-60,2025-10
B1917,431bbc9bb28a7a5e0bf25020314c9e2c077bcec5d4488d3ac5565978cd0a75fe,UK180,2025-08-03 11:37:36.952,Unknown,27A,Vistara,CCU,MAA,2026-04-17 21:18:41.703,2026-04-17 23:29:41.703,131.0,2.183333333333333,131.0,0.0,Valid,,,,Muhammad,Khan,35,M,16**********,+9************,mu***********************,Unknown,31-45,2025-08
B1918,3f99f09b8067da26accb576db3f2755d59455a28748eeec02fdadd515a928c70,UK180,2025-10-07 11:37:36.952,CONFIRMED,2B,Vistara,CCU,MAA,2026-04-17 21:18:41.703,2026-04-17 23:29:41.703,131.0,2.183333333333333,131.0,0.0,Valid,PAY1760,2739.31,NETBANKING,Anika,Joshi,69,M,55**********,+9************,an********************,Unknown,60+,2025-10
B1918,3f99f09b8067da26accb576db3f2755d59455a28748eeec02fdadd515a928c70,UK180,2025-10-07 11:37:36.952,CONFIRMED,2B,Vistara,CCU,MAA,2026-04-17 21:18:41.703,2026-04-17 23:29:41.703,131.0,2.183333333333333,131.0,0.0,Valid,PAY1828,1356.26,NETBANKING,Anika,Joshi,69,M,55**********,+9************,an********************,Unknown,60+,2025-10
B1919,1f68d46059da9b9a4a5c3336102586d3876540469f32e6a4145a3a2905a10279,6F080,2026-03-17 11:37:36.952,PENDING,7C,IndiGo,HYD,MAA,2026-04-17 19:47:41.702,2026-04-17 23:13:41.702,206.0,3.433333333333333,206.0,0.0,Valid,,,,Arjun,Agarwal,62,F,62**********,+9************,ar*********************,Unknown,60+,2026-03
B1920,1ca865e5a1e1372e2cc2ceb74207227ffc8b5a70f33c3f8703ca456f0945e90e,SJ095,2025-05-11 11:37:36.952,PENDING,14A,SpiceJet,DEL,MAA,2026-04-17 20:09:41.702,2026-04-17 23:13:41.702,184.0,3.066666666666667,184.0,0.0,Valid,,,,Diya,Agarwal,32,M,35*********,+9************,di********************,Unknown,31-45,2025-05
B1921,68804d131b57c8e9ee1cf92265724a27b05a6295f7b18b2f0784c35a884bb867,SJ115,2025-04-24 11:37:36.952,CANCELLED,21F,SpiceJet,BOM,HYD,2026-04-17 21:05:41.702,2026-04-17 23:10:41.702,125.0,2.0833333333333335,125.0,0.0,Valid,PAY1101,9627.04,CARD,Reyansh,Ghosh,33,F,31**********,+9************,re*********************,Unknown,31-45,2025-04
B1922,8785d97a49642176b602076e8b51275a505e4a6609cb0c4d13cfcea549aa83b5,AI142,2025-05-14 11:37:36.952,CONFIRMED,7D,Air India,BOM,DEL,2026-04-17 20:49:41.702,2026-04-17 23:03:41.702,134.0,2.2333333333333334,134.0,0.0,Valid,PAY1596,11708.41,CARD,Aarav,Kulkarni,12,F,35**********,+9************,aa************************,Unknown,Under 18,2025-05
B1922,8785d97a49642176b602076e8b51275a505e4a6609cb0c4d13cfcea549aa83b5,AI142,2025-05-14 11:37:36.952,CONFIRMED,7D,Air India,BOM,DEL,2026-04-17 20:49:41.702,2026-04-17 23:03:41.702,134.0,2.2333333333333334,134.0,0.0,Valid,PAY1793,7858.51,CARD,Aarav,Kulkarni,12,F,35**********,+9************,aa************************,Unknown,Under 18,2025-05
B1923,d875da9e30d8c13cf9ffaf98a173908efd97998420362dbb0b645c106a87a144,UK169,2025-11-28 11:37:36.952,CANCELLED,33F,Vistara,HYD,DEL,2026-04-17 18:12:41.703,2026-04-17 23:01:41.703,289.0,4.816666666666666,289.0,0.0,Valid,PAY1555,8467.53,NETBANKING,Sai,Chatterjee,72,F,76**********,+9************,sa************************,Unknown,60+,2025-11
B1923,d875da9e30d8c13cf9ffaf98a173908efd97998420362dbb0b645c106a87a144,UK169,2025-11-28 11:37:36.952,CANCELLED,33F,Vistara,HYD,DEL,2026-04-17 18:12:41.703,2026-04-17 23:01:41.703,289.0,4.816666666666666,289.0,0.0,Valid,PAY1766,,UPI,Sai,Chatterjee,72,F,76**********,+9************,sa************************,Unknown,60+,2025-11
B1924,2bb472f799372f4d0f11780096f1b1c58d98d65d1f611d7d7e881bd650f76a1e,SJ041,2025-05-04 11:37:36.952,CANCELLED,27D,SpiceJet,CCU,HYD,2026-04-17 18:24:41.701,2026-04-17 22:59:41.701,275.0,4.583333333333333,275.0,0.0,Valid,PAY1549,4739.01,CARD,Ananya,Chatterjee,6,M,25**********,+9************,an******************************,Unknown,Under 18,2025-05
B1925,6dbf5c97b3972bc33cc630fd9406dd1e2957e28daf5a308f8093967137802876,UK171,2025-04-20 11:37:36.952,CONFIRMED,7D,Vistara,HYD,CCU,2026-04-17 19:59:41.703,2026-04-17 22:53:41.703,174.0,2.9,174.0,0.0,Valid,PAY1247,11102.07,UPI,Riya,Das,59,M,60**********,+9************,ri****************,Unknown,46-60,2025-04
B1925,6dbf5c97b3972bc33cc630fd9406dd1e2957e28daf5a308f8093967137802876,UK171,2025-04-20 11:37:36.952,CONFIRMED,7D,Vistara,HYD,CCU,2026-04-17 19:59:41.703,2026-04-17 22:53:41.703,174.0,2.9,174.0,0.0,Valid,PAY1514,12741.86,CARD,Riya,Das,59,M,60**********,+9************,ri****************,Unknown,46-60,2025-04
B1925,6dbf5c97b3972bc33cc630fd9406dd1e2957e28daf5a308f8093967137802876,UK171,2025-04-20 11:37:36.952,CONFIRMED,7D,Vistara,HYD,CCU,2026-04-17 19:59:41.703,2026-04-17 22:53:41.703,174.0,2.9,174.0,0.0,Valid,PAY1647,5691.29,UPI,Riya,Das,59,M,60**********,+9************,ri****************,Unknown,46-60,2025-04
B1926,e3c878433ba57c2ca8f9d7b744b733276d9abeeb89a525718046754145e586fd,AI081,2025-11-27 11:37:36.952,CANCELLED,18F,Air India,CCU,BOM,2026-04-17 21:03:41.702,2026-04-17 22:51:41.702,108.0,1.8,108.0,0.0,Valid,,,,Krishna,Iyer,9,F,46*********,+9************,kr**************************,Unknown,Under 18,2025-11
B1927,9dbf68e071e2c1bc37c5acc4c1e6272d719672928db5a6393249fee4ee9951b0,AI162,2026-01-28 11:37:36.952,PENDING,27D,Air India,MAA,DEL,2026-04-17 19:20:41.703,2026-04-17 22:40:41.703,200.0,3.3333333333333335,200.0,0.0,Valid,,,,Sai,Singh,4,M,58**********,+9************,sa**********************,Unknown,Under 18,2026-01
B1928,dcadd8f9dc6e69dbaf18cc7bf47beee23eb6d886188c54137af3eff804a0c35f,SJ037,2026-01-23 11:37:36.952,CANCELLED,6F,SpiceJet,BLR,BOM,2026-04-17 19:14:41.701,2026-04-17 22:31:41.701,197.0,3.283333333333333,197.0,0.0,Valid,PAY1984,6983.66,NETBANKING,Arjun,Khan,29,M,54**********,+9************,ar******************,Unknown,18-30,2026-01
B1929,da15c99dc20d50e06abebbb036a7275c44ea7d078611a19e8af04cf4cbd45319,SJ037,2025-11-05 11:37:36.952,CONFIRMED,6A,SpiceJet,BLR,BOM,2026-04-17 19:14:41.701,2026-04-17 22:31:41.701,197.0,3.283333333333333,197.0,0.0,Valid,,,,Arjun,Nair,8,F,22**********,+9************,ar***********************,Unknown,Under 18,2025-11
B1930,b502debe7f09d395199c85c9dc20b9edbc7eb055b4499ff2ea811a2cf747ddfb,UK080,2025-12-16 11:37:36.952,PENDING,3B,Vistara,BLR,MAA,2026-04-17 21:09:41.702,2026-04-17 22:29:41.702,80.0,1.3333333333333333,80.0,0.0,Valid,PAY1311,,UPI,Aditya,Patel,76,F,20**********,+9************,ad**********************,Unknown,60+,2025-12
B1930,b502debe7f09d395199c85c9dc20b9edbc7eb055b4499ff2ea811a2cf747ddfb,UK080,2025-12-16 11:37:36.952,PENDING,3B,Vistara,BLR,MAA,2026-04-17 21:09:41.702,2026-04-17 22:29:41.702,80.0,1.3333333333333333,80.0,0.0,Valid,PAY1547,1625.9,CARD,Aditya,Patel,76,F,20**********,+9************,ad**********************,Unknown,60+,2025-12
B1931,696200fd839848b14ea262f6d11b23f059a1f0a6d4d9a7e2ff44462bd08d35b5,SJ031,2025-09-26 11:37:36.952,PENDING,16C,SpiceJet,DEL,BOM,2026-04-17 21:20:41.701,2026-04-17 22:29:41.701,69.0,1.15,69.0,0.0,Valid,PAY1066,10011.51,CARD,Ishaan,Kulkarni,8,M,16*********,+9************,is*************************,Unknown,Under 18,2025-09
B1931,696200fd839848b14ea262f6d11b23f059a1f0a6d4d9a7e2ff44462bd08d35b5,SJ031,2025-09-26 11:37:36.952,PENDING,16C,SpiceJet,DEL,BOM,2026-04-17 21:20:41.701,2026-04-17 22:29:41.701,69.0,1.15,69.0,0.0,Valid,PAY1066,10011.51,CARD,IshaanKulkarni,Unknown,8,M,90**********,+9************,is*****************************,Unknown,Under 18,2025-09
B1932,39d0aaae71bcfd7effbecccce4fc4b1af0677da8668619a85134adf6118f65f9,AI199,2025-12-28 11:37:36.952,CANCELLED,4B,Air India,HYD,DEL,2026-04-17 18:47:41.703,2026-04-17 22:26:41.703,219.0,3.65,219.0,0.0,Valid,PAY1284,8636.39,CARD,Aadhya,Mehta,55,M,43**********,+9************,aa**************************,Unknown,46-60,2025-12
B1932,39d0aaae71bcfd7effbecccce4fc4b1af0677da8668619a85134adf6118f65f9,AI199,2025-12-28 11:37:36.952,CANCELLED,4B,Air India,HYD,DEL,2026-04-17 18:47:41.703,2026-04-17 22:26:41.703,219.0,3.65,219.0,0.0,Valid,PAY1568,,UPI,Aadhya,Mehta,55,M,43**********,+9************,aa**************************,Unknown,46-60,2025-12
B1933,69b5e68dd6e023bdce827c0154123c85c52134492db4a8d2f6017b5502cb9da6,6F082,2025-05-28 11:37:36.952,CANCELLED,7B,IndiGo,BOM,BLR,2026-04-17 20:26:41.702,2026-04-17 22:26:41.702,120.0,2.0,120.0,0.0,Valid,,,,Sai,Joshi,58,M,15**********,+9************,sa*******************,Unknown,46-60,2025-05
B1934,28f3c2a8d2b4e70a54c280efe2a2d76a3e7523064fd65364d23f0a86d872cee7,UK217,2026-04-12 11:37:36.952,PENDING,9F,Vistara,MAA,CCU,2026-04-17 21:19:41.704,2026-04-17 22:14:41.704,55.0,0.9166666666666666,55.0,0.0,Valid,PAY1092,10978.81,UPI,Myra,Gupta,17,F,66********,+9************,my*********************,Unknown,Under 18,2026-04
B1934,28f3c2a8d2b4e70a54c280efe2a2d76a3e7523064fd65364d23f0a86d872cee7,UK217,2026-04-12 11:37:36.952,PENDING,9F,Vistara,MAA,CCU,2026-04-17 21:19:41.704,2026-04-17 22:14:41.704,55.0,0.9166666666666666,55.0,0.0,Valid,PAY1092,10978.81,UPI,myra,Gupta,17,F,45*********,+9************,my*******************,Unknown,Under 18,2026-04
B1935,9ab181240ed03a0587f533cac6caa7fa5ae0aacac783e8ab8d4a8728a0568ac7,UK014,2026-04-13 11:37:36.952,CANCELLED,6C,Vistara,HYD,MAA,2026-04-17 20:41:41.701,2026-04-17 22:06:41.701,85.0,1.4166666666666667,85.0,0.0,Valid,,,,Vivaan,Sharma,58,M,26**********,+9************,vi*********************,Unknown,46-60,2026-04
B1936,6e3bf1fbe8842e4fb711056e506f5e69467892c32e545a3e4929ec473b3eb207,SJ180,2026-01-11 11:37:36.952,CONFIRMED,14D,SpiceJet,HYD,CCU,2026-04-17 17:12:41.703,2026-04-17 22:00:41.703,288.0,4.8,288.0,0.0,Valid,PAY1187,5159.35,UPI,Sara,Mishra,79,F,89**********,+9************,sa*******************,Unknown,60+,2026-01
B1936,6e3bf1fbe8842e4fb711056e506f5e69467892c32e545a3e4929ec473b3eb207,SJ180,2026-01-11 11:37:36.952,CONFIRMED,14D,SpiceJet,HYD,CCU,2026-04-17 17:12:41.703,2026-04-17 22:00:41.703,288.0,4.8,288.0,0.0,Valid,PAY1937,6127.38,UPI,Sara,Mishra,79,F,89**********,+9************,sa*******************,Unknown,60+,2026-01
B1937,83c85f81da982d4c9ed3c2fcc836cdf2659cfb58f416a0ba429b205847099db5,6F268,2026-02-19 11:37:36.952,CANCELLED,16E,IndiGo,DEL,MAA,2026-04-17 20:29:41.701,2026-04-17 21:58:41.701,89.0,1.4833333333333334,89.0,0.0,Valid,PAY1865,6825.66,CARD,Ishaan,Kulkarni,68,F,84**********,+9************,is**************************,Unknown,60+,2026-02
B1938,66ff10bdebab942a3691e4b67ccf38b283d06a7e95740612404d27f022adc272,UK205,2026-04-07 11:37:36.952,CANCELLED,19B,Vistara,HYD,MAA,2026-04-17 18:57:41.703,2026-04-17 21:46:41.703,169.0,2.816666666666667,169.0,0.0,Valid,PAY1419,12242.79,UPI,Aditya,Iyer,21,M,82**********,+9************,ad*********************,Unknown,18-30,2026-04
B1939,3690dd88fd47d82ecc15b98b3a6543e9b3b99ea9e554806446dabf33557a288d,SJ212,2025-07-22 11:37:36.952,PENDING,22B,SpiceJet,MAA,BLR,2026-04-17 19:49:41.703,2026-04-17 21:44:41.703,115.0,1.9166666666666667,115.0,0.0,Valid,PAY1131,8851.37,UPI,Vivaan,Chatterjee,67,F,60**********,+9************,vi***************************,Unknown,60+,2025-07
B1939,3690dd88fd47d82ecc15b98b3a6543e9b3b99ea9e554806446dabf33557a288d,SJ212,2025-07-22 11:37:36.952,PENDING,22B,SpiceJet,MAA,BLR,2026-04-17 19:49:41.703,2026-04-17 21:44:41.703,115.0,1.9166666666666667,115.0,0.0,Valid,PAY1174,9872.75,UPI,Vivaan,Chatterjee,67,F,60**********,+9************,vi***************************,Unknown,60+,2025-07
B1939,3690dd88fd47d82ecc15b98b3a6543e9b3b99ea9e554806446dabf33557a288d,SJ212,2025-07-22 11:37:36.952,PENDING,22B,SpiceJet,MAA,BLR,2026-04-17 19:49:41.703,2026-04-17 21:44:41.703,115.0,1.9166666666666667,115.0,0.0,Valid,PAY1279,7506.15,NETBANKING,Vivaan,Chatterjee,67,F,60**********,+9************,vi***************************,Unknown,60+,2025-07
B1939,3690dd88fd47d82ecc15b98b3a6543e9b3b99ea9e554806446dabf33557a288d,SJ212,2025-07-22 11:37:36.952,PENDING,22B,SpiceJet,MAA,BLR,2026-04-17 19:49:41.703,2026-04-17 21:44:41.703,115.0,1.9166666666666667,115.0,0.0,Valid,PAY1409,14923.36,UPI,Vivaan,Chatterjee,67,F,60**********,+9************,vi***************************,Unknown,60+,2025-07
B1940,7f99da50ad19a494319bdc53c673ce72e1234ad854bd1169498fae6d6e9fcacd,UK052,2025-06-25 11:37:36.952,CANCELLED,17C,Vistara,BLR,CCU,2026-04-17 20:48:41.701,2026-04-17 21:40:41.701,52.0,0.8666666666666667,52.0,0.0,Valid,PAY1728,13791.37,CARD,Ananya,Khan,6,F,99**********,+9************,an********************,Unknown,Under 18,2025-06
B1940,7f99da50ad19a494319bdc53c673ce72e1234ad854bd1169498fae6d6e9fcacd,UK052,2025-06-25 11:37:36.952,CANCELLED,17C,Vistara,BLR,CCU,2026-04-17 20:48:41.701,2026-04-17 21:40:41.701,52.0,0.8666666666666667,52.0,0.0,Valid,PAY1810,4783.48,NETBANKING,Ananya,Khan,6,F,99**********,+9************,an********************,Unknown,Under 18,2025-06
B1941,86d87cbac905451cd1cf943b93648d0f6b147644f646a978feb82bf0245d63b5,UK230,2025-06-13 11:37:36.952,CANCELLED,19D,Vistara,BLR,BOM,2026-04-17 20:02:41.704,2026-04-17 21:35:41.704,93.0,1.55,93.0,0.0,Valid,PAY1288,1551.73,CARD,Ananya,Nair,66,F,86**********,+9************,an**********************,Unknown,60+,2025-06
B1942,6ec4e1e528492a65f2ea39d1af0eea8bb76ad5957e63b496e148edb2a37093cc,AI145,2025-07-18 11:37:36.952,CANCELLED,23D,Air India,DEL,BOM,2026-04-17 17:06:41.702,2026-04-17 21:31:41.702,265.0,4.416666666666667,265.0,0.0,Valid,PAY1789,1755.58,UPI,Riya,Reddy,62,F,62**********,+9************,ri***********************,Unknown,60+,2025-07
B1943,7b3d44d6828e3b78308e415c43238352b0b6f56ef167c891dc1c9bb0aa38c364,SJ035,2026-03-13 11:37:36.952,CONFIRMED,7E,SpiceJet,CCU,DEL,2026-04-17 20:15:41.701,2026-04-17 21:15:42.000,60.004983333333335,1.0000830555555555,60.0,0.004983333333335338,Valid,PAY1653,9116.92,NETBANKING,Anika,Joshi,67,M,90**********,+9************,an*********************,Unknown,60+,2026-03
B1943,7b3d44d6828e3b78308e415c43238352b0b6f56ef167c891dc1c9bb0aa38c364,SJ035,2026-03-13 11:37:36.952,CONFIRMED,7E,SpiceJet,CCU,DEL,2026-04-17 20:15:41.701,2026-04-17 21:15:42.000,60.004983333333335,1.0000830555555555,60.0,0.004983333333335338,Valid,PAY1920,5304.06,UPI,Anika,Joshi,67,M,90**********,+9************,an*********************,Unknown,60+,2026-03
B1944,a23a32c91af035e12834819b51c2781e7adb28126771f5db1c654d22f68fb8bd,SJ184,2025-07-20 11:37:36.952,CANCELLED,10B,SpiceJet,CCU,DEL,2026-04-17 16:32:41.703,2026-04-17 21:00:41.703,268.0,4.466666666666667,268.0,0.0,Valid,PAY1027,3644.17,UPI,Aadhya,Verma,27,M,17**********,+9************,aa**********************,Unknown,18-30,2025-07
B1944,a23a32c91af035e12834819b51c2781e7adb28126771f5db1c654d22f68fb8bd,SJ184,2025-07-20 11:37:36.952,CANCELLED,10B,SpiceJet,CCU,DEL,2026-04-17 16:32:41.703,2026-04-17 21:00:41.703,268.0,4.466666666666667,268.0,0.0,Valid,PAY1508,9053.91,NETBANKING,Aadhya,Verma,27,M,17**********,+9************,aa**********************,Unknown,18-30,2025-07
B1945,ead35841a79fee2737d8873b15d094d44e54d831f202fb3ddc4fa84ae3ebb6ad,6F207,2025-11-03 11:37:36.952,CONFIRMED,24A,IndiGo,BOM,HYD,2026-04-17 16:59:41.703,2026-04-17 21:00:41.703,241.0,4.016666666666667,241.0,0.0,Valid,,,,Ananya,Khan,36,F,55**********,+9************,an*************************,Unknown,31-45,2025-11
B1946,360aedd4c530685d1e43c10ce4c08b4b058c3d72906b4d4ddc621c898663fb49,UK144,2026-03-30 11:37:36.952,CONFIRMED,15A,Vistara,BOM,CCU,2026-04-17 18:07:41.703,2026-04-17 20:59:41.703,172.0,2.8666666666666667,172.0,0.0,Valid,PAY1988,11196.94,UPI,Kavya,Chatterjee,59,F,24**********,+9************,ka*****************************,Unknown,46-60,2026-03
B1947,f15c5a7ae439f4d0d814a0da0ed58a95284bc4359467ecfbb10bcd62e48d1e17,AI126,2025-10-22 11:37:36.952,CONFIRMED,1A,Air India,MAA,HYD,2026-04-17 17:26:41.702,2026-04-17 20:48:41.702,202.0,3.3666666666666667,202.0,0.0,Valid,PAY1627,2186.2,NETBANKING,Kavya,Chatterjee,35,M,50**********,+9************,ka**************************,Unknown,31-45,2025-10
B1948,b53cd664d3caa7d3461db14d746ee0bac972b79bc4dafeabb23ab761cbc4dccb,SJ145,2025-05-19 11:37:36.952,CONFIRMED,10A,SpiceJet,BLR,HYD,2026-04-17 17:41:41.702,2026-04-17 20:38:41.702,177.0,2.95,177.0,0.0,Valid,PAY1495,7705.92,CARD,Ishaan,Nair,78,M,78**********,+9************,is********************,Unknown,60+,2025-05
B1948,b53cd664d3caa7d3461db14d746ee0bac972b79bc4dafeabb23ab761cbc4dccb,SJ145,2025-05-19 11:37:36.952,CONFIRMED,10A,SpiceJet,BLR,HYD,2026-04-17 17:41:41.702,2026-04-17 20:38:41.702,177.0,2.95,177.0,0.0,Valid,PAY1559,6743.77,NETBANKING,Ishaan,Nair,78,M,78**********,+9************,is********************,Unknown,60+,2025-05
B1949,faec6ca7abdf3539a15d61953d677a4cc40aeadae245e68d78d68225b5c5127e,6F040,2025-05-16 11:37:36.952,PENDING,15B,IndiGo,HYD,CCU,2026-04-17 15:52:41.701,2026-04-17 20:33:41.701,281.0,4.683333333333334,281.0,0.0,Valid,PAY1980,11031.75,UPI,Sai,Patel,75,M,69**********,+9************,sa*******************,Unknown,60+,2025-05
B1949,faec6ca7abdf3539a15d61953d677a4cc40aeadae245e68d78d68225b5c5127e,6F040,2025-05-16 11:37:36.952,PENDING,15B,IndiGo,HYD,CCU,2026-04-17 15:52:41.701,2026-04-17 20:33:41.701,281.0,4.683333333333334,281.0,0.0,Valid,PAY1998,3328.36,CARD,Sai,Patel,75,M,69**********,+9************,sa*******************,Unknown,60+,2025-05
B1950,31992dce7e9c9433e21177f4b93370fbe1796e7ac7ccc3e608ea5e32af4c2512,UK049,2025-06-15 11:37:36.952,CONFIRMED,21B,Vistara,HYD,BOM,2026-04-17 19:47:41.701,2026-04-17 20:32:41.701,45.0,0.75,45.0,0.0,Valid,,,,Shaurya,Chatterjee,62,M,59**********,+9************,sh****************************,Unknown,60+,2025-06
B1951,f0dc16ef2ccee2c0811edee2f0c602b0376a7e022cd5e8e7e422a6f3a12862ce,UK049,2026-03-18 11:37:36.952,CANCELLED,3F,Vistara,HYD,BOM,2026-04-17 19:47:41.701,2026-04-17 20:32:41.701,45.0,0.75,45.0,0.0,Valid,PAY1929,12831.14,NETBANKING,Shaurya,Reddy,40,M,51**********,+9************,sh***************************,Unknown,31-45,2026-03
B1952,588df506ea4da5834e6f14e61a648232d728e8fdf5576a3d7c78f590ecee346e,AI087,2025-10-18 11:37:36.952,CONFIRMED,2C,Air India,MAA,DEL,2026-04-17 16:32:41.702,2026-04-17 20:30:41.702,238.0,3.966666666666667,238.0,0.0,Valid,PAY1370,10237.24,NETBANKING,Diya,Naidu,85,M,14**********,+9************,di********************,Unknown,60+,2025-10
B1953,cbe07980b1f4550e71361c041c8f378a123c61cebc1758c6e1b80a2e268275a5,AI152,2025-05-24 11:37:36.952,CANCELLED,19A,Air India,BLR,CCU,2026-04-17 19:21:41.703,2026-04-17 20:26:41.703,65.0,1.0833333333333333,65.0,0.0,Valid,PAY1341,12741.76,CARD,Aditya,Reddy,80,F,16**********,+9************,ad********************,Unknown,60+,2025-05
B1954,8a16a7c19a04da5413ff22e9804a9a32b319fdc0212f9c9998e3f7080d1a6237,SJ240,2025-11-06 11:37:36.952,CONFIRMED,2A,SpiceJet,BOM,HYD,2026-04-17 16:42:41.704,2026-04-17 20:21:41.704,219.0,3.65,219.0,0.0,Valid,PAY1799,14524.79,NETBANKING,Diya,Naidu,19,M,93**********,+9************,di********************,Unknown,18-30,2025-11
B1955,e71aecf5c85c1563c0d170ad78b68833121b0e9212d6e36fc3c6c20e63dfbb7d,AI212,2025-09-14 11:37:36.952,PENDING,22B,Air India,DEL,CCU,2026-04-17 15:31:41.703,2026-04-17 20:13:41.703,282.0,4.7,282.0,0.0,Valid,,,,Sai,Khan,53,F,46**********,+9************,sa****************,Unknown,46-60,2025-09
B1956,d86941865dd04287dc46753709a6c0e929d3a9239a2d9b325840e3799b238186,AI064,2025-09-21 11:37:36.952,CONFIRMED,3B,Air India,BLR,MAA,2026-04-17 18:24:41.701,2026-04-17 20:07:41.701,103.0,1.7166666666666666,103.0,0.0,Valid,,,,Shaurya,Khan,86,F,93**********,+9************,sh*************************,Unknown,60+,2025-09
B1957,075f6dd5d6befe2ed58ab07f2ce22efa55b8c935c798f1589f004e1576553551,6F093,2025-06-07 11:37:36.952,CONFIRMED,32E,IndiGo,CCU,DEL,2026-04-17 16:09:41.702,2026-04-17 20:00:41.702,231.0,3.85,231.0,0.0,Valid,PAY1337,4851.79,CARD,Ishaan,Gupta,68,F,77**********,+9************,is***********************,Unknown,60+,2025-06
B1958,11bfb207a6af40b89d6f9fea27b5195675e39b3e90275c4269ae478ae5a32711,AI118,2025-04-28 11:37:36.952,PENDING,29C,Air India,HYD,MAA,2026-04-17 17:50:41.702,2026-04-17 19:59:41.702,129.0,2.15,129.0,0.0,Valid,PAY1691,1256.74,CARD,Ananya,Banerjee,67,M,54**********,+9************,an***********************,Unknown,60+,2025-04
B1958,11bfb207a6af40b89d6f9fea27b5195675e39b3e90275c4269ae478ae5a32711,AI118,2025-04-28 11:37:36.952,PENDING,29C,Air India,HYD,MAA,2026-04-17 17:50:41.702,2026-04-17 19:59:41.702,129.0,2.15,129.0,0.0,Valid,PAY1945,1471.1,NETBANKING,Ananya,Banerjee,67,M,54**********,+9************,an***********************,Unknown,60+,2025-04
B1959,c6b1aec37b36e779f2f918cbe3af9762d4d771d5fdfe40728db86930c250bca8,AI172,2025-12-19 11:37:36.952,CONFIRMED,23D,Air India,BOM,CCU,2026-04-17 19:08:41.703,2026-04-17 19:53:41.703,45.0,0.75,45.0,0.0,Valid,PAY1076,9818.89,UPI,Arjun,Ghosh,24,M,58**********,+9************,ar************************,Unknown,18-30,2025-12
B1959,c6b1aec37b36e779f2f918cbe3af9762d4d771d5fdfe40728db86930c250bca8,AI172,2025-12-19 11:37:36.952,CONFIRMED,23D,Air India,BOM,CCU,2026-04-17 19:08:41.703,2026-04-17 19:53:41.703,45.0,0.75,45.0,0.0,Valid,PAY1242,7275.19,NETBANKING,Arjun,Ghosh,24,M,58**********,+9************,ar************************,Unknown,18-30,2025-12
B1960,c6a585d0daae307ac216d4febb8665d87f55a5e48b317045c1722955ad85e9fd,6F183,2026-01-30 11:37:36.952,CANCELLED,27E,IndiGo,MAA,HYD,2026-04-17 17:08:41.703,2026-04-17 19:52:41.703,164.0,2.7333333333333334,164.0,0.0,Valid,PAY1812,14657.97,CARD,Krishna,Verma,53,F,23**********,+9************,kr**********************,Unknown,46-60,2026-01
B1961,43ed3ef0874d6ee44b32b0f1e731d476502d43b7c5ee43f753207e3498887963,6F200,2025-07-15 11:37:36.952,CONFIRMED,28A,IndiGo,HYD,DEL,2026-04-17 14:54:41.703,2026-04-17 19:41:41.703,287.0,4.783333333333333,287.0,0.0,Valid,,,,Aarav,Mishra,61,F,87**********,+9************,aa***********************,Unknown,60+,2025-07
B1962,20e09fcd1bcdf6adcace35266b8c3d44d1b16ac792d199846a07ecfb1f4d5dd1,SJ077,2025-12-23 11:37:36.952,CONFIRMED,18C,SpiceJet,BLR,MAA,2026-04-17 17:32:41.701,2026-04-17 19:40:41.701,128.0,2.1333333333333333,128.0,0.0,Valid,PAY1067,9530.25,CARD,Sai,Chatterjee,69,F,55**********,+9************,sa************************,Unknown,60+,2025-12
B1962,20e09fcd1bcdf6adcace35266b8c3d44d1b16ac792d199846a07ecfb1f4d5dd1,SJ077,2025-12-23 11:37:36.952,CONFIRMED,18C,SpiceJet,BLR,MAA,2026-04-17 17:32:41.701,2026-04-17 19:40:41.701,128.0,2.1333333333333333,128.0,0.0,Valid,PAY1209,1833.17,UPI,Sai,Chatterjee,69,F,55**********,+9************,sa************************,Unknown,60+,2025-12
B1962,20e09fcd1bcdf6adcace35266b8c3d44d1b16ac792d199846a07ecfb1f4d5dd1,SJ077,2025-12-23 11:37:36.952,CONFIRMED,18C,SpiceJet,BLR,MAA,2026-04-17 17:32:41.701,2026-04-17 19:40:41.701,128.0,2.1333333333333333,128.0,0.0,Valid,PAY1656,7948.25,CARD,Sai,Chatterjee,69,F,55**********,+9************,sa************************,Unknown,60+,2025-12
B1962,20e09fcd1bcdf6adcace35266b8c3d44d1b16ac792d199846a07ecfb1f4d5dd1,SJ077,2025-12-23 11:37:36.952,CONFIRMED,18C,SpiceJet,BLR,MAA,2026-04-17 17:32:41.701,2026-04-17 19:40:41.701,128.0,2.1333333333333333,128.0,0.0,Valid,PAY1790,11681.57,UPI,Sai,Chatterjee,69,F,55**********,+9************,sa************************,Unknown,60+,2025-12
B1963,da15c99dc20d50e06abebbb036a7275c44ea7d078611a19e8af04cf4cbd45319,UK030,2026-02-24 11:37:36.952,CONFIRMED,27F,Vistara,CCU,DEL,2026-04-17 15:11:41.701,2026-04-17 19:38:41.701,267.0,4.45,267.0,0.0,Valid,,,,Arjun,Nair,8,F,22**********,+9************,ar***********************,Unknown,Under 18,2026-02
B1964,34c9340fb7652ca435fdff9038ab148519b671b18baf1b2135edabfe3c3990ef,SJ232,2025-05-21 11:37:36.952,PENDING,18B,SpiceJet,MAA,BLR,2026-04-17 15:02:41.704,2026-04-17 19:22:41.704,260.0,4.333333333333333,260.0,0.0,Valid,,,,Shaurya,Kulkarni,39,F,19**********,+9************,sh************************,Unknown,31-45,2025-05
B1965,8249f45e7acc37f4632d0a259fbec44a4ed875f9ba9f655e0c57b224d001a1f9,6F090,2026-01-29 11:37:36.952,CONFIRMED,20D,IndiGo,HYD,BLR,2026-04-17 15:10:41.702,2026-04-17 19:22:41.702,252.0,4.2,252.0,0.0,Valid,,,,Vivaan,Agarwal,71,F,70**********,+9************,vi************************,Unknown,60+,2026-01
B1966,028cb64631392a377977c87bedcb83b08efa3795ef7252615e60dd9e8b72102e,UK002,2025-11-06 11:37:36.952,CONFIRMED,12B,Vistara,CCU,MAA,2026-04-17 14:28:41.700,2026-04-17 19:20:41.700,292.0,4.866666666666666,292.0,0.0,Valid,PAY1291,14419.64,UPI,Reyansh,Chatterjee,26,M,76**********,+9************,re****************************,Unknown,18-30,2025-11
B1966,028cb64631392a377977c87bedcb83b08efa3795ef7252615e60dd9e8b72102e,UK002,2025-11-06 11:37:36.952,CONFIRMED,12B,Vistara,CCU,MAA,2026-04-17 14:28:41.700,2026-04-17 19:20:41.700,292.0,4.866666666666666,292.0,0.0,Valid,PAY1715,6405.91,UPI,Reyansh,Chatterjee,26,M,76**********,+9************,re****************************,Unknown,18-30,2025-11
B1966,028cb64631392a377977c87bedcb83b08efa3795ef7252615e60dd9e8b72102e,UK002,2025-11-06 11:37:36.952,CONFIRMED,12B,Vistara,CCU,MAA,2026-04-17 14:28:41.700,2026-04-17 19:20:41.700,292.0,4.866666666666666,292.0,0.0,Valid,PAY1964,13474.77,CARD,Reyansh,Chatterjee,26,M,76**********,+9************,re****************************,Unknown,18-30,2025-11
B1967,b6699f1f75b07aaa96b7f6f1ef1d6d58c2b00d2f311d23df9be2942ca0335ae7,AI154,2025-07-03 11:37:36.952,CANCELLED,22C,Air India,HYD,MAA,2026-04-17 15:25:41.703,2026-04-17 19:16:41.703,231.0,3.85,231.0,0.0,Valid,PAY1004,12518.31,CARD,Aadhya,Gupta,39,M,55**********,+9************,aa********************,Unknown,31-45,2025-07
B1968,badbc8cd2f0a1abb3798a7e4bfe25aeb01f21bc0469d012e92ad7a53f4909490,6F089,2025-10-11 11:37:36.952,CONFIRMED,2D,IndiGo,DEL,HYD,2026-04-17 17:06:41.702,2026-04-17 19:10:41.702,124.0,2.066666666666667,124.0,0.0,Valid,PAY1582,14600.78,NETBANKING,Riya,Khan,68,F,87*********,+9************,ri*******************,Unknown,60+,2025-10
B1969,ec0811c1674ac79813b0b65c9f9a11f245207d0976e55485d92910094e644390,6F218,2026-04-08 11:37:36.952,CONFIRMED,29A,IndiGo,BLR,BOM,2026-04-17 15:16:41.704,2026-04-17 19:03:41.704,227.0,3.783333333333333,227.0,0.0,Valid,PAY1849,13598.0,UPI,Riya,Iyer,15,F,76**********,+9************,ri**********************,Unknown,Under 18,2026-04
B1970,704f2f60253518efc14299ff656eb4988280160e8ddf10b534a049233fcfa873,6F241,2025-11-26 11:37:36.952,CONFIRMED,12B,IndiGo,DEL,HYD,2026-04-17 18:27:41.704,2026-04-17 19:02:41.704,35.0,0.5833333333333334,35.0,0.0,Valid,PAY1300,4558.49,NETBANKING,Saanvi,Singh,62,M,20**********,+9************,sa*************************,Unknown,60+,2025-11
B1971,e0c4ae7c95c83413b3810dd2b7255fcbf8bf407eef7a1b01f21fc01e0d1b73e1,6F116,2025-08-20 11:37:36.952,CONFIRMED,2B,IndiGo,MAA,CCU,2026-04-17 16:43:41.702,2026-04-17 19:02:41.702,139.0,2.316666666666667,139.0,0.0,Valid,,,,Muhammad,Singh,19,M,21**********,+9************,mu************************,Unknown,18-30,2025-08
B1972,7eaf1e6c1630f0c8a2856d98642aa558e04431b37f75a59a998747e5f9e8496c,UK199,2025-04-18 11:37:36.952,CANCELLED,19B,Vistara,BOM,CCU,2026-04-17 15:24:41.703,2026-04-17 18:55:41.703,211.0,3.5166666666666666,211.0,0.0,Valid,PAY1736,5458.57,UPI,Reyansh,Joshi,33,F,29**********,+9************,re***********************,Unknown,31-45,2025-04
B1973,907899adc7befe7a3cf0c0e78d12864b7810bfac2e943f81733ef0096b7819b0,SJ033,2025-04-28 11:37:36.952,CANCELLED,8C,SpiceJet,HYD,DEL,2026-04-17 17:26:41.701,2026-04-17 18:51:41.701,85.0,1.4166666666666667,85.0,0.0,Valid,,,,Ananya,Pillai,77,F,31**********,+9************,an**************************,Unknown,60+,2025-04
B1974,e851077501cff6e3779cda283f08b1ff8ce02b3d044258a6f250445dff32101b,AI210,2025-08-03 11:37:36.952,PENDING,15B,Air India,BLR,BOM,2026-04-17 16:13:41.703,2026-04-17 18:50:41.703,157.0,2.6166666666666667,157.0,0.0,Valid,,,,Reyansh,Reddy,82,F,78**********,+9************,re**************************,Unknown,60+,2025-08
B1975,72097e858425a287cb6a182758abb1f765a4f22ee53503cc2271728328ffd2b9,UK148,2025-08-26 11:37:36.952,Unknown,20E,Vistara,HYD,BOM,2026-04-17 16:31:41.703,2026-04-17 18:43:41.703,132.0,2.2,132.0,0.0,Valid,PAY1773,7791.01,CARD,Reyansh,Kulkarni,69,F,82**********,+9************,re**************************,Unknown,60+,2025-08
B1976,7f7a4a05ac7584dc445b403e3f3476be43426f7f0889117eb963af5f8bb1d4c5,AI229,2025-08-27 11:37:36.952,PENDING,16F,Air India,HYD,MAA,2026-04-17 16:48:41.703,2026-04-17 18:40:41.703,112.0,1.8666666666666667,112.0,0.0,Valid,PAY1078,8576.26,NETBANKING,Kavya,Khan,28,F,39**********,+9************,ka********************,Unknown,18-30,2025-08
B1977,90b4e732ed7b857b631db1628f6d3aacca64e3954d38a803da76f97f588eaec2,UK005,2026-01-01 11:37:36.952,PENDING,4A,Vistara,BOM,MAA,2026-04-17 14:02:41.701,2026-04-17 18:14:41.701,252.0,4.2,252.0,0.0,Valid,,,,Riya,Patel,61,F,78**********,+9************,ri*********************,Unknown,60+,2026-01
B1978,d871d6c1b0f4950d7432ed3b0be98732dd480e982ae01be6db6934de4e5f7012,SJ080,2025-12-07 11:37:36.952,CONFIRMED,12C,SpiceJet,CCU,MAA,2026-04-17 16:04:41.702,2026-04-17 17:59:41.702,115.0,1.9166666666666667,115.0,0.0,Valid,PAY1613,9450.85,UPI,Ishaan,Sharma,38,F,81**********,+9************,is**************************,Unknown,31-45,2025-12
B1979,ddabb59a9826ea31b1ce182b4b327e1e5be2fcb5627388dbe0084a381530843a,SJ092,2025-12-02 11:37:36.952,CANCELLED,1F,SpiceJet,BLR,MAA,2026-04-17 13:19:41.702,2026-04-17 17:56:41.702,277.0,4.616666666666666,277.0,0.0,Valid,,,,Ishaan,Chatterjee,5,M,54**********,+9************,is****************************,Unknown,Under 18,2025-12
B1980,cd5edf67052a03de5a25e4737de41990014e3d5225e431755c3604ee897399a1,SJ055,2025-12-04 11:37:36.952,CANCELLED,15A,SpiceJet,HYD,MAA,2026-04-17 14:17:41.701,2026-04-17 17:56:41.701,219.0,3.65,219.0,0.0,Valid,PAY1500,12102.14,CARD,Sara,Iyer,13,F,45**********,+9************,sa*****************,Unknown,Under 18,2025-12
B1981,0211dba0308362d09d12cce5048bc85a2ef253da3e6168f427992abe6729bcef,AI239,2025-05-17 11:37:36.952,CONFIRMED,19D,Air India,BOM,HYD,2026-04-17 14:33:41.704,2026-04-17 17:47:41.704,194.0,3.2333333333333334,194.0,0.0,Valid,PAY1090,4761.81,CARD,Vivaan,Joshi,65,F,52**********,+9************,vi**********************,Unknown,60+,2025-05
B1981,0211dba0308362d09d12cce5048bc85a2ef253da3e6168f427992abe6729bcef,AI239,2025-05-17 11:37:36.952,CONFIRMED,19D,Air India,BOM,HYD,2026-04-17 14:33:41.704,2026-04-17 17:47:41.704,194.0,3.2333333333333334,194.0,0.0,Valid,PAY1522,7404.46,UPI,Vivaan,Joshi,65,F,52**********,+9************,vi**********************,Unknown,60+,2025-05
B1982,906ea2a505d51fd41a2b2f02d9dfc962d3831101cd8232792ccfed55ec6303da,6F162,2025-06-17 11:37:36.952,Unknown,7A,IndiGo,CCU,BOM,2026-04-17 14:50:41.703,2026-04-17 17:44:41.703,174.0,2.9,174.0,0.0,Valid,,,,Arjun,Banerjee,62,F,44**********,+9************,ar************************,Unknown,60+,2025-06
B1983,9a57d7ee1548ab67caf8771c78d3e18274a374f4171abf9c1204676920d8051c,UK101,2025-06-28 11:37:36.952,Unknown,27A,Vistara,DEL,HYD,2026-04-17 15:00:41.702,2026-04-17 17:43:41.702,163.0,2.716666666666667,163.0,0.0,Valid,PAY1689,9117.5,CARD,Reyansh,Nair,24,M,24*********,+9************,re********************,Unknown,18-30,2025-06
B1984,2b02232c958f1607f52bcb9a52298be186b284426ff53a827413c26508d082ca,6F198,2025-04-25 11:37:36.952,CONFIRMED,27F,IndiGo,HYD,BLR,2026-04-17 12:40:41.703,2026-04-17 17:39:41.703,299.0,4.983333333333333,299.0,0.0,Valid,PAY1424,8109.9,UPI,Aadhya,Chatterjee,1,M,48**********,+9************,aa*************************,Unknown,Under 18,2025-04
B1984,2b02232c958f1607f52bcb9a52298be186b284426ff53a827413c26508d082ca,6F198,2025-04-25 11:37:36.952,CONFIRMED,27F,IndiGo,HYD,BLR,2026-04-17 12:40:41.703,2026-04-17 17:39:41.703,299.0,4.983333333333333,299.0,0.0,Valid,PAY1754,11501.29,UPI,Aadhya,Chatterjee,1,M,48**********,+9************,aa*************************,Unknown,Under 18,2025-04
B1985,7ae0a3e744a2bd37750d3b84ed95f70b570eb5c4367f6454611d81e778484d33,6F239,2025-09-28 11:37:36.952,CONFIRMED,31F,IndiGo,CCU,BOM,2026-04-17 15:24:41.704,2026-04-17 17:37:41.704,133.0,2.216666666666667,133.0,0.0,Valid,,,,Anika,Sharma,22,F,53**********,+9************,an**********************,Unknown,18-30,2025-09
B1986,479494608e848a1d5d0d63f7eca2960cb719fa53a73d3843775867fd73e68570,SJ177,2025-10-07 11:37:36.952,CONFIRMED,13F,SpiceJet,BOM,CCU,2026-04-17 13:04:41.703,2026-04-17 17:37:41.703,273.0,4.55,273.0,0.0,Valid,,,,Sai,Pillai,68,F,69**********,+9************,sa********************,Unknown,60+,2025-10
B1987,739aa8b2a541b46e473efc1cbf3aca0a7c136e4a102c437bec6d2a1b70486e84,6F044,2026-03-12 11:37:36.952,CANCELLED,19F,IndiGo,DEL,HYD,2026-04-17 13:25:41.701,2026-04-17 17:36:41.701,251.0,4.183333333333334,251.0,0.0,Valid,PAY1009,4585.24,CARD,Reyansh,Patel,27,M,55**********,+9************,re**************************,Unknown,18-30,2026-03
B1987,739aa8b2a541b46e473efc1cbf3aca0a7c136e4a102c437bec6d2a1b70486e84,6F044,2026-03-12 11:37:36.952,CANCELLED,19F,IndiGo,DEL,HYD,2026-04-17 13:25:41.701,2026-04-17 17:36:41.701,251.0,4.183333333333334,251.0,0.0,Valid,PAY1053,4148.68,CARD,Reyansh,Patel,27,M,55**********,+9************,re**************************,Unknown,18-30,2026-03
B1988,8f17adbeae4fc7c3ee6893ebd6558cfd4943303f3c27ddd33e31e307de8a659e,6F248,2026-02-17 11:37:36.952,PENDING,13A,IndiGo,DEL,HYD,2026-04-17 13:25:41.701,2026-04-17 17:36:41.701,251.0,4.183333333333334,251.0,0.0,Valid,PAY1211,13945.28,UPI,Ira,Singh,44,M,93**********,+9************,ir**********************,Unknown,31-45,2026-02
B1989,c78855de749f50c7f98e978b2cfdd41aa62ab578f4c1a64e282225ec59b10bc2,6F002,2025-12-10 11:37:36.952,Unknown,16F,IndiGo,BLR,MAA,2026-04-17 14:11:41.700,2026-04-17 17:34:41.700,203.0,3.3833333333333333,203.0,0.0,Valid,,,,Sai,Banerjee,4,F,75**********,+9************,sa*********************,Unknown,Under 18,2025-12
B1990,c1a316f03b3ae5a203bbe1db1b8f5b4dbac55098aca918d8902272408387712a,SJ197,2026-03-31 11:37:36.952,CONFIRMED,14B,SpiceJet,HYD,BLR,2026-04-17 14:49:41.703,2026-04-17 17:33:41.703,164.0,2.7333333333333334,164.0,0.0,Valid,PAY1148,4434.27,NETBANKING,Diya,Mehta,8,F,26**********,+9************,di******************,Unknown,Under 18,2026-03
B1990,c1a316f03b3ae5a203bbe1db1b8f5b4dbac55098aca918d8902272408387712a,SJ197,2026-03-31 11:37:36.952,CONFIRMED,14B,SpiceJet,HYD,BLR,2026-04-17 14:49:41.703,2026-04-17 17:33:41.703,164.0,2.7333333333333334,164.0,0.0,Valid,PAY1328,,UPI,Diya,Mehta,8,F,26**********,+9************,di******************,Unknown,Under 18,2026-03
B1990,c1a316f03b3ae5a203bbe1db1b8f5b4dbac55098aca918d8902272408387712a,SJ197,2026-03-31 11:37:36.952,CONFIRMED,14B,SpiceJet,HYD,BLR,2026-04-17 14:49:41.703,2026-04-17 17:33:41.703,164.0,2.7333333333333334,164.0,0.0,Valid,PAY1539,9960.43,NETBANKING,Diya,Mehta,8,F,26**********,+9************,di******************,Unknown,Under 18,2026-03
B1991,f0316f28ef6214df53c678ecde337e63f431b074b6cbf48b8fc4df3a0b16bef7,UK091,2026-01-14 11:37:36.952,CANCELLED,22E,Vistara,CCU,BOM,2026-04-17 13:37:41.702,2026-04-17 17:31:41.702,234.0,3.9,234.0,0.0,Valid,,,,Krishna,Naidu,39,M,65**********,+9************,kr*********************,Unknown,31-45,2026-01
B1992,21b69c3f33f23bff6682534eb2985655efef5b8d811c12b3598bd7c5078c22e6,6F215,2025-04-25 11:37:36.952,CONFIRMED,25C,IndiGo,DEL,BLR,2026-04-17 13:00:41.703,2026-04-17 17:30:41.703,270.0,4.5,270.0,0.0,Valid,PAY1468,4590.22,CARD,Krishna,Ghosh,56,F,22**********,+9************,kr**************************,Unknown,46-60,2025-04
B1992,21b69c3f33f23bff6682534eb2985655efef5b8d811c12b3598bd7c5078c22e6,6F215,2025-04-25 11:37:36.952,CONFIRMED,25C,IndiGo,DEL,BLR,2026-04-17 13:00:41.703,2026-04-17 17:30:41.703,270.0,4.5,270.0,0.0,Valid,PAY1593,2164.83,NETBANKING,Krishna,Ghosh,56,F,22**********,+9************,kr**************************,Unknown,46-60,2025-04
B1992,21b69c3f33f23bff6682534eb2985655efef5b8d811c12b3598bd7c5078c22e6,6F215,2025-04-25 11:37:36.952,CONFIRMED,25C,IndiGo,DEL,BLR,2026-04-17 13:00:41.703,2026-04-17 17:30:41.703,270.0,4.5,270.0,0.0,Valid,PAY1960,7248.01,UPI,Krishna,Ghosh,56,F,22**********,+9************,kr**************************,Unknown,46-60,2025-04
B1993,a04db1b85ec66df8d551e8c37b9b69bc4e1ff6bc91c7992d9d371ebf4f5d58c4,AI093,2026-03-11 11:37:36.952,CANCELLED,5B,Air India,BOM,BLR,2026-04-17 12:35:41.702,2026-04-17 17:28:41.702,293.0,4.883333333333334,293.0,0.0,Valid,,,,Ira,Banerjee,26,F,36**********,+9************,ir********************,Unknown,18-30,2026-03
B1994,c46369250fdd0d074e41fd163d88486f7b572e67f60fd4acb0d243cbe7bf1e0f,UK090,2026-03-31 11:37:36.952,CONFIRMED,21D,Vistara,HYD,MAA,2026-04-17 14:44:41.702,2026-04-17 17:24:41.702,160.0,2.6666666666666665,160.0,0.0,Valid,,,,Sai,Gupta,26,M,66**********,+9************,sa**********************,Unknown,18-30,2026-03
B1995,a7885c0bc0f34d98302ce80a22db1f2e36eece420268def71da508cb274e2f65,SJ005,2025-11-20 11:37:36.952,CANCELLED,11C,SpiceJet,DEL,MAA,2026-04-17 16:03:41.701,2026-04-17 17:24:41.701,81.0,1.35,81.0,0.0,Valid,,,,Riya,Verma,29,F,13**********,+9************,ri******************,Unknown,18-30,2025-11
B1996,ce67dbcfa56c14cf28b1fa6f7aa2fd32ec5afdd38c0115d7968aacde47d34093,UK106,2025-08-08 11:37:36.952,CANCELLED,27E,Vistara,BOM,CCU,2026-04-17 15:12:41.702,2026-04-17 17:23:41.702,131.0,2.183333333333333,131.0,0.0,Valid,PAY1075,10358.84,UPI,Saanvi,Sharma,69,M,43**********,+9************,sa***********************,Unknown,60+,2025-08
B1997,5c67efc01eb595f27aba409d16d77d677572da560aa9687a3dd588f0763782dd,6F223,2025-05-03 11:37:36.952,PENDING,27B,IndiGo,MAA,BLR,2026-04-17 16:47:41.704,2026-04-17 17:21:41.704,34.0,0.5666666666666667,34.0,0.0,Valid,PAY1387,,UPI,Ananya,Verma,23,M,16**********,+9************,an**********************,Unknown,18-30,2025-05
B1997,5c67efc01eb595f27aba409d16d77d677572da560aa9687a3dd588f0763782dd,6F223,2025-05-03 11:37:36.952,PENDING,27B,IndiGo,MAA,BLR,2026-04-17 16:47:41.704,2026-04-17 17:21:41.704,34.0,0.5666666666666667,34.0,0.0,Valid,PAY1992,,CARD,Ananya,Verma,23,M,16**********,+9************,an**********************,Unknown,18-30,2025-05
B1998,3d2940729fbff8538a600d72d32500444e43f8339fa9e7c8d33d7a7d1f4eb42a,6F011,2025-10-23 11:37:36.952,CONFIRMED,14C,IndiGo,MAA,BLR,2026-04-17 15:16:41.701,2026-04-17 17:16:42.000,120.00498333333333,2.0000830555555553,120.0,0.004983333333328233,Valid,PAY1005,7319.71,CARD,Anika,Nair,75,M,47**********,+9************,an********************,Unknown,60+,2025-10
B1998,3d2940729fbff8538a600d72d32500444e43f8339fa9e7c8d33d7a7d1f4eb42a,6F011,2025-10-23 11:37:36.952,CONFIRMED,14C,IndiGo,MAA,BLR,2026-04-17 15:16:41.701,2026-04-17 17:16:42.000,120.00498333333333,2.0000830555555553,120.0,0.004983333333328233,Valid,PAY1863,11065.89,NETBANKING,Anika,Nair,75,M,47**********,+9************,an********************,Unknown,60+,2025-10
B1999,109ca04420be7bd482269ed2ae4255dcd71241c4ba0ccae0fec8c698ff0eb2ae,UK124,2025-08-08 11:37:36.952,Unknown,12B,Vistara,MAA,BLR,2026-04-17 14:35:41.702,2026-04-17 17:09:41.702,154.0,2.566666666666667,154.0,0.0,Valid,PAY1855,2806.06,NETBANKING,Riya,Iyer,17,F,78*********,+9************,ri*****************,Unknown,Under 18,2025-08
